[{"pk": 1, "model": "contenttypes.contenttype", "fields": {"model": "permission", "name": "permission", "app_label": "auth"}}, {"pk": 2, "model": "contenttypes.contenttype", "fields": {"model": "group", "name": "group", "app_label": "auth"}}, {"pk": 3, "model": "contenttypes.contenttype", "fields": {"model": "contenttype", "name": "content type", "app_label": "contenttypes"}}, {"pk": 4, "model": "contenttypes.contenttype", "fields": {"model": "session", "name": "session", "app_label": "sessions"}}, {"pk": 5, "model": "contenttypes.contenttype", "fields": {"model": "logentry", "name": "log entry", "app_label": "admin"}}, {"pk": 6, "model": "contenttypes.contenttype", "fields": {"model": "version", "name": "version", "app_label": "django_evolution"}}, {"pk": 7, "model": "contenttypes.contenttype", "fields": {"model": "evolution", "name": "evolution", "app_label": "django_evolution"}}, {"pk": 8, "model": "contenttypes.contenttype", "fields": {"model": "planetstack", "name": "planet stack", "app_label": "core"}}, {"pk": 9, "model": "contenttypes.contenttype", "fields": {"model": "planetstackrole", "name": "planet stack role", "app_label": "core"}}, {"pk": 10, "model": "contenttypes.contenttype", "fields": {"model": "planetstackprivilege", "name": "planet stack privilege", "app_label": "core"}}, {"pk": 11, "model": "contenttypes.contenttype", "fields": {"model": "project", "name": "project", "app_label": "core"}}, {"pk": 12, "model": "contenttypes.contenttype", "fields": {"model": "service", "name": "service", "app_label": "core"}}, {"pk": 13, "model": "contenttypes.contenttype", "fields": {"model": "serviceattribute", "name": "service attribute", "app_label": "core"}}, {"pk": 14, "model": "contenttypes.contenttype", "fields": {"model": "tag", "name": "tag", "app_label": "core"}}, {"pk": 15, "model": "contenttypes.contenttype", "fields": {"model": "role", "name": "role", "app_label": "core"}}, {"pk": 16, "model": "contenttypes.contenttype", "fields": {"model": "site", "name": "site", "app_label": "core"}}, {"pk": 17, "model": "contenttypes.contenttype", "fields": {"model": "siterole", "name": "site role", "app_label": "core"}}, {"pk": 18, "model": "contenttypes.contenttype", "fields": {"model": "siteprivilege", "name": "site privilege", "app_label": "core"}}, {"pk": 19, "model": "contenttypes.contenttype", "fields": {"model": "deployment", "name": "deployment", "app_label": "core"}}, {"pk": 20, "model": "contenttypes.contenttype", "fields": {"model": "deploymentrole", "name": "deployment role", "app_label": "core"}}, {"pk": 21, "model": "contenttypes.contenttype", "fields": {"model": "deploymentprivilege", "name": "deployment privilege", "app_label": "core"}}, {"pk": 22, "model": "contenttypes.contenttype", "fields": {"model": "user", "name": "user", "app_label": "core"}}, {"pk": 23, "model": "contenttypes.contenttype", "fields": {"model": "serviceclass", "name": "service class", "app_label": "core"}}, {"pk": 24, "model": "contenttypes.contenttype", "fields": {"model": "slice", "name": "slice", "app_label": "core"}}, {"pk": 25, "model": "contenttypes.contenttype", "fields": {"model": "slicerole", "name": "slice role", "app_label": "core"}}, {"pk": 26, "model": "contenttypes.contenttype", "fields": {"model": "sliceprivilege", "name": "slice privilege", "app_label": "core"}}, {"pk": 27, "model": "contenttypes.contenttype", "fields": {"model": "image", "name": "image", "app_label": "core"}}, {"pk": 28, "model": "contenttypes.contenttype", "fields": {"model": "node", "name": "node", "app_label": "core"}}, {"pk": 29, "model": "contenttypes.contenttype", "fields": {"model": "serviceresource", "name": "service resource", "app_label": "core"}}, {"pk": 30, "model": "contenttypes.contenttype", "fields": {"model": "slicetag", "name": "slice tag", "app_label": "core"}}, {"pk": 31, "model": "contenttypes.contenttype", "fields": {"model": "sliver", "name": "sliver", "app_label": "core"}}, {"pk": 32, "model": "contenttypes.contenttype", "fields": {"model": "reservation", "name": "reservation", "app_label": "core"}}, {"pk": 33, "model": "contenttypes.contenttype", "fields": {"model": "reservedresource", "name": "reserved resource", "app_label": "core"}}, {"pk": 34, "model": "contenttypes.contenttype", "fields": {"model": "networktemplate", "name": "network template", "app_label": "core"}}, {"pk": 35, "model": "contenttypes.contenttype", "fields": {"model": "network", "name": "network", "app_label": "core"}}, {"pk": 36, "model": "contenttypes.contenttype", "fields": {"model": "networkslice", "name": "network slice", "app_label": "core"}}, {"pk": 37, "model": "contenttypes.contenttype", "fields": {"model": "networksliver", "name": "network sliver", "app_label": "core"}}, {"pk": 38, "model": "contenttypes.contenttype", "fields": {"model": "router", "name": "router", "app_label": "core"}}, {"pk": 39, "model": "contenttypes.contenttype", "fields": {"model": "networkparametertype", "name": "network parameter type", "app_label": "core"}}, {"pk": 40, "model": "contenttypes.contenttype", "fields": {"model": "networkparameter", "name": "network parameter", "app_label": "core"}}, {"pk": 41, "model": "contenttypes.contenttype", "fields": {"model": "hpcservice", "name": "HPC Service", "app_label": "hpc"}}, {"pk": 42, "model": "contenttypes.contenttype", "fields": {"model": "serviceprovider", "name": "service provider", "app_label": "hpc"}}, {"pk": 43, "model": "contenttypes.contenttype", "fields": {"model": "contentprovider", "name": "content provider", "app_label": "hpc"}}, {"pk": 44, "model": "contenttypes.contenttype", "fields": {"model": "originserver", "name": "origin server", "app_label": "hpc"}}, {"pk": 45, "model": "contenttypes.contenttype", "fields": {"model": "cdnprefix", "name": "cdn prefix", "app_label": "hpc"}}, {"pk": 46, "model": "contenttypes.contenttype", "fields": {"model": "requestrouterservice", "name": "Request Router Service", "app_label": "requestrouter"}}, {"pk": 47, "model": "contenttypes.contenttype", "fields": {"model": "clientmap", "name": "client map", "app_label": "requestrouter"}}, {"pk": "1oc9nrwga3biyxgpw7ar5ni35cr6jqs5", "model": "sessions.session", "fields": {"expire_date": "2013-12-11T12:27:47.671Z", "session_data": "NDYyMmU4ZmVlNmIwNjM5MmViNGNmZGNjYzU3NTUzYTZhZTk3YWJlNDqAAn1xAS4="}}, {"pk": "3d1bww6vlx8iovy04xv4zs9u021r2ba1", "model": "sessions.session", "fields": {"expire_date": "2013-12-19T01:21:37.158Z", "session_data": "N2JlYjQzNzVlNTVhN2Y0MTU1MDQ3NzZjZmJlNzIwMGFmMWE2ZDk3OTqAAn1xAShVBGF1dGhxAn1xAyhVCHVzZXJuYW1lcQRYEAAAAHBhZG1pbkB2aWNjaS5vcmdxBVUIcGFzc3dvcmRxBlgFAAAAYWRtaW5xB3VVEl9hdXRoX3VzZXJfYmFja2VuZHEIVSlkamFuZ28uY29udHJpYi5hdXRoLmJhY2tlbmRzLk1vZGVsQmFja2VuZHEJVQ1fYXV0aF91c2VyX2lkcQpLAXUu"}}, {"pk": "3fnuanhljrjp9lvuk9ss6lkkp9y0dab4", "model": "sessions.session", "fields": {"expire_date": "2013-12-19T00:00:54.669Z", "session_data": "N2JlYjQzNzVlNTVhN2Y0MTU1MDQ3NzZjZmJlNzIwMGFmMWE2ZDk3OTqAAn1xAShVBGF1dGhxAn1xAyhVCHVzZXJuYW1lcQRYEAAAAHBhZG1pbkB2aWNjaS5vcmdxBVUIcGFzc3dvcmRxBlgFAAAAYWRtaW5xB3VVEl9hdXRoX3VzZXJfYmFja2VuZHEIVSlkamFuZ28uY29udHJpYi5hdXRoLmJhY2tlbmRzLk1vZGVsQmFja2VuZHEJVQ1fYXV0aF91c2VyX2lkcQpLAXUu"}}, {"pk": "422a9ck3n51tmel61uc72t4xvtgqrgao", "model": "sessions.session", "fields": {"expire_date": "2013-12-18T20:40:11.675Z", "session_data": "YzIzY2QxNmUxMzNkMDBjMDdlMjc0MzNkNWMxZTkzZmEzNDE1ZWIzZTqAAn1xAShVBGF1dGhxAn1xAyhVCHVzZXJuYW1lcQRYDgAAAHNjb3R0QG9ubGFiLnVzcQVVCHBhc3N3b3JkcQZYBwAAAGxldG1laW5xB3VVEl9hdXRoX3VzZXJfYmFja2VuZHEIVSlkamFuZ28uY29udHJpYi5hdXRoLmJhY2tlbmRzLk1vZGVsQmFja2VuZHEJVQ1fYXV0aF91c2VyX2lkcQpLCHUu"}}, {"pk": "ajljwucmv29in9w75b0xd0021ozs1gsh", "model": "sessions.session", "fields": {"expire_date": "2013-12-18T20:46:13.181Z", "session_data": "YzgwYWI2N2IzZGI5Y2RiMWNjNmNlNzUyMTBhZjJhYjU5MDk1ZDc0YTqAAn1xAShVBGF1dGhxAn1xAyhVCHVzZXJuYW1lcQRYDQAAAGFuZHlAb25sYWIudXNxBVUIcGFzc3dvcmRxBlgHAAAAbGV0bWVpbnEHdVUSX2F1dGhfdXNlcl9iYWNrZW5kcQhVKWRqYW5nby5jb250cmliLmF1dGguYmFja2VuZHMuTW9kZWxCYWNrZW5kcQlVDV9hdXRoX3VzZXJfaWRxCksEdS4="}}, {"pk": "c31w31isv4v7f7jw827x7z8gtbmd1b7q", "model": "sessions.session", "fields": {"expire_date": "2013-12-11T07:14:14.624Z", "session_data": "N2JlYjQzNzVlNTVhN2Y0MTU1MDQ3NzZjZmJlNzIwMGFmMWE2ZDk3OTqAAn1xAShVBGF1dGhxAn1xAyhVCHVzZXJuYW1lcQRYEAAAAHBhZG1pbkB2aWNjaS5vcmdxBVUIcGFzc3dvcmRxBlgFAAAAYWRtaW5xB3VVEl9hdXRoX3VzZXJfYmFja2VuZHEIVSlkamFuZ28uY29udHJpYi5hdXRoLmJhY2tlbmRzLk1vZGVsQmFja2VuZHEJVQ1fYXV0aF91c2VyX2lkcQpLAXUu"}}, {"pk": "dd6mhkvajlzdwhh5uj0qkg222osauasz", "model": "sessions.session", "fields": {"expire_date": "2013-12-11T18:17:11.248Z", "session_data": "N2JlYjQzNzVlNTVhN2Y0MTU1MDQ3NzZjZmJlNzIwMGFmMWE2ZDk3OTqAAn1xAShVBGF1dGhxAn1xAyhVCHVzZXJuYW1lcQRYEAAAAHBhZG1pbkB2aWNjaS5vcmdxBVUIcGFzc3dvcmRxBlgFAAAAYWRtaW5xB3VVEl9hdXRoX3VzZXJfYmFja2VuZHEIVSlkamFuZ28uY29udHJpYi5hdXRoLmJhY2tlbmRzLk1vZGVsQmFja2VuZHEJVQ1fYXV0aF91c2VyX2lkcQpLAXUu"}}, {"pk": "e75evxbymm3tjxq9bxqh9rtl1rplud1u", "model": "sessions.session", "fields": {"expire_date": "2013-12-18T20:46:13.545Z", "session_data": "MDE1N2EyNGMxZGVlNWNlMGQ2NDJmYmQwNTg3ZTFkMjk5OTE0ZDZmNjqAAn1xAShVBGF1dGhxAn1xAyhVCHVzZXJuYW1lcQRYDgAAAHNhcGFuQG9ubGFiLnVzcQVVCHBhc3N3b3JkcQZYBwAAAGxldG1laW5xB3VVEl9hdXRoX3VzZXJfYmFja2VuZHEIVSlkamFuZ28uY29udHJpYi5hdXRoLmJhY2tlbmRzLk1vZGVsQmFja2VuZHEJVQ1fYXV0aF91c2VyX2lkcQpLBXUu"}}, {"pk": "erzc6hg76y5l9hbt4k5a9scsz4kxtm9u", "model": "sessions.session", "fields": {"expire_date": "2013-12-18T20:37:31.807Z", "session_data": "MDQ5NDAxY2YyMTM2ZjQyZjMxZjc0NWU5Mjk1MTI4MGVhN2VkZTMyMTqAAn1xAShVBGF1dGhxAn1xAyhVCHVzZXJuYW1lcQRYDgAAAGxhcnJ5QG9ubGFiLnVzcQVVCHBhc3N3b3JkcQZYBwAAAGxldG1laW5xB3VVEl9hdXRoX3VzZXJfYmFja2VuZHEIVSlkamFuZ28uY29udHJpYi5hdXRoLmJhY2tlbmRzLk1vZGVsQmFja2VuZHEJVQ1fYXV0aF91c2VyX2lkcQpLB3Uu"}}, {"pk": "fvywb9dat4ef30pt5lsz4sxjawvigroy", "model": "sessions.session", "fields": {"expire_date": "2013-12-11T09:22:56.180Z", "session_data": "N2JlYjQzNzVlNTVhN2Y0MTU1MDQ3NzZjZmJlNzIwMGFmMWE2ZDk3OTqAAn1xAShVBGF1dGhxAn1xAyhVCHVzZXJuYW1lcQRYEAAAAHBhZG1pbkB2aWNjaS5vcmdxBVUIcGFzc3dvcmRxBlgFAAAAYWRtaW5xB3VVEl9hdXRoX3VzZXJfYmFja2VuZHEIVSlkamFuZ28uY29udHJpYi5hdXRoLmJhY2tlbmRzLk1vZGVsQmFja2VuZHEJVQ1fYXV0aF91c2VyX2lkcQpLAXUu"}}, {"pk": "gevzzl805i0tzsd7dvfldbv8vnn3a2cc", "model": "sessions.session", "fields": {"expire_date": "2013-12-10T12:37:05.271Z", "session_data": "N2JlYjQzNzVlNTVhN2Y0MTU1MDQ3NzZjZmJlNzIwMGFmMWE2ZDk3OTqAAn1xAShVBGF1dGhxAn1xAyhVCHVzZXJuYW1lcQRYEAAAAHBhZG1pbkB2aWNjaS5vcmdxBVUIcGFzc3dvcmRxBlgFAAAAYWRtaW5xB3VVEl9hdXRoX3VzZXJfYmFja2VuZHEIVSlkamFuZ28uY29udHJpYi5hdXRoLmJhY2tlbmRzLk1vZGVsQmFja2VuZHEJVQ1fYXV0aF91c2VyX2lkcQpLAXUu"}}, {"pk": "kbz9qixejqnd1aqx7bclk3n8ptky82hu", "model": "sessions.session", "fields": {"expire_date": "2013-12-18T20:46:15.913Z", "session_data": "MmJmZTkzOTMxNGUzNzdmOGRmMzdjZjUzOGZlMGVlMDA1ZDMwZDJhYTqAAn1xAShVBGF1dGhxAn1xAyhVCHVzZXJuYW1lcQRYDQAAAG1pa2VAb25sYWIudXNxBVUIcGFzc3dvcmRxBlgHAAAAbGV0bWVpbnEHdVUSX2F1dGhfdXNlcl9iYWNrZW5kcQhVKWRqYW5nby5jb250cmliLmF1dGguYmFja2VuZHMuTW9kZWxCYWNrZW5kcQlVDV9hdXRoX3VzZXJfaWRxCksDdS4="}}, {"pk": "qtarzu8915z82h1pn4902e7m0c25ipxx", "model": "sessions.session", "fields": {"expire_date": "2013-12-18T20:39:56.648Z", "session_data": "ODkyYjY3NjI1ZDk2YzQzOWY4NWYzNjVlNWFhNGI3NzkwNjU5Y2I5NDqAAn1xAShVBGF1dGhxAn1xAyhVCHVzZXJuYW1lcQRYDQAAAHRvbnlAb25sYWIudXNxBVUIcGFzc3dvcmRxBlgHAAAAbGV0bWVpbnEHdVUSX2F1dGhfdXNlcl9iYWNrZW5kcQhVKWRqYW5nby5jb250cmliLmF1dGguYmFja2VuZHMuTW9kZWxCYWNrZW5kcQlVDV9hdXRoX3VzZXJfaWRxCksCdS4="}}, {"pk": 1, "model": "django_evolution.version", "fields": {"when": "2013-11-26T12:36:49.854Z", "signature": "(dp1\nS'core'\np2\nccopy_reg\n_reconstructor\np3\n(cdjango.utils.datastructures\nSortedDict\np4\nc__builtin__\ndict\np5\n(dp6\nS'Slice'\np7\n(dp8\nS'fields'\np9\n(dp10\nS'router_id'\np11\n(dp12\nS'max_length'\np13\nI256\nsS'field_type'\np14\ncdjango.db.models.fields\nCharField\np15\nsS'null'\np16\nI01\nssS'updated'\np17\n(dp18\ng14\ncdjango.db.models.fields\nDateTimeField\np19\nssS'name'\np20\n(dp21\ng13\nI80\nsg14\ng15\nsS'unique'\np22\nI01\nssS'service'\np23\n(dp24\ng14\ncdjango.db.models.fields.related\nForeignKey\np25\nsg16\nI01\nsS'related_model'\np26\nS'core.Service'\np27\nssS'created'\np28\n(dp29\ng14\ng19\nssS'network_id'\np30\n(dp31\ng13\nI256\nsg14\ng15\nsg16\nI01\nssS'tenant_id'\np32\n(dp33\ng14\ng15\nsg13\nI200\nssS'serviceClass'\np34\n(dp35\ng14\ng25\nsg16\nI01\nsg26\nS'core.ServiceClass'\np36\nssS'enabled'\np37\n(dp38\ng14\ncdjango.db.models.fields\nBooleanField\np39\nssS'site'\np40\n(dp41\ng14\ng25\nsg26\nS'core.Site'\np42\nssS'omf_friendly'\np43\n(dp44\ng14\ng39\nssS'subnet_id'\np45\n(dp46\ng13\nI256\nsg14\ng15\nsg16\nI01\nssS'slice_url'\np47\n(dp48\ng14\ncdjango.db.models.fields\nURLField\np49\nsg13\nI512\nssS'creator'\np50\n(dp51\ng14\ng25\nsg16\nI01\nsg26\nS'core.User'\np52\nssVid\np53\n(dp54\ng14\ncdjango.db.models.fields\nAutoField\np55\nsS'primary_key'\np56\nI01\nssS'description'\np57\n(dp58\ng14\ncdjango.db.models.fields\nTextField\np59\nsg13\nI1024\nsssS'meta'\np60\n(dp61\nS'unique_together'\np62\n(lp63\nsS'db_table'\np64\nVcore_slice\np65\nsS'db_tablespace'\np66\nS''\nsS'pk_column'\np67\ng53\nsssS'Network'\np68\n(dp69\ng9\n(dp70\ng11\n(dp71\ng13\nI256\nsg14\ng15\nsg16\nI01\nssS'subnet'\np72\n(dp73\ng14\ng15\nsg13\nI32\nssg17\n(dp74\ng14\ng19\nssg45\n(dp75\ng13\nI256\nsg14\ng15\nsg16\nI01\nssg20\n(dp76\ng14\ng15\nsg13\nI32\nssg28\n(dp77\ng14\ng19\nssS'permitAllSlices'\np78\n(dp79\ng14\ng39\nssS'permittedSlices'\np80\n(dp81\ng14\ncdjango.db.models.fields.related\nManyToManyField\np82\nsg26\nS'core.Slice'\np83\nssS'labels'\np84\n(dp85\ng13\nI1024\nsg14\ng15\nsg16\nI01\nssS'guaranteedBandwidth'\np86\n(dp87\ng14\ncdjango.db.models.fields\nIntegerField\np88\nssS'ports'\np89\n(dp90\ng13\nI1024\nsg14\ng15\nsg16\nI01\nssg30\n(dp91\ng13\nI256\nsg14\ng15\nsg16\nI01\nssS'template'\np92\n(dp93\ng14\ng25\nsg26\nS'core.NetworkTemplate'\np94\nssS'owner'\np95\n(dp96\ng14\ng25\nsg26\nS'core.Slice'\np97\nssg53\n(dp98\ng14\ng55\nsg56\nI01\nssS'slices'\np99\n(dp100\ng14\ng82\nsg26\nS'core.Slice'\np101\nssS'slivers'\np102\n(dp103\ng14\ng82\nsg26\nS'core.Sliver'\np104\nsssg60\n(dp105\ng62\n(lp106\nsg64\nVcore_network\np107\nsg66\nS''\nsg67\ng53\nsssS'Service'\np108\n(dp109\ng9\n(dp110\ng17\n(dp111\ng14\ng19\nssg57\n(dp112\ng13\nI254\nsg14\ng59\nsg16\nI01\nssg28\n(dp113\ng14\ng19\nssg37\n(dp114\ng14\ng39\nssS'versionNumber'\np115\n(dp116\ng14\ng15\nsg13\nI30\nssS'published'\np117\n(dp118\ng14\ng39\nssg53\n(dp119\ng14\ng55\nsg56\nI01\nssg20\n(dp120\ng14\ng15\nsg13\nI30\nsssg60\n(dp121\ng62\n(lp122\nsg64\nVcore_service\np123\nsg66\nS''\nsg67\ng53\nsssS'NetworkParameterType'\np124\n(dp125\ng9\n(dp126\ng17\n(dp127\ng14\ng19\nssg57\n(dp128\ng14\ng15\nsg13\nI1024\nssg53\n(dp129\ng14\ng55\nsg56\nI01\nssg20\n(dp130\ng14\ncdjango.db.models.fields\nSlugField\np131\nsg13\nI128\nsS'db_index'\np132\nI01\nssg28\n(dp133\ng14\ng19\nsssg60\n(dp134\ng62\n(lp135\nsg64\nVcore_networkparametertype\np136\nsg66\nS''\nsg67\ng53\nsssS'ReservedResource'\np137\n(dp138\ng9\n(dp139\ng17\n(dp140\ng14\ng19\nssS'resource'\np141\n(dp142\ng14\ng25\nsg26\nS'core.ServiceResource'\np143\nssg28\n(dp144\ng14\ng19\nssS'reservationSet'\np145\n(dp146\ng14\ng25\nsg26\nS'core.Reservation'\np147\nssS'quantity'\np148\n(dp149\ng14\ng88\nssg53\n(dp150\ng14\ng55\nsg56\nI01\nssS'sliver'\np151\n(dp152\ng14\ng25\nsg26\nS'core.Sliver'\np153\nsssg60\n(dp154\ng62\n(lp155\nsg64\nVcore_reservedresource\np156\nsg66\nS''\nsg67\ng53\nsssS'NetworkSlice'\np157\n(dp158\ng9\n(dp159\nS'network'\np160\n(dp161\ng14\ng25\nsg26\nS'core.Network'\np162\nssg17\n(dp163\ng14\ng19\nssS'slice'\np164\n(dp165\ng14\ng25\nsg26\nS'core.Slice'\np166\nssg53\n(dp167\ng14\ng55\nsg56\nI01\nssg28\n(dp168\ng14\ng19\nsssg60\n(dp169\ng62\n(lp170\nsg64\nVcore_networkslice\np171\nsg66\nS''\nsg67\ng53\nsssS'Role'\np172\n(dp173\ng9\n(dp174\ng17\n(dp175\ng14\ng19\nssg57\n(dp176\ng14\ng15\nsg13\nI120\nssg28\n(dp177\ng14\ng19\nssS'content_type'\np178\n(dp179\ng14\ng25\nsg26\nVcontenttypes.ContentType\np180\nssg53\n(dp181\ng14\ng55\nsg56\nI01\nssS'role_type'\np182\n(dp183\ng14\ng15\nsg13\nI80\nsssg60\n(dp184\ng62\n(lp185\nsg64\nVcore_role\np186\nsg66\nS''\nsg67\ng53\nsssS'SlicePrivilege'\np187\n(dp188\ng9\n(dp189\ng17\n(dp190\ng14\ng19\nssg164\n(dp191\ng14\ng25\nsg26\nS'core.Slice'\np192\nssg28\n(dp193\ng14\ng19\nssS'role'\np194\n(dp195\ng14\ng25\nsg26\nS'core.SliceRole'\np196\nssS'user'\np197\n(dp198\ng14\ng25\nsg26\nS'core.User'\np199\nssg53\n(dp200\ng14\ng55\nsg56\nI01\nsssg60\n(dp201\ng62\n(lp202\nsg64\nVcore_sliceprivilege\np203\nsg66\nS''\nsg67\ng53\nsssS'PlanetStack'\np204\n(dp205\ng9\n(dp206\ng17\n(dp207\ng14\ng19\nssg57\n(dp208\ng13\nI200\nsg14\ng15\nsg22\nI01\nssg53\n(dp209\ng14\ng55\nsg56\nI01\nssg28\n(dp210\ng14\ng19\nsssg60\n(dp211\ng62\n(lp212\nsg64\nVcore_planetstack\np213\nsg66\nS''\nsg67\ng53\nsssS'Sliver'\np214\n(dp215\ng9\n(dp216\nS'node'\np217\n(dp218\ng14\ng25\nsg26\nS'core.Node'\np219\nssS'instance_name'\np220\n(dp221\ng13\nI200\nsg14\ng15\nsg16\nI01\nssg17\n(dp222\ng14\ng19\nssg164\n(dp223\ng14\ng25\nsg26\nS'core.Slice'\np224\nssS'deploymentNetwork'\np225\n(dp226\ng14\ng25\nsg26\nS'core.Deployment'\np227\nssg20\n(dp228\ng14\ng15\nsg13\nI200\nssg28\n(dp229\ng14\ng19\nssS'ip'\np230\n(dp231\ng13\nI39\nsg14\ncdjango.db.models.fields\nGenericIPAddressField\np232\nsg16\nI01\nssS'image'\np233\n(dp234\ng14\ng25\nsg26\nS'core.Image'\np235\nssg50\n(dp236\ng14\ng25\nsg16\nI01\nsg26\nS'core.User'\np237\nssS'numberCores'\np238\n(dp239\ng14\ng88\nssS'instance_id'\np240\n(dp241\ng13\nI200\nsg14\ng15\nsg16\nI01\nssg53\n(dp242\ng14\ng55\nsg56\nI01\nsssg60\n(dp243\ng62\n(lp244\nsg64\nVcore_sliver\np245\nsg66\nS''\nsg67\ng53\nsssS'Node'\np246\n(dp247\ng9\n(dp248\ng17\n(dp249\ng14\ng19\nssg20\n(dp250\ng13\nI200\nsg14\ng15\nsg22\nI01\nssg28\n(dp251\ng14\ng19\nssg40\n(dp252\ng14\ng25\nsg26\nS'core.Site'\np253\nssS'deployment'\np254\n(dp255\ng14\ng25\nsg26\nS'core.Deployment'\np256\nssg53\n(dp257\ng14\ng55\nsg56\nI01\nsssg60\n(dp258\ng62\n(lp259\nsg64\nVcore_node\np260\nsg66\nS''\nsg67\ng53\nsssS'Tag'\np261\n(dp262\ng9\n(dp263\ng17\n(dp264\ng14\ng19\nssg20\n(dp265\ng14\ng131\nsg13\nI128\nsg132\nI01\nssg23\n(dp266\ng14\ng25\nsg26\nS'core.Service'\np267\nssg28\n(dp268\ng14\ng19\nssS'value'\np269\n(dp270\ng14\ng15\nsg13\nI1024\nssS'object_id'\np271\n(dp272\ng14\ncdjango.db.models.fields\nPositiveIntegerField\np273\nssg178\n(dp274\ng14\ng25\nsg26\nVcontenttypes.ContentType\np275\nssg53\n(dp276\ng14\ng55\nsg56\nI01\nsssg60\n(dp277\ng62\n(lp278\nsg64\nVcore_tag\np279\nsg66\nS''\nsg67\ng53\nsssS'User'\np280\n(dp281\ng9\n(dp282\nS'username'\np283\n(dp284\ng14\ng15\nsg13\nI255\nssS'public_key'\np285\n(dp286\ng13\nI1024\nsg14\ng59\nsg16\nI01\nssg17\n(dp287\ng14\ng19\nssS'firstname'\np288\n(dp289\ng14\ng15\nsg13\nI200\nssS'user_url'\np290\n(dp291\ng13\nI200\nsg14\ng49\nsg16\nI01\nssS'lastname'\np292\n(dp293\ng14\ng15\nsg13\nI200\nssg28\n(dp294\ng14\ng19\nssS'is_active'\np295\n(dp296\ng14\ng39\nssg40\n(dp297\ng14\ng25\nsg16\nI01\nsg26\nS'core.Site'\np298\nssS'email'\np299\n(dp300\ng13\nI255\nsg14\ncdjango.db.models.fields\nEmailField\np301\nsg22\nI01\nsg132\nI01\nssS'phone'\np302\n(dp303\ng13\nI100\nsg14\ng15\nsg16\nI01\nssS'kuser_id'\np304\n(dp305\ng13\nI200\nsg14\ng15\nsg16\nI01\nssS'is_staff'\np306\n(dp307\ng14\ng39\nssS'last_login'\np308\n(dp309\ng14\ng19\nssS'timezone'\np310\n(dp311\ng14\nctimezones.fields\nTimeZoneField\np312\nsg13\nI100\nssS'is_admin'\np313\n(dp314\ng14\ng39\nssS'password'\np315\n(dp316\ng14\ng15\nsg13\nI128\nssg53\n(dp317\ng14\ng55\nsg56\nI01\nssS'enacted'\np318\n(dp319\ng14\ng19\nsg16\nI01\nsssg60\n(dp320\ng62\n(lp321\nsg64\nVcore_user\np322\nsg66\nS''\nsg67\ng53\nsssS'SliceTag'\np323\n(dp324\ng9\n(dp325\ng17\n(dp326\ng14\ng19\nssg164\n(dp327\ng14\ng25\nsg26\nS'core.Slice'\np328\nssg20\n(dp329\ng14\ng15\nsg13\nI30\nssg28\n(dp330\ng14\ng19\nssg269\n(dp331\ng14\ng15\nsg13\nI1024\nssg53\n(dp332\ng14\ng55\nsg56\nI01\nsssg60\n(dp333\ng62\n(lp334\nsg64\nVcore_slicetag\np335\nsg66\nS''\nsg67\ng53\nsssS'Deployment'\np336\n(dp337\ng9\n(dp338\ng17\n(dp339\ng14\ng19\nssg53\n(dp340\ng14\ng55\nsg56\nI01\nssg20\n(dp341\ng13\nI200\nsg14\ng15\nsg22\nI01\nssg28\n(dp342\ng14\ng19\nsssg60\n(dp343\ng62\n(lp344\nsg64\nVcore_deployment\np345\nsg66\nS''\nsg67\ng53\nsssS'PlanetStackRole'\np346\n(dp347\ng9\n(dp348\ng17\n(dp349\ng14\ng19\nssg194\n(dp350\ng13\nI30\nsg14\ng15\nsg22\nI01\nssg53\n(dp351\ng14\ng55\nsg56\nI01\nssg28\n(dp352\ng14\ng19\nsssg60\n(dp353\ng62\n(lp354\nsg64\nVcore_planetstackrole\np355\nsg66\nS''\nsg67\ng53\nsssS'ServiceResource'\np356\n(dp357\ng9\n(dp358\ng17\n(dp359\ng14\ng19\nssg20\n(dp360\ng14\ng15\nsg13\nI32\nssS'bucketMaxSize'\np361\n(dp362\ng14\ng88\nssg28\n(dp363\ng14\ng19\nssS'bucketInRate'\np364\n(dp365\ng14\ng88\nssg34\n(dp366\ng14\ng25\nsg26\nS'core.ServiceClass'\np367\nssS'maxUnitsDeployment'\np368\n(dp369\ng14\ng88\nssS'maxDuration'\np370\n(dp371\ng14\ng88\nssS'cost'\np372\n(dp373\ng14\ng88\nssS'calendarReservable'\np374\n(dp375\ng14\ng39\nssg53\n(dp376\ng14\ng55\nsg56\nI01\nssS'maxUnitsNode'\np377\n(dp378\ng14\ng88\nsssg60\n(dp379\ng62\n(lp380\nsg64\nVcore_serviceresource\np381\nsg66\nS''\nsg67\ng53\nsssS'ServiceAttribute'\np382\n(dp383\ng9\n(dp384\ng17\n(dp385\ng14\ng19\nssg20\n(dp386\ng14\ng131\nsg13\nI128\nsg132\nI01\nssg23\n(dp387\ng14\ng25\nsg26\nS'core.Service'\np388\nssg28\n(dp389\ng14\ng19\nssg269\n(dp390\ng14\ng15\nsg13\nI1024\nssg53\n(dp391\ng14\ng55\nsg56\nI01\nsssg60\n(dp392\ng62\n(lp393\nsg64\nVcore_serviceattribute\np394\nsg66\nS''\nsg67\ng53\nsssS'NetworkTemplate'\np395\n(dp396\ng9\n(dp397\ng86\n(dp398\ng14\ng88\nssg57\n(dp399\ng13\nI1024\nsg14\ng15\nsg16\nI01\nssg28\n(dp400\ng14\ng19\nssS'sharedNetworkName'\np401\n(dp402\ng13\nI30\nsg14\ng15\nsg16\nI01\nssg17\n(dp403\ng14\ng19\nssS'visibility'\np404\n(dp405\ng14\ng15\nsg13\nI30\nssS'translation'\np406\n(dp407\ng14\ng15\nsg13\nI30\nssS'sharedNetworkId'\np408\n(dp409\ng13\nI256\nsg14\ng15\nsg16\nI01\nssg53\n(dp410\ng14\ng55\nsg56\nI01\nssg20\n(dp411\ng14\ng15\nsg13\nI32\nsssg60\n(dp412\ng62\n(lp413\nsg64\nVcore_networktemplate\np414\nsg66\nS''\nsg67\ng53\nsssS'SliceRole'\np415\n(dp416\ng9\n(dp417\ng17\n(dp418\ng14\ng19\nssg194\n(dp419\ng13\nI30\nsg14\ng15\nsg22\nI01\nssg53\n(dp420\ng14\ng55\nsg56\nI01\nssg28\n(dp421\ng14\ng19\nsssg60\n(dp422\ng62\n(lp423\nsg64\nVcore_slicerole\np424\nsg66\nS''\nsg67\ng53\nsssS'Project'\np425\n(dp426\ng9\n(dp427\ng17\n(dp428\ng14\ng19\nssg53\n(dp429\ng14\ng55\nsg56\nI01\nssg20\n(dp430\ng13\nI200\nsg14\ng15\nsg22\nI01\nssg28\n(dp431\ng14\ng19\nsssg60\n(dp432\ng62\n(lp433\nsg64\nVcore_project\np434\nsg66\nS''\nsg67\ng53\nsssS'Reservation'\np435\n(dp436\ng9\n(dp437\ng17\n(dp438\ng14\ng19\nssg164\n(dp439\ng14\ng25\nsg26\nS'core.Slice'\np440\nssg28\n(dp441\ng14\ng19\nssS'startTime'\np442\n(dp443\ng14\ng19\nssS'duration'\np444\n(dp445\ng14\ng88\nssg53\n(dp446\ng14\ng55\nsg56\nI01\nsssg60\n(dp447\ng62\n(lp448\nsg64\nVcore_reservation\np449\nsg66\nS''\nsg67\ng53\nsssS'Router'\np450\n(dp451\ng9\n(dp452\ng17\n(dp453\ng14\ng19\nssg20\n(dp454\ng14\ng15\nsg13\nI32\nssg28\n(dp455\ng14\ng19\nssS'networks'\np456\n(dp457\ng14\ng82\nsg26\nS'core.Network'\np458\nssS'permittedNetworks'\np459\n(dp460\ng14\ng82\nsg26\nS'core.Network'\np461\nssg95\n(dp462\ng14\ng25\nsg26\nS'core.Slice'\np463\nssg53\n(dp464\ng14\ng55\nsg56\nI01\nsssg60\n(dp465\ng62\n(lp466\nsg64\nVcore_router\np467\nsg66\nS''\nsg67\ng53\nsssS'NetworkSliver'\np468\n(dp469\ng9\n(dp470\ng17\n(dp471\ng14\ng19\nssg160\n(dp472\ng14\ng25\nsg26\nS'core.Network'\np473\nssg28\n(dp474\ng14\ng19\nssg230\n(dp475\ng13\nI39\nsg14\ng232\nsg16\nI01\nssS'port_id'\np476\n(dp477\ng13\nI256\nsg14\ng15\nsg16\nI01\nssg53\n(dp478\ng14\ng55\nsg56\nI01\nssg151\n(dp479\ng14\ng25\nsg26\nS'core.Sliver'\np480\nsssg60\n(dp481\ng62\n(lp482\nsg64\nVcore_networksliver\np483\nsg66\nS''\nsg67\ng53\nsssS'SitePrivilege'\np484\n(dp485\ng9\n(dp486\ng17\n(dp487\ng14\ng19\nssg28\n(dp488\ng14\ng19\nssg40\n(dp489\ng14\ng25\nsg26\nS'core.Site'\np490\nssg194\n(dp491\ng14\ng25\nsg26\nS'core.SiteRole'\np492\nssg197\n(dp493\ng14\ng25\nsg26\nS'core.User'\np494\nssg53\n(dp495\ng14\ng55\nsg56\nI01\nsssg60\n(dp496\ng62\n(lp497\nsg64\nVcore_siteprivilege\np498\nsg66\nS''\nsg67\ng53\nsssS'SiteRole'\np499\n(dp500\ng9\n(dp501\ng17\n(dp502\ng14\ng19\nssg194\n(dp503\ng13\nI30\nsg14\ng15\nsg22\nI01\nssg53\n(dp504\ng14\ng55\nsg56\nI01\nssg28\n(dp505\ng14\ng19\nsssg60\n(dp506\ng62\n(lp507\nsg64\nVcore_siterole\np508\nsg66\nS''\nsg67\ng53\nsssS'NetworkParameter'\np509\n(dp510\ng9\n(dp511\ng17\n(dp512\ng14\ng19\nssg28\n(dp513\ng14\ng19\nssg269\n(dp514\ng14\ng15\nsg13\nI1024\nssg271\n(dp515\ng14\ng273\nssg178\n(dp516\ng14\ng25\nsg26\nVcontenttypes.ContentType\np517\nssS'parameter'\np518\n(dp519\ng14\ng25\nsg26\nS'core.NetworkParameterType'\np520\nssg53\n(dp521\ng14\ng55\nsg56\nI01\nsssg60\n(dp522\ng62\n(lp523\nsg64\nVcore_networkparameter\np524\nsg66\nS''\nsg67\ng53\nsssS'DeploymentPrivilege'\np525\n(dp526\ng9\n(dp527\ng17\n(dp528\ng14\ng19\nssg28\n(dp529\ng14\ng19\nssg194\n(dp530\ng14\ng25\nsg26\nS'core.DeploymentRole'\np531\nssg197\n(dp532\ng14\ng25\nsg26\nS'core.User'\np533\nssg254\n(dp534\ng14\ng25\nsg26\nS'core.Deployment'\np535\nssg53\n(dp536\ng14\ng55\nsg56\nI01\nsssg60\n(dp537\ng62\n(lp538\nsg64\nVcore_deploymentprivilege\np539\nsg66\nS''\nsg67\ng53\nsssS'Image'\np540\n(dp541\ng9\n(dp542\ng17\n(dp543\ng14\ng19\nssg20\n(dp544\ng13\nI256\nsg14\ng15\nsg22\nI01\nssg28\n(dp545\ng14\ng19\nssS'container_format'\np546\n(dp547\ng14\ng15\nsg13\nI256\nssS'disk_format'\np548\n(dp549\ng14\ng15\nsg13\nI256\nssS'image_id'\np550\n(dp551\ng13\nI256\nsg14\ng15\nsg22\nI01\nssg53\n(dp552\ng14\ng55\nsg56\nI01\nsssg60\n(dp553\ng62\n(lp554\nsg64\nVcore_image\np555\nsg66\nS''\nsg67\ng53\nsssS'ServiceClass'\np556\n(dp557\ng9\n(dp558\ng17\n(dp559\ng14\ng19\nssS'membershipFee'\np560\n(dp561\ng14\ng88\nssg57\n(dp562\ng14\ng15\nsg13\nI255\nssS'membershipFeeMonths'\np563\n(dp564\ng14\ng88\nssg28\n(dp565\ng14\ng19\nssS'upgradeFrom'\np566\n(dp567\ng14\ng82\nsg16\nI01\nsg26\nS'core.ServiceClass'\np568\nssS'commitment'\np569\n(dp570\ng14\ng88\nssg53\n(dp571\ng14\ng55\nsg56\nI01\nssS'upgradeRequiresApproval'\np572\n(dp573\ng14\ng39\nssg20\n(dp574\ng14\ng15\nsg13\nI32\nsssg60\n(dp575\ng62\n(lp576\nsg64\nVcore_serviceclass\np577\nsg66\nS''\nsg67\ng53\nsssS'Site'\np578\n(dp579\ng9\n(dp580\nS'abbreviated_name'\np581\n(dp582\ng14\ng15\nsg13\nI80\nssg17\n(dp583\ng14\ng19\nssg20\n(dp584\ng14\ng15\nsg13\nI200\nssg28\n(dp585\ng14\ng19\nssg32\n(dp586\ng13\nI200\nsg14\ng15\nsg16\nI01\nssg37\n(dp587\ng14\ng39\nssS'longitude'\np588\n(dp589\ng14\ncdjango.db.models.fields\nFloatField\np590\nsg16\nI01\nssS'site_url'\np591\n(dp592\ng13\nI512\nsg14\ng49\nsg16\nI01\nssS'login_base'\np593\n(dp594\ng13\nI50\nsg14\ng15\nsg22\nI01\nssS'location'\np595\n(dp596\ng14\ncgeoposition.fields\nGeopositionField\np597\nsg13\nI42\nssS'latitude'\np598\n(dp599\ng14\ng590\nsg16\nI01\nssS'is_public'\np600\n(dp601\ng14\ng39\nssS'deployments'\np602\n(dp603\ng14\ng82\nsg16\nI01\nsg26\nS'core.Deployment'\np604\nssg53\n(dp605\ng14\ng55\nsg56\nI01\nsssg60\n(dp606\ng62\n(lp607\nsg64\nVcore_site\np608\nsg66\nS''\nsg67\ng53\nsssS'DeploymentRole'\np609\n(dp610\ng9\n(dp611\ng17\n(dp612\ng14\ng19\nssg194\n(dp613\ng13\nI30\nsg14\ng15\nsg22\nI01\nssg53\n(dp614\ng14\ng55\nsg56\nI01\nssg28\n(dp615\ng14\ng19\nsssg60\n(dp616\ng62\n(lp617\nsg64\nVcore_deploymentrole\np618\nsg66\nS''\nsg67\ng53\nsssS'PlanetStackPrivilege'\np619\n(dp620\ng9\n(dp621\ng17\n(dp622\ng14\ng19\nssg28\n(dp623\ng14\ng19\nssg53\n(dp624\ng14\ng55\nsg56\nI01\nssg194\n(dp625\ng14\ng25\nsg26\nS'core.PlanetStackRole'\np626\nssg197\n(dp627\ng14\ng25\nsg26\nS'core.User'\np628\nssS'planetstack'\np629\n(dp630\ng14\ng25\nsg26\nS'core.PlanetStack'\np631\nsssg60\n(dp632\ng62\n(lp633\nsg64\nVcore_planetstackprivilege\np634\nsg66\nS''\nsg67\ng53\nssstRp635\n(dp636\nS'keyOrder'\np637\n(lp638\ng204\nag346\nag619\nag425\nag108\nag382\nag261\nag172\nag578\nag499\nag484\nag336\nag609\nag525\nag280\nag556\nag7\nag415\nag187\nag540\nag246\nag356\nag323\nag214\nag435\nag137\nag395\nag68\nag157\nag468\nag450\nag124\nag509\nasbsS'sessions'\np639\ng3\n(g4\ng5\n(dp640\nS'Session'\np641\n(dp642\ng9\n(dp643\nS'session_key'\np644\n(dp645\ng14\ng15\nsg13\nI40\nsg56\nI01\nssS'expire_date'\np646\n(dp647\ng14\ng19\nsg132\nI01\nssS'session_data'\np648\n(dp649\ng14\ng59\nsssg60\n(dp650\ng62\n(lp651\nsg64\nS'django_session'\np652\nsg66\nS''\nsg67\ng644\nssstRp653\n(dp654\ng637\n(lp655\ng641\nasbsS'staticfiles'\np656\ng3\n(g4\ng5\n(dtRp657\n(dp658\ng637\n(lp659\nsbsS'admindocs'\np660\ng3\n(g4\ng5\n(dtRp661\n(dp662\ng637\n(lp663\nsbsS'django_evolution'\np664\ng3\n(g4\ng5\n(dp665\nS'Evolution'\np666\n(dp667\ng9\n(dp668\nS'label'\np669\n(dp670\ng14\ng15\nsg13\nI100\nssS'version'\np671\n(dp672\ng14\ng25\nsg26\nVdjango_evolution.Version\np673\nssg53\n(dp674\ng14\ng55\nsg56\nI01\nssS'app_label'\np675\n(dp676\ng14\ng15\nsg13\nI200\nsssg60\n(dp677\ng62\n(lp678\nsg64\nS'django_evolution'\np679\nsg66\nS''\nsg67\ng53\nsssS'Version'\np680\n(dp681\ng9\n(dp682\nS'when'\np683\n(dp684\ng14\ng19\nssg53\n(dp685\ng14\ng55\nsg56\nI01\nssS'signature'\np686\n(dp687\ng14\ng59\nsssg60\n(dp688\ng62\n(lp689\nsg64\nS'django_project_version'\np690\nsg66\nS''\nsg67\ng53\nssstRp691\n(dp692\ng637\n(lp693\ng680\nag666\nasbsS'messages'\np694\ng3\n(g4\ng5\n(dtRp695\n(dp696\ng637\n(lp697\nsbsS'auth'\np698\ng3\n(g4\ng5\n(dp699\nS'Group'\np700\n(dp701\ng9\n(dp702\nS'permissions'\np703\n(dp704\ng14\ng82\nsg26\nVauth.Permission\np705\nssg53\n(dp706\ng14\ng55\nsg56\nI01\nssg20\n(dp707\ng13\nI80\nsg14\ng15\nsg22\nI01\nsssg60\n(dp708\ng62\n(lp709\nsg64\nVauth_group\np710\nsg66\nS''\nsg67\ng53\nsssS'Permission'\np711\n(dp712\ng9\n(dp713\nS'codename'\np714\n(dp715\ng14\ng15\nsg13\nI100\nssg53\n(dp716\ng14\ng55\nsg56\nI01\nssg178\n(dp717\ng14\ng25\nsg26\nVcontenttypes.ContentType\np718\nssg20\n(dp719\ng14\ng15\nsg13\nI50\nsssg60\n(dp720\ng62\n((Vcontent_type\nVcodename\nttp721\nsg64\nVauth_permission\np722\nsg66\nS''\nsg67\ng53\nssstRp723\n(dp724\ng637\n(lp725\ng711\nag700\nasbsS'geoposition'\np726\ng3\n(g4\ng5\n(dtRp727\n(dp728\ng637\n(lp729\nsbsS'admin'\np730\ng3\n(g4\ng5\n(dp731\nS'LogEntry'\np732\n(dp733\ng9\n(dp734\nS'action_flag'\np735\n(dp736\ng14\ncdjango.db.models.fields\nPositiveSmallIntegerField\np737\nssS'action_time'\np738\n(dp739\ng14\ng19\nssS'object_repr'\np740\n(dp741\ng14\ng15\nsg13\nI200\nssg271\n(dp742\ng14\ng59\nsg16\nI01\nssS'change_message'\np743\n(dp744\ng14\ng59\nssg197\n(dp745\ng14\ng25\nsg26\nS'core.User'\np746\nssg178\n(dp747\ng14\ng25\nsg16\nI01\nsg26\nVcontenttypes.ContentType\np748\nssg53\n(dp749\ng14\ng55\nsg56\nI01\nsssg60\n(dp750\ng62\n(lp751\nsg64\nVdjango_admin_log\np752\nsg66\nS''\nsg67\ng53\nssstRp753\n(dp754\ng637\n(lp755\ng732\nasbsS'contenttypes'\np756\ng3\n(g4\ng5\n(dp757\nS'ContentType'\np758\n(dp759\ng9\n(dp760\nS'model'\np761\n(dp762\ng14\ng15\nsg13\nI100\nssg675\n(dp763\ng14\ng15\nsg13\nI100\nssg53\n(dp764\ng14\ng55\nsg56\nI01\nssg20\n(dp765\ng14\ng15\nsg13\nI100\nsssg60\n(dp766\ng62\n((S'app_label'\nS'model'\nttp767\nsg64\nS'django_content_type'\np768\nsg66\nS''\nsg67\ng53\nssstRp769\n(dp770\ng637\n(lp771\ng758\nasbsS'django_extensions'\np772\ng3\n(g4\ng5\n(dtRp773\n(dp774\ng637\n(lp775\nsbsS'suit'\np776\ng3\n(g4\ng5\n(dtRp777\n(dp778\ng637\n(lp779\nsbsS'hpc'\np780\ng3\n(g4\ng5\n(dp781\nS'ServiceProvider'\np782\n(dp783\ng9\n(dp784\ng17\n(dp785\ng14\ng19\nssg57\n(dp786\ng13\nI254\nsg14\ng59\nsg16\nI01\nssg28\n(dp787\ng14\ng19\nssg37\n(dp788\ng14\ng39\nssg53\n(dp789\ng14\ng55\nsg56\nI01\nssg20\n(dp790\ng14\ng15\nsg13\nI254\nsssg60\n(dp791\ng62\n(lp792\nsg64\nVhpc_serviceprovider\np793\nsg66\nS''\nsg67\ng53\nsssS'HpcService'\np794\n(dp795\ng9\n(dp796\nVservice_ptr\np797\n(dp798\ng14\ncdjango.db.models.fields.related\nOneToOneField\np799\nsg22\nI01\nsg56\nI01\nsg26\nS'core.Service'\np800\nsssg60\n(dp801\ng62\n(lp802\nsg64\nVhpc_hpcservice\np803\nsg66\nS''\nsg67\nVservice_ptr_id\np804\nsssS'OriginServer'\np805\n(dp806\ng9\n(dp807\ng17\n(dp808\ng14\ng19\nssS'authenticated'\np809\n(dp810\ng14\ng39\nssg57\n(dp811\ng13\nI255\nsg14\ng59\nsg16\nI01\nssg28\n(dp812\ng14\ng19\nssS'url'\np813\n(dp814\ng14\ng49\nsg13\nI200\nssg37\n(dp815\ng14\ng39\nssS'redirects'\np816\n(dp817\ng14\ng39\nssS'protocol'\np818\n(dp819\ng14\ng15\nsg13\nI12\nssS'contentProvider'\np820\n(dp821\ng14\ng25\nsg26\nS'hpc.ContentProvider'\np822\nssg53\n(dp823\ng14\ng55\nsg56\nI01\nsssg60\n(dp824\ng62\n(lp825\nsg64\nVhpc_originserver\np826\nsg66\nS''\nsg67\ng53\nsssS'CDNPrefix'\np827\n(dp828\ng9\n(dp829\ng17\n(dp830\ng14\ng19\nssg57\n(dp831\ng13\nI254\nsg14\ng59\nsg16\nI01\nssg28\n(dp832\ng14\ng19\nssg37\n(dp833\ng14\ng39\nssS'prefix'\np834\n(dp835\ng14\ng15\nsg13\nI200\nssS'defaultOriginServer'\np836\n(dp837\ng14\ng25\nsg26\nS'hpc.OriginServer'\np838\nssg820\n(dp839\ng14\ng25\nsg26\nS'hpc.ContentProvider'\np840\nssg53\n(dp841\ng14\ng55\nsg56\nI01\nsssg60\n(dp842\ng62\n(lp843\nsg64\nVhpc_cdnprefix\np844\nsg66\nS''\nsg67\ng53\nsssS'ContentProvider'\np845\n(dp846\ng9\n(dp847\ng17\n(dp848\ng14\ng19\nssg57\n(dp849\ng13\nI254\nsg14\ng59\nsg16\nI01\nssg28\n(dp850\ng14\ng19\nssS'serviceProvider'\np851\n(dp852\ng14\ng25\nsg26\nS'hpc.ServiceProvider'\np853\nssg37\n(dp854\ng14\ng39\nssS'users'\np855\n(dp856\ng14\ng82\nsg26\nS'core.User'\np857\nssg53\n(dp858\ng14\ng55\nsg56\nI01\nssg20\n(dp859\ng14\ng15\nsg13\nI254\nsssg60\n(dp860\ng62\n(lp861\nsg64\nVhpc_contentprovider\np862\nsg66\nS''\nsg67\ng53\nssstRp863\n(dp864\ng637\n(lp865\ng794\nag782\nag845\nag805\nag827\nasbsS'rest_framework'\np866\ng3\n(g4\ng5\n(dtRp867\n(dp868\ng637\n(lp869\nsbsS'__version__'\np870\nI1\nsS'requestrouter'\np871\ng3\n(g4\ng5\n(dp872\nS'ClientMap'\np873\n(dp874\ng9\n(dp875\ng57\n(dp876\ng13\nI130\nsg14\ng59\nsg16\nI01\nssg53\n(dp877\ng14\ng55\nsg56\nI01\nssg20\n(dp878\ng14\ng15\nsg13\nI64\nssg40\n(dp879\ng14\ng799\nsg22\nI01\nsg26\nS'core.Site'\np880\nsssg60\n(dp881\ng62\n(lp882\nsg64\nVrequestrouter_clientmap\np883\nsg66\nS''\nsg67\ng53\nsssS'RequestRouterService'\np884\n(dp885\ng9\n(dp886\nS'maxAnswers'\np887\n(dp888\ng14\ng273\nssS'lastResortAction'\np889\n(dp890\ng14\ng15\nsg13\nI30\nssS'defaultAction'\np891\n(dp892\ng14\ng15\nsg13\nI30\nssVservice_ptr\np893\n(dp894\ng14\ng799\nsg22\nI01\nsg56\nI01\nsg26\nS'core.Service'\np895\nssS'behindNat'\np896\n(dp897\ng14\ng39\nssS'defaultTTL'\np898\n(dp899\ng14\ng273\nsssg60\n(dp900\ng62\n(lp901\nsg64\nVrequestrouter_requestrouterservice\np902\nsg66\nS''\nsg67\nVservice_ptr_id\np903\nssstRp904\n(dp905\ng637\n(lp906\ng884\nag873\nasbs."}}, {"pk": 1, "model": "django_evolution.evolution", "fields": {"version": 1, "label": "auth_delete_message", "app_label": "auth"}}, {"pk": 2, "model": "django_evolution.evolution", "fields": {"version": 1, "label": "session_expire_date_db_index", "app_label": "sessions"}}, {"pk": 3, "model": "core.service", "fields": {"updated": "2013-11-26T12:45:24.212Z", "description": "Used to help accelerate delivery of content through the CDN.", "created": "2013-11-26T12:45:24.212Z", "enabled": true, "versionNumber": "1.0", "published": true, "name": "HPC Service"}}, {"pk": 4, "model": "core.service", "fields": {"updated": "2013-11-26T12:45:59.003Z", "description": "Service to help load balance and direct traffic flow to content within the CDN", "created": "2013-11-26T12:45:59.003Z", "enabled": true, "versionNumber": "1.0", "published": true, "name": "Request Router Service"}}, {"pk": 5, "model": "core.service", "fields": {"updated": "2013-12-04T22:51:07.137Z", "description": "Syndicate Shared Filesystem.", "created": "2013-12-04T22:51:07.137Z", "enabled": true, "versionNumber": "", "published": true, "name": "Syndicate"}}, {"pk": 8, "model": "core.site", "fields": {"updated": "2013-12-05T01:40:10.294Z", "name": "Stanford", "created": "2013-04-03T23:14:11.072Z", "tenant_id": "", "enabled": true, "longitude": null, "site_url": "http://www.stanford.edu/", "login_base": "usstanford", "location": "37.4294,-122.17200000000003", "latitude": null, "is_public": true, "deployments": [5], "abbreviated_name": ""}}, {"pk": 9, "model": "core.site", "fields": {"updated": "2013-12-05T01:39:55.076Z", "name": "Washington", "created": "2013-04-03T23:14:11.072Z", "tenant_id": "", "enabled": true, "longitude": null, "site_url": "https://www.washington.edu/", "login_base": "uswash", "location": "47.6531,-122.31299999999999", "latitude": null, "is_public": true, "deployments": [6], "abbreviated_name": ""}}, {"pk": 10, "model": "core.site", "fields": {"updated": "2013-12-05T01:39:17.419Z", "name": "Princeton", "created": "2013-04-03T23:14:11.072Z", "tenant_id": "", "enabled": true, "longitude": null, "site_url": "http://princeton.edu/", "login_base": "usprinceton", "location": "40.3502,-74.6524", "latitude": null, "is_public": true, "deployments": [7], "abbreviated_name": ""}}, {"pk": 11, "model": "core.site", "fields": {"updated": "2013-12-05T01:40:36.873Z", "name": "GeorgiaTech", "created": "2013-04-03T23:14:11.072Z", "tenant_id": "", "enabled": true, "longitude": null, "site_url": "http://www.gatech.edu/", "login_base": "usgt", "location": "33.7772,-84.39760000000001", "latitude": null, "is_public": true, "deployments": [8], "abbreviated_name": ""}}, {"pk": 12, "model": "core.site", "fields": {"updated": "2013-12-05T01:40:52.585Z", "name": "MaxPlanck", "created": "2013-04-03T23:14:11.072Z", "tenant_id": "", "enabled": true, "longitude": null, "site_url": "http://www.mpi-sws.mpg.de/", "login_base": "eumpisws", "location": "49.14,6.588999999999942", "latitude": null, "is_public": true, "deployments": [9], "abbreviated_name": ""}}, {"pk": 13, "model": "core.site", "fields": {"updated": "2013-06-21T21:17:13.982Z", "name": "I2 Atlanta", "created": "2013-04-03T23:14:11.072Z", "tenant_id": "", "enabled": true, "longitude": null, "site_url": "http://www.internet2.edu", "login_base": "i2atlanta", "location": "33.0075,-84.0038", "latitude": null, "is_public": true, "deployments": [10], "abbreviated_name": ""}}, {"pk": 14, "model": "core.site", "fields": {"updated": "2013-06-21T21:17:13.982Z", "name": "I2 Chicago", "created": "2013-04-03T23:14:11.072Z", "tenant_id": "", "enabled": true, "longitude": null, "site_url": "http://www.internet2.edu", "login_base": "i2chic", "location": "41.0085,-87.0065", "latitude": null, "is_public": true, "deployments": [10], "abbreviated_name": ""}}, {"pk": 15, "model": "core.site", "fields": {"updated": "2013-06-21T21:17:13.982Z", "name": "I2 Houston", "created": "2013-04-03T23:14:11.072Z", "tenant_id": "", "enabled": true, "longitude": null, "site_url": "http://www.internet2.edu", "login_base": "i2hous", "location": "29.0077,-95.0037", "latitude": null, "is_public": true, "deployments": [10], "abbreviated_name": ""}}, {"pk": 16, "model": "core.site", "fields": {"updated": "2013-06-21T21:17:13.982Z", "name": "I2 Kansas City", "created": "2013-04-03T23:14:11.072Z", "tenant_id": "", "enabled": true, "longitude": null, "site_url": "http://www.internet2.edu", "login_base": "i2kans", "location": "39.0012,-94.0063", "latitude": null, "is_public": true, "deployments": [10], "abbreviated_name": ""}}, {"pk": 17, "model": "core.site", "fields": {"updated": "2013-06-21T21:17:13.982Z", "name": "I2 Los Angeles", "created": "2013-04-03T23:14:11.072Z", "tenant_id": "", "enabled": true, "longitude": null, "site_url": "http://www.internet2.edu", "login_base": "i2losa", "location": "33.2505,-117.503", "latitude": null, "is_public": true, "deployments": [10], "abbreviated_name": ""}}, {"pk": 18, "model": "core.site", "fields": {"updated": "2013-06-21T21:17:13.982Z", "name": "I2 New York", "created": "2013-04-03T23:14:11.072Z", "tenant_id": "", "enabled": true, "longitude": null, "site_url": "http://www.internet2.edu", "login_base": "i2newy", "location": "40.72,-73.99", "latitude": null, "is_public": true, "deployments": [10], "abbreviated_name": ""}}, {"pk": 19, "model": "core.site", "fields": {"updated": "2013-06-21T21:17:13.982Z", "name": "I2 Salt Lake City", "created": "2013-04-03T23:14:11.072Z", "tenant_id": "", "enabled": true, "longitude": null, "site_url": "http://www.internet2.edu", "login_base": "i2salt", "location": "40.7659,-111.844", "latitude": null, "is_public": true, "deployments": [10], "abbreviated_name": ""}}, {"pk": 20, "model": "core.site", "fields": {"updated": "2013-06-21T21:17:13.982Z", "name": "I2 Seattle", "created": "2013-04-03T23:14:11.072Z", "tenant_id": "", "enabled": true, "longitude": null, "site_url": "http://www.internet2.edu", "login_base": "i2seat", "location": "47.6531,-122.313", "latitude": null, "is_public": true, "deployments": [10], "abbreviated_name": ""}}, {"pk": 21, "model": "core.site", "fields": {"updated": "2013-06-21T21:17:13.982Z", "name": "I2 Washington DC", "created": "2013-04-03T23:14:11.072Z", "tenant_id": "", "enabled": true, "longitude": null, "site_url": "http://www.internet2.edu", "login_base": "i2wash", "location": "38.009,-77.0003", "latitude": null, "is_public": true, "deployments": [10], "abbreviated_name": ""}}, {"pk": 22, "model": "core.site", "fields": {"updated": "2013-06-21T21:17:13.982Z", "name": "ON.Lab", "created": "2013-04-03T23:14:11.072Z", "tenant_id": "", "enabled": true, "longitude": null, "site_url": "http://www.internet2.edu", "login_base": "onlab", "location": "47.6531,-122.313", "latitude": null, "is_public": true, "deployments": [10, 8, 5, 9, 7, 6], "abbreviated_name": ""}}, {"pk": 5, "model": "core.deployment", "fields": {"updated": "2013-04-03T22:57:23.015Z", "name": "US-Stanford", "created": "2013-04-03T22:57:23.015Z"}}, {"pk": 6, "model": "core.deployment", "fields": {"updated": "2013-04-03T22:57:23.015Z", "name": "US-Washington", "created": "2013-04-03T22:57:23.015Z"}}, {"pk": 7, "model": "core.deployment", "fields": {"updated": "2013-04-03T22:57:23.015Z", "name": "US-Princeton", "created": "2013-04-03T22:57:23.015Z"}}, {"pk": 8, "model": "core.deployment", "fields": {"updated": "2013-04-03T22:57:23.015Z", "name": "US-GeorgiaTech", "created": "2013-04-03T22:57:23.015Z"}}, {"pk": 9, "model": "core.deployment", "fields": {"updated": "2013-04-03T22:57:23.015Z", "name": "EU-MaxPlanck", "created": "2013-04-03T22:57:23.015Z"}}, {"pk": 10, "model": "core.deployment", "fields": {"updated": "2013-04-03T22:57:23.015Z", "name": "Internet2", "created": "2013-04-03T22:57:23.015Z"}}, {"pk": 1, "model": "core.user", "fields": {"username": "padmin@vicci.org", "public_key": null, "updated": "2013-11-26T12:36:49.829Z", "firstname": "OpenCloud", "user_url": null, "lastname": "Admin", "created": "2013-11-26T12:36:49.816Z", "is_active": true, "site": null, "phone": null, "kuser_id": null, "is_staff": true, "last_login": "2013-12-05T01:21:37.149Z", "timezone": "America/New_York", "is_admin": true, "password": "pbkdf2_sha256$10000$v5qKhIyhSQ2N$V8vh2mkqYdjQib6d2jBkpwV57eMBfhd/9eiXqaDLUWg=", "email": "padmin@vicci.org", "enacted": null}}, {"pk": 2, "model": "core.user", "fields": {"username": "tony@onlab.us", "public_key": null, "updated": "2013-09-22T21:47:30.993Z", "firstname": "Tony", "user_url": null, "lastname": "Mack", "created": "2013-09-22T21:47:30.959Z", "is_active": true, "site": 22, "phone": null, "kuser_id": null, "is_staff": true, "last_login": "2013-12-04T20:39:56.639Z", "timezone": "America/New_York", "is_admin": true, "password": "pbkdf2_sha256$10000$dLKRXWJlkuvm$Ycamy79oT1lN0Q5R3B3nvlr70n2X50mL86yraDwzuWk=", "email": "tony@onlab.us", "enacted": null}}, {"pk": 3, "model": "core.user", "fields": {"username": "mike@onlab.us", "public_key": null, "updated": "2013-09-22T21:47:30.993Z", "firstname": "Mike", "user_url": null, "lastname": "Wawrzoniak", "created": "2013-09-22T21:47:30.959Z", "is_active": true, "site": 22, "phone": null, "kuser_id": null, "is_staff": true, "last_login": "2013-12-04T20:46:15.904Z", "timezone": "America/New_York", "is_admin": true, "password": "pbkdf2_sha256$10000$dLKRXWJlkuvm$Ycamy79oT1lN0Q5R3B3nvlr70n2X50mL86yraDwzuWk=", "email": "mike@onlab.us", "enacted": null}}, {"pk": 4, "model": "core.user", "fields": {"username": "andy@onlab.us", "public_key": null, "updated": "2013-09-22T21:47:30.993Z", "firstname": "Andy", "user_url": null, "lastname": "Bavier", "created": "2013-09-22T21:47:30.959Z", "is_active": true, "site": 22, "phone": null, "kuser_id": null, "is_staff": true, "last_login": "2013-12-04T20:46:13.172Z", "timezone": "America/New_York", "is_admin": true, "password": "pbkdf2_sha256$10000$dLKRXWJlkuvm$Ycamy79oT1lN0Q5R3B3nvlr70n2X50mL86yraDwzuWk=", "email": "andy@onlab.us", "enacted": null}}, {"pk": 5, "model": "core.user", "fields": {"username": "sapan@onlab.us", "public_key": null, "updated": "2013-09-22T21:47:30.993Z", "firstname": "Sapan", "user_url": null, "lastname": "Bhatia", "created": "2013-09-22T21:47:30.959Z", "is_active": true, "site": 22, "phone": null, "kuser_id": null, "is_staff": true, "last_login": "2013-12-04T20:46:13.536Z", "timezone": "America/New_York", "is_admin": true, "password": "pbkdf2_sha256$10000$dLKRXWJlkuvm$Ycamy79oT1lN0Q5R3B3nvlr70n2X50mL86yraDwzuWk=", "email": "sapan@onlab.us", "enacted": null}}, {"pk": 6, "model": "core.user", "fields": {"username": "jude@onlab.us", "public_key": null, "updated": "2013-09-22T21:47:30.993Z", "firstname": "Jude", "user_url": null, "lastname": "Nelson", "created": "2013-09-22T21:47:30.959Z", "is_active": true, "site": 22, "phone": null, "kuser_id": null, "is_staff": true, "last_login": "2013-09-22T21:48:01.047Z", "timezone": "America/New_York", "is_admin": true, "password": "pbkdf2_sha256$10000$dLKRXWJlkuvm$Ycamy79oT1lN0Q5R3B3nvlr70n2X50mL86yraDwzuWk=", "email": "jude@onlab.us", "enacted": null}}, {"pk": 7, "model": "core.user", "fields": {"username": "llp@onlab.us", "public_key": "", "updated": "2013-12-04T20:47:03.679Z", "firstname": "Larry", "user_url": null, "lastname": "Peterson", "created": "2013-09-22T21:47:30.959Z", "is_active": true, "site": 22, "phone": "", "kuser_id": null, "is_staff": true, "last_login": "2013-12-04T20:37:31.798Z", "timezone": "America/New_York", "is_admin": true, "password": "pbkdf2_sha256$10000$dLKRXWJlkuvm$Ycamy79oT1lN0Q5R3B3nvlr70n2X50mL86yraDwzuWk=", "email": "llp@onlab.us", "enacted": null}}, {"pk": 8, "model": "core.user", "fields": {"username": "scott@onlab.us", "public_key": null, "updated": "2013-09-22T21:47:30.993Z", "firstname": "Scott", "user_url": null, "lastname": "Baker", "created": "2013-09-22T21:47:30.959Z", "is_active": true, "site": 22, "phone": null, "kuser_id": null, "is_staff": true, "last_login": "2013-12-04T20:40:11.666Z", "timezone": "America/New_York", "is_admin": true, "password": "pbkdf2_sha256$10000$dLKRXWJlkuvm$Ycamy79oT1lN0Q5R3B3nvlr70n2X50mL86yraDwzuWk=", "email": "scott@onlab.us", "enacted": null}}, {"pk": 9, "model": "core.user", "fields": {"username": "ali@onlab.us", "public_key": null, "updated": "2013-09-22T21:47:30.993Z", "firstname": "Ali", "user_url": null, "lastname": "Al-Shabibi", "created": "2013-09-22T21:47:30.959Z", "is_active": true, "site": 22, "phone": null, "kuser_id": null, "is_staff": true, "last_login": "2013-09-22T21:48:01.047Z", "timezone": "America/New_York", "is_admin": true, "password": "pbkdf2_sha256$10000$dLKRXWJlkuvm$Ycamy79oT1lN0Q5R3B3nvlr70n2X50mL86yraDwzuWk=", "email": "ali@onlab.us", "enacted": null}}, {"pk": 10, "model": "core.user", "fields": {"username": "bill@onlab.us", "public_key": null, "updated": "2013-09-22T21:47:30.993Z", "firstname": "Bill", "user_url": null, "lastname": "Snow", "created": "2013-09-22T21:47:30.959Z", "is_active": true, "site": 22, "phone": null, "kuser_id": null, "is_staff": true, "last_login": "2013-09-22T21:48:01.047Z", "timezone": "America/New_York", "is_admin": true, "password": "pbkdf2_sha256$10000$dLKRXWJlkuvm$Ycamy79oT1lN0Q5R3B3nvlr70n2X50mL86yraDwzuWk=", "email": "bill@onlab.us", "enacted": null}}, {"pk": 11, "model": "core.user", "fields": {"username": "guru@onlab.us", "public_key": null, "updated": "2013-09-22T21:47:30.993Z", "firstname": "Guru", "user_url": null, "lastname": "Parulkar", "created": "2013-09-22T21:47:30.959Z", "is_active": true, "site": 22, "phone": null, "kuser_id": null, "is_staff": true, "last_login": "2013-09-22T21:48:01.047Z", "timezone": "America/New_York", "is_admin": true, "password": "pbkdf2_sha256$10000$dLKRXWJlkuvm$Ycamy79oT1lN0Q5R3B3nvlr70n2X50mL86yraDwzuWk=", "email": "guru@onlab.us", "enacted": null}}, {"pk": 12, "model": "core.user", "fields": {"username": "marc@onlab.us", "public_key": null, "updated": "2013-09-22T21:47:30.993Z", "firstname": "Marc", "user_url": null, "lastname": "Fiuczynski", "created": "2013-09-22T21:47:30.959Z", "is_active": true, "site": 22, "phone": null, "kuser_id": null, "is_staff": true, "last_login": "2013-09-22T21:48:01.047Z", "timezone": "America/New_York", "is_admin": true, "password": "pbkdf2_sha256$10000$dLKRXWJlkuvm$Ycamy79oT1lN0Q5R3B3nvlr70n2X50mL86yraDwzuWk=", "email": "marc@onlab.us", "enacted": null}}, {"pk": 13, "model": "core.user", "fields": {"username": "siobhan@onlab.us", "public_key": null, "updated": "2013-09-22T21:47:30.993Z", "firstname": "Siobhan", "user_url": null, "lastname": "Tully", "created": "2013-09-22T21:47:30.959Z", "is_active": true, "site": 22, "phone": null, "kuser_id": null, "is_staff": true, "last_login": "2013-09-22T21:48:01.047Z", "timezone": "America/New_York", "is_admin": true, "password": "pbkdf2_sha256$10000$dLKRXWJlkuvm$Ycamy79oT1lN0Q5R3B3nvlr70n2X50mL86yraDwzuWk=", "email": "siobhan@onlab.us", "enacted": null}}, {"pk": 1, "model": "core.serviceclass", "fields": {"updated": "2013-05-10T23:30:52.931Z", "membershipFee": 0, "membershipFeeMonths": 0, "created": "2013-05-10T23:30:52.931Z", "upgradeFrom": [2, 3], "commitment": 0, "name": "Best Effort", "upgradeRequiresApproval": false, "description": "Best Effort"}}, {"pk": 2, "model": "core.serviceclass", "fields": {"updated": "2013-05-10T23:35:51.694Z", "membershipFee": 100, "membershipFeeMonths": 1, "created": "2013-05-10T23:33:24.930Z", "upgradeFrom": [1, 3], "commitment": 365, "name": "Silver", "upgradeRequiresApproval": false, "description": "Silver"}}, {"pk": 3, "model": "core.serviceclass", "fields": {"updated": "2013-05-10T23:34:01.320Z", "membershipFee": 18000, "membershipFeeMonths": 12, "created": "2013-05-10T23:34:01.320Z", "upgradeFrom": [1, 2], "commitment": 365, "name": "Gold", "upgradeRequiresApproval": false, "description": "Gold"}}, {"pk": 4, "model": "core.slice", "fields": {"router_id": null, "updated": "2013-12-05T01:41:11.410Z", "name": "HyperCache", "service": 3, "created": "2013-04-03T23:14:11.072Z", "network_id": null, "tenant_id": "", "serviceClass": 1, "enabled": true, "site": 22, "omf_friendly": false, "subnet_id": null, "slice_url": "", "creator": 1, "description": "HyperCache slice for HyperCache service."}}, {"pk": 6, "model": "core.slice", "fields": {"router_id": null, "updated": "2013-12-05T01:41:23.032Z", "name": "Syndicate", "service": 5, "created": "2013-04-03T23:14:11.072Z", "network_id": null, "tenant_id": "", "serviceClass": 1, "enabled": true, "site": 22, "omf_friendly": false, "subnet_id": null, "slice_url": "", "creator": 1, "description": ""}}, {"pk": 8, "model": "core.slice", "fields": {"router_id": null, "updated": "2013-12-04T22:49:36.839Z", "name": "DnsRedir", "service": 4, "created": "2013-12-04T22:48:35.584Z", "network_id": null, "tenant_id": "", "serviceClass": 2, "enabled": true, "site": 10, "omf_friendly": false, "subnet_id": null, "slice_url": "", "creator": 8, "description": "DNS Redirection slice for RequestRouter service."}}, {"pk": 9, "model": "core.slice", "fields": {"router_id": null, "updated": "2013-12-05T01:47:29.141Z", "name": "DnsDemux", "service": 4, "created": "2013-12-04T22:49:23.051Z", "network_id": null, "tenant_id": "", "serviceClass": 1, "enabled": true, "site": 10, "omf_friendly": false, "subnet_id": null, "slice_url": "", "creator": 8, "description": "DNS Demultiplexing slice for RequestRouter service. "}}, {"pk": 384, "model": "core.node", "fields": {"site": 8, "updated": "2013-06-21T21:17:13.982Z", "deployment": 5, "name": "node1.stanford.vicci.org", "created": "2013-04-03T23:14:11.072Z"}}, {"pk": 385, "model": "core.node", "fields": {"site": 8, "updated": "2013-06-21T21:17:13.982Z", "deployment": 5, "name": "node2.stanford.vicci.org", "created": "2013-04-03T23:14:11.072Z"}}, {"pk": 386, "model": "core.node", "fields": {"site": 8, "updated": "2013-06-21T21:17:13.982Z", "deployment": 5, "name": "node3.stanford.vicci.org", "created": "2013-04-03T23:14:11.072Z"}}, {"pk": 387, "model": "core.node", "fields": {"site": 8, "updated": "2013-06-21T21:17:13.982Z", "deployment": 5, "name": "node4.stanford.vicci.org", "created": "2013-04-03T23:14:11.072Z"}}, {"pk": 388, "model": "core.node", "fields": {"site": 8, "updated": "2013-06-21T21:17:13.982Z", "deployment": 5, "name": "node5.stanford.vicci.org", "created": "2013-04-03T23:14:11.072Z"}}, {"pk": 389, "model": "core.node", "fields": {"site": 8, "updated": "2013-06-21T21:17:13.982Z", "deployment": 5, "name": "node6.stanford.vicci.org", "created": "2013-04-03T23:14:11.072Z"}}, {"pk": 390, "model": "core.node", "fields": {"site": 8, "updated": "2013-06-21T21:17:13.982Z", "deployment": 5, "name": "node7.stanford.vicci.org", "created": "2013-04-03T23:14:11.072Z"}}, {"pk": 391, "model": "core.node", "fields": {"site": 8, "updated": "2013-06-21T21:17:13.982Z", "deployment": 5, "name": "node8.stanford.vicci.org", "created": "2013-04-03T23:14:11.072Z"}}, {"pk": 392, "model": "core.node", "fields": {"site": 8, "updated": "2013-06-21T21:17:13.982Z", "deployment": 5, "name": "node9.stanford.vicci.org", "created": "2013-04-03T23:14:11.072Z"}}, {"pk": 393, "model": "core.node", "fields": {"site": 8, "updated": "2013-06-21T21:17:13.982Z", "deployment": 5, "name": "node10.stanford.vicci.org", "created": "2013-04-03T23:14:11.072Z"}}, {"pk": 394, "model": "core.node", "fields": {"site": 8, "updated": "2013-06-21T21:17:13.982Z", "deployment": 5, "name": "node11.stanford.vicci.org", "created": "2013-04-03T23:14:11.072Z"}}, {"pk": 395, "model": "core.node", "fields": {"site": 8, "updated": "2013-06-21T21:17:13.982Z", "deployment": 5, "name": "node12.stanford.vicci.org", "created": "2013-04-03T23:14:11.072Z"}}, {"pk": 396, "model": "core.node", "fields": {"site": 8, "updated": "2013-06-21T21:17:13.982Z", "deployment": 5, "name": "node13.stanford.vicci.org", "created": "2013-04-03T23:14:11.072Z"}}, {"pk": 397, "model": "core.node", "fields": {"site": 8, "updated": "2013-06-21T21:17:13.982Z", "deployment": 5, "name": "node14.stanford.vicci.org", "created": "2013-04-03T23:14:11.072Z"}}, {"pk": 398, "model": "core.node", "fields": {"site": 8, "updated": "2013-06-21T21:17:13.982Z", "deployment": 5, "name": "node15.stanford.vicci.org", "created": "2013-04-03T23:14:11.072Z"}}, {"pk": 399, "model": "core.node", "fields": {"site": 8, "updated": "2013-06-21T21:17:13.982Z", "deployment": 5, "name": "node16.stanford.vicci.org", "created": "2013-04-03T23:14:11.072Z"}}, {"pk": 400, "model": "core.node", "fields": {"site": 8, "updated": "2013-06-21T21:17:13.982Z", "deployment": 5, "name": "node17.stanford.vicci.org", "created": "2013-04-03T23:14:11.072Z"}}, {"pk": 401, "model": "core.node", "fields": {"site": 8, "updated": "2013-06-21T21:17:13.982Z", "deployment": 5, "name": "node18.stanford.vicci.org", "created": "2013-04-03T23:14:11.072Z"}}, {"pk": 402, "model": "core.node", "fields": {"site": 8, "updated": "2013-06-21T21:17:13.982Z", "deployment": 5, "name": "node19.stanford.vicci.org", "created": "2013-04-03T23:14:11.072Z"}}, {"pk": 403, "model": "core.node", "fields": {"site": 8, "updated": "2013-06-21T21:17:13.982Z", "deployment": 5, "name": "node20.stanford.vicci.org", "created": "2013-04-03T23:14:11.072Z"}}, {"pk": 404, "model": "core.node", "fields": {"site": 8, "updated": "2013-06-21T21:17:13.982Z", "deployment": 5, "name": "node21.stanford.vicci.org", "created": "2013-04-03T23:14:11.072Z"}}, {"pk": 405, "model": "core.node", "fields": {"site": 8, "updated": "2013-06-21T21:17:13.982Z", "deployment": 5, "name": "node22.stanford.vicci.org", "created": "2013-04-03T23:14:11.072Z"}}, {"pk": 406, "model": "core.node", "fields": {"site": 8, "updated": "2013-06-21T21:17:13.982Z", "deployment": 5, "name": "node23.stanford.vicci.org", "created": "2013-04-03T23:14:11.072Z"}}, {"pk": 407, "model": "core.node", "fields": {"site": 8, "updated": "2013-06-21T21:17:13.982Z", "deployment": 5, "name": "node24.stanford.vicci.org", "created": "2013-04-03T23:14:11.072Z"}}, {"pk": 408, "model": "core.node", "fields": {"site": 8, "updated": "2013-06-21T21:17:13.982Z", "deployment": 5, "name": "node25.stanford.vicci.org", "created": "2013-04-03T23:14:11.072Z"}}, {"pk": 409, "model": "core.node", "fields": {"site": 8, "updated": "2013-06-21T21:17:13.982Z", "deployment": 5, "name": "node26.stanford.vicci.org", "created": "2013-04-03T23:14:11.072Z"}}, {"pk": 410, "model": "core.node", "fields": {"site": 8, "updated": "2013-06-21T21:17:13.982Z", "deployment": 5, "name": "node27.stanford.vicci.org", "created": "2013-04-03T23:14:11.072Z"}}, {"pk": 411, "model": "core.node", "fields": {"site": 8, "updated": "2013-06-21T21:17:13.982Z", "deployment": 5, "name": "node28.stanford.vicci.org", "created": "2013-04-03T23:14:11.072Z"}}, {"pk": 412, "model": "core.node", "fields": {"site": 8, "updated": "2013-06-21T21:17:13.982Z", "deployment": 5, "name": "node29.stanford.vicci.org", "created": "2013-04-03T23:14:11.072Z"}}, {"pk": 413, "model": "core.node", "fields": {"site": 8, "updated": "2013-06-21T21:17:13.982Z", "deployment": 5, "name": "node30.stanford.vicci.org", "created": "2013-04-03T23:14:11.072Z"}}, {"pk": 414, "model": "core.node", "fields": {"site": 8, "updated": "2013-06-21T21:17:13.982Z", "deployment": 5, "name": "node31.stanford.vicci.org", "created": "2013-04-03T23:14:11.072Z"}}, {"pk": 415, "model": "core.node", "fields": {"site": 8, "updated": "2013-06-21T21:17:13.982Z", "deployment": 5, "name": "node32.stanford.vicci.org", "created": "2013-04-03T23:14:11.072Z"}}, {"pk": 416, "model": "core.node", "fields": {"site": 8, "updated": "2013-06-21T21:17:13.982Z", "deployment": 5, "name": "node33.stanford.vicci.org", "created": "2013-04-03T23:14:11.072Z"}}, {"pk": 417, "model": "core.node", "fields": {"site": 8, "updated": "2013-06-21T21:17:13.982Z", "deployment": 5, "name": "node34.stanford.vicci.org", "created": "2013-04-03T23:14:11.072Z"}}, {"pk": 418, "model": "core.node", "fields": {"site": 8, "updated": "2013-06-21T21:17:13.982Z", "deployment": 5, "name": "node35.stanford.vicci.org", "created": "2013-04-03T23:14:11.072Z"}}, {"pk": 419, "model": "core.node", "fields": {"site": 8, "updated": "2013-06-21T21:17:13.982Z", "deployment": 5, "name": "node36.stanford.vicci.org", "created": "2013-04-03T23:14:11.072Z"}}, {"pk": 420, "model": "core.node", "fields": {"site": 8, "updated": "2013-06-21T21:17:13.982Z", "deployment": 5, "name": "node37.stanford.vicci.org", "created": "2013-04-03T23:14:11.072Z"}}, {"pk": 421, "model": "core.node", "fields": {"site": 8, "updated": "2013-06-21T21:17:13.982Z", "deployment": 5, "name": "node38.stanford.vicci.org", "created": "2013-04-03T23:14:11.072Z"}}, {"pk": 422, "model": "core.node", "fields": {"site": 8, "updated": "2013-06-21T21:17:13.982Z", "deployment": 5, "name": "node39.stanford.vicci.org", "created": "2013-04-03T23:14:11.072Z"}}, {"pk": 423, "model": "core.node", "fields": {"site": 8, "updated": "2013-06-21T21:17:13.982Z", "deployment": 5, "name": "node40.stanford.vicci.org", "created": "2013-04-03T23:14:11.072Z"}}, {"pk": 424, "model": "core.node", "fields": {"site": 8, "updated": "2013-06-21T21:17:13.982Z", "deployment": 5, "name": "node41.stanford.vicci.org", "created": "2013-04-03T23:14:11.072Z"}}, {"pk": 425, "model": "core.node", "fields": {"site": 8, "updated": "2013-06-21T21:17:13.982Z", "deployment": 5, "name": "node42.stanford.vicci.org", "created": "2013-04-03T23:14:11.072Z"}}, {"pk": 426, "model": "core.node", "fields": {"site": 8, "updated": "2013-06-21T21:17:13.982Z", "deployment": 5, "name": "node43.stanford.vicci.org", "created": "2013-04-03T23:14:11.072Z"}}, {"pk": 427, "model": "core.node", "fields": {"site": 8, "updated": "2013-06-21T21:17:13.982Z", "deployment": 5, "name": "node44.stanford.vicci.org", "created": "2013-04-03T23:14:11.072Z"}}, {"pk": 428, "model": "core.node", "fields": {"site": 8, "updated": "2013-06-21T21:17:13.982Z", "deployment": 5, "name": "node45.stanford.vicci.org", "created": "2013-04-03T23:14:11.072Z"}}, {"pk": 429, "model": "core.node", "fields": {"site": 8, "updated": "2013-06-21T21:17:13.982Z", "deployment": 5, "name": "node46.stanford.vicci.org", "created": "2013-04-03T23:14:11.072Z"}}, {"pk": 430, "model": "core.node", "fields": {"site": 8, "updated": "2013-06-21T21:17:13.982Z", "deployment": 5, "name": "node47.stanford.vicci.org", "created": "2013-04-03T23:14:11.072Z"}}, {"pk": 431, "model": "core.node", "fields": {"site": 8, "updated": "2013-06-21T21:17:13.982Z", "deployment": 5, "name": "node48.stanford.vicci.org", "created": "2013-04-03T23:14:11.072Z"}}, {"pk": 432, "model": "core.node", "fields": {"site": 8, "updated": "2013-06-21T21:17:13.982Z", "deployment": 5, "name": "node49.stanford.vicci.org", "created": "2013-04-03T23:14:11.072Z"}}, {"pk": 433, "model": "core.node", "fields": {"site": 8, "updated": "2013-06-21T21:17:13.982Z", "deployment": 5, "name": "node50.stanford.vicci.org", "created": "2013-04-03T23:14:11.072Z"}}, {"pk": 434, "model": "core.node", "fields": {"site": 8, "updated": "2013-06-21T21:17:13.982Z", "deployment": 5, "name": "node51.stanford.vicci.org", "created": "2013-04-03T23:14:11.072Z"}}, {"pk": 435, "model": "core.node", "fields": {"site": 8, "updated": "2013-06-21T21:17:13.982Z", "deployment": 5, "name": "node52.stanford.vicci.org", "created": "2013-04-03T23:14:11.072Z"}}, {"pk": 436, "model": "core.node", "fields": {"site": 8, "updated": "2013-06-21T21:17:13.982Z", "deployment": 5, "name": "node53.stanford.vicci.org", "created": "2013-04-03T23:14:11.072Z"}}, {"pk": 437, "model": "core.node", "fields": {"site": 8, "updated": "2013-06-21T21:17:13.982Z", "deployment": 5, "name": "node54.stanford.vicci.org", "created": "2013-04-03T23:14:11.072Z"}}, {"pk": 438, "model": "core.node", "fields": {"site": 8, "updated": "2013-06-21T21:17:13.982Z", "deployment": 5, "name": "node55.stanford.vicci.org", "created": "2013-04-03T23:14:11.072Z"}}, {"pk": 439, "model": "core.node", "fields": {"site": 8, "updated": "2013-06-21T21:17:13.982Z", "deployment": 5, "name": "node56.stanford.vicci.org", "created": "2013-04-03T23:14:11.072Z"}}, {"pk": 440, "model": "core.node", "fields": {"site": 8, "updated": "2013-06-21T21:17:13.982Z", "deployment": 5, "name": "node57.stanford.vicci.org", "created": "2013-04-03T23:14:11.072Z"}}, {"pk": 441, "model": "core.node", "fields": {"site": 8, "updated": "2013-06-21T21:17:13.982Z", "deployment": 5, "name": "node58.stanford.vicci.org", "created": "2013-04-03T23:14:11.072Z"}}, {"pk": 442, "model": "core.node", "fields": {"site": 8, "updated": "2013-06-21T21:17:13.982Z", "deployment": 5, "name": "node59.stanford.vicci.org", "created": "2013-04-03T23:14:11.072Z"}}, {"pk": 443, "model": "core.node", "fields": {"site": 8, "updated": "2013-06-21T21:17:13.982Z", "deployment": 5, "name": "node60.stanford.vicci.org", "created": "2013-04-03T23:14:11.072Z"}}, {"pk": 444, "model": "core.node", "fields": {"site": 8, "updated": "2013-06-21T21:17:13.982Z", "deployment": 5, "name": "node61.stanford.vicci.org", "created": "2013-04-03T23:14:11.072Z"}}, {"pk": 445, "model": "core.node", "fields": {"site": 8, "updated": "2013-06-21T21:17:13.982Z", "deployment": 5, "name": "node62.stanford.vicci.org", "created": "2013-04-03T23:14:11.072Z"}}, {"pk": 446, "model": "core.node", "fields": {"site": 8, "updated": "2013-06-21T21:17:13.982Z", "deployment": 5, "name": "node63.stanford.vicci.org", "created": "2013-04-03T23:14:11.072Z"}}, {"pk": 447, "model": "core.node", "fields": {"site": 8, "updated": "2013-06-21T21:17:13.982Z", "deployment": 5, "name": "node64.stanford.vicci.org", "created": "2013-04-03T23:14:11.072Z"}}, {"pk": 448, "model": "core.node", "fields": {"site": 8, "updated": "2013-06-21T21:17:13.982Z", "deployment": 5, "name": "node65.stanford.vicci.org", "created": "2013-04-03T23:14:11.072Z"}}, {"pk": 449, "model": "core.node", "fields": {"site": 8, "updated": "2013-06-21T21:17:13.982Z", "deployment": 5, "name": "node66.stanford.vicci.org", "created": "2013-04-03T23:14:11.072Z"}}, {"pk": 450, "model": "core.node", "fields": {"site": 8, "updated": "2013-06-21T21:17:13.982Z", "deployment": 5, "name": "node67.stanford.vicci.org", "created": "2013-04-03T23:14:11.072Z"}}, {"pk": 451, "model": "core.node", "fields": {"site": 8, "updated": "2013-06-21T21:17:13.982Z", "deployment": 5, "name": "node68.stanford.vicci.org", "created": "2013-04-03T23:14:11.072Z"}}, {"pk": 452, "model": "core.node", "fields": {"site": 8, "updated": "2013-06-21T21:17:13.982Z", "deployment": 5, "name": "node69.stanford.vicci.org", "created": "2013-04-03T23:14:11.072Z"}}, {"pk": 453, "model": "core.node", "fields": {"site": 8, "updated": "2013-06-21T21:17:13.982Z", "deployment": 5, "name": "node70.stanford.vicci.org", "created": "2013-04-03T23:14:11.072Z"}}, {"pk": 454, "model": "core.node", "fields": {"site": 9, "updated": "2013-06-21T21:17:13.982Z", "deployment": 6, "name": "node1.washington.vicci.org", "created": "2013-04-03T23:14:11.072Z"}}, {"pk": 455, "model": "core.node", "fields": {"site": 9, "updated": "2013-06-21T21:17:13.982Z", "deployment": 6, "name": "node2.washington.vicci.org", "created": "2013-04-03T23:14:11.072Z"}}, {"pk": 456, "model": "core.node", "fields": {"site": 9, "updated": "2013-06-21T21:17:13.982Z", "deployment": 6, "name": "node3.washington.vicci.org", "created": "2013-04-03T23:14:11.072Z"}}, {"pk": 457, "model": "core.node", "fields": {"site": 9, "updated": "2013-06-21T21:17:13.982Z", "deployment": 6, "name": "node4.washington.vicci.org", "created": "2013-04-03T23:14:11.072Z"}}, {"pk": 458, "model": "core.node", "fields": {"site": 9, "updated": "2013-06-21T21:17:13.982Z", "deployment": 6, "name": "node5.washington.vicci.org", "created": "2013-04-03T23:14:11.072Z"}}, {"pk": 459, "model": "core.node", "fields": {"site": 9, "updated": "2013-06-21T21:17:13.982Z", "deployment": 6, "name": "node6.washington.vicci.org", "created": "2013-04-03T23:14:11.072Z"}}, {"pk": 460, "model": "core.node", "fields": {"site": 9, "updated": "2013-06-21T21:17:13.982Z", "deployment": 6, "name": "node7.washington.vicci.org", "created": "2013-04-03T23:14:11.072Z"}}, {"pk": 461, "model": "core.node", "fields": {"site": 9, "updated": "2013-06-21T21:17:13.982Z", "deployment": 6, "name": "node8.washington.vicci.org", "created": "2013-04-03T23:14:11.072Z"}}, {"pk": 462, "model": "core.node", "fields": {"site": 9, "updated": "2013-06-21T21:17:13.982Z", "deployment": 6, "name": "node9.washington.vicci.org", "created": "2013-04-03T23:14:11.072Z"}}, {"pk": 463, "model": "core.node", "fields": {"site": 9, "updated": "2013-06-21T21:17:13.982Z", "deployment": 6, "name": "node10.washington.vicci.org", "created": "2013-04-03T23:14:11.072Z"}}, {"pk": 464, "model": "core.node", "fields": {"site": 9, "updated": "2013-06-21T21:17:13.982Z", "deployment": 6, "name": "node11.washington.vicci.org", "created": "2013-04-03T23:14:11.072Z"}}, {"pk": 465, "model": "core.node", "fields": {"site": 9, "updated": "2013-06-21T21:17:13.982Z", "deployment": 6, "name": "node12.washington.vicci.org", "created": "2013-04-03T23:14:11.072Z"}}, {"pk": 466, "model": "core.node", "fields": {"site": 9, "updated": "2013-06-21T21:17:13.982Z", "deployment": 6, "name": "node13.washington.vicci.org", "created": "2013-04-03T23:14:11.072Z"}}, {"pk": 467, "model": "core.node", "fields": {"site": 9, "updated": "2013-06-21T21:17:13.982Z", "deployment": 6, "name": "node14.washington.vicci.org", "created": "2013-04-03T23:14:11.072Z"}}, {"pk": 468, "model": "core.node", "fields": {"site": 9, "updated": "2013-06-21T21:17:13.982Z", "deployment": 6, "name": "node15.washington.vicci.org", "created": "2013-04-03T23:14:11.072Z"}}, {"pk": 469, "model": "core.node", "fields": {"site": 9, "updated": "2013-06-21T21:17:13.982Z", "deployment": 6, "name": "node16.washington.vicci.org", "created": "2013-04-03T23:14:11.072Z"}}, {"pk": 470, "model": "core.node", "fields": {"site": 9, "updated": "2013-06-21T21:17:13.982Z", "deployment": 6, "name": "node17.washington.vicci.org", "created": "2013-04-03T23:14:11.072Z"}}, {"pk": 471, "model": "core.node", "fields": {"site": 9, "updated": "2013-06-21T21:17:13.982Z", "deployment": 6, "name": "node18.washington.vicci.org", "created": "2013-04-03T23:14:11.072Z"}}, {"pk": 472, "model": "core.node", "fields": {"site": 9, "updated": "2013-06-21T21:17:13.982Z", "deployment": 6, "name": "node19.washington.vicci.org", "created": "2013-04-03T23:14:11.072Z"}}, {"pk": 473, "model": "core.node", "fields": {"site": 9, "updated": "2013-06-21T21:17:13.982Z", "deployment": 6, "name": "node20.washington.vicci.org", "created": "2013-04-03T23:14:11.072Z"}}, {"pk": 474, "model": "core.node", "fields": {"site": 9, "updated": "2013-06-21T21:17:13.982Z", "deployment": 6, "name": "node21.washington.vicci.org", "created": "2013-04-03T23:14:11.072Z"}}, {"pk": 475, "model": "core.node", "fields": {"site": 9, "updated": "2013-06-21T21:17:13.982Z", "deployment": 6, "name": "node22.washington.vicci.org", "created": "2013-04-03T23:14:11.072Z"}}, {"pk": 476, "model": "core.node", "fields": {"site": 9, "updated": "2013-06-21T21:17:13.982Z", "deployment": 6, "name": "node23.washington.vicci.org", "created": "2013-04-03T23:14:11.072Z"}}, {"pk": 477, "model": "core.node", "fields": {"site": 9, "updated": "2013-06-21T21:17:13.982Z", "deployment": 6, "name": "node24.washington.vicci.org", "created": "2013-04-03T23:14:11.072Z"}}, {"pk": 478, "model": "core.node", "fields": {"site": 9, "updated": "2013-06-21T21:17:13.982Z", "deployment": 6, "name": "node25.washington.vicci.org", "created": "2013-04-03T23:14:11.072Z"}}, {"pk": 479, "model": "core.node", "fields": {"site": 9, "updated": "2013-06-21T21:17:13.982Z", "deployment": 6, "name": "node26.washington.vicci.org", "created": "2013-04-03T23:14:11.072Z"}}, {"pk": 480, "model": "core.node", "fields": {"site": 9, "updated": "2013-06-21T21:17:13.982Z", "deployment": 6, "name": "node27.washington.vicci.org", "created": "2013-04-03T23:14:11.072Z"}}, {"pk": 481, "model": "core.node", "fields": {"site": 9, "updated": "2013-06-21T21:17:13.982Z", "deployment": 6, "name": "node28.washington.vicci.org", "created": "2013-04-03T23:14:11.072Z"}}, {"pk": 482, "model": "core.node", "fields": {"site": 9, "updated": "2013-06-21T21:17:13.982Z", "deployment": 6, "name": "node29.washington.vicci.org", "created": "2013-04-03T23:14:11.072Z"}}, {"pk": 483, "model": "core.node", "fields": {"site": 9, "updated": "2013-06-21T21:17:13.982Z", "deployment": 6, "name": "node30.washington.vicci.org", "created": "2013-04-03T23:14:11.072Z"}}, {"pk": 484, "model": "core.node", "fields": {"site": 9, "updated": "2013-06-21T21:17:13.982Z", "deployment": 6, "name": "node31.washington.vicci.org", "created": "2013-04-03T23:14:11.072Z"}}, {"pk": 485, "model": "core.node", "fields": {"site": 9, "updated": "2013-06-21T21:17:13.982Z", "deployment": 6, "name": "node32.washington.vicci.org", "created": "2013-04-03T23:14:11.072Z"}}, {"pk": 486, "model": "core.node", "fields": {"site": 9, "updated": "2013-06-21T21:17:13.982Z", "deployment": 6, "name": "node33.washington.vicci.org", "created": "2013-04-03T23:14:11.072Z"}}, {"pk": 487, "model": "core.node", "fields": {"site": 9, "updated": "2013-06-21T21:17:13.982Z", "deployment": 6, "name": "node34.washington.vicci.org", "created": "2013-04-03T23:14:11.072Z"}}, {"pk": 488, "model": "core.node", "fields": {"site": 9, "updated": "2013-06-21T21:17:13.982Z", "deployment": 6, "name": "node35.washington.vicci.org", "created": "2013-04-03T23:14:11.072Z"}}, {"pk": 489, "model": "core.node", "fields": {"site": 9, "updated": "2013-06-21T21:17:13.982Z", "deployment": 6, "name": "node36.washington.vicci.org", "created": "2013-04-03T23:14:11.072Z"}}, {"pk": 490, "model": "core.node", "fields": {"site": 9, "updated": "2013-06-21T21:17:13.982Z", "deployment": 6, "name": "node37.washington.vicci.org", "created": "2013-04-03T23:14:11.072Z"}}, {"pk": 491, "model": "core.node", "fields": {"site": 9, "updated": "2013-06-21T21:17:13.982Z", "deployment": 6, "name": "node38.washington.vicci.org", "created": "2013-04-03T23:14:11.072Z"}}, {"pk": 492, "model": "core.node", "fields": {"site": 9, "updated": "2013-06-21T21:17:13.982Z", "deployment": 6, "name": "node39.washington.vicci.org", "created": "2013-04-03T23:14:11.072Z"}}, {"pk": 493, "model": "core.node", "fields": {"site": 9, "updated": "2013-06-21T21:17:13.982Z", "deployment": 6, "name": "node40.washington.vicci.org", "created": "2013-04-03T23:14:11.072Z"}}, {"pk": 494, "model": "core.node", "fields": {"site": 9, "updated": "2013-06-21T21:17:13.982Z", "deployment": 6, "name": "node41.washington.vicci.org", "created": "2013-04-03T23:14:11.072Z"}}, {"pk": 495, "model": "core.node", "fields": {"site": 9, "updated": "2013-06-21T21:17:13.982Z", "deployment": 6, "name": "node42.washington.vicci.org", "created": "2013-04-03T23:14:11.072Z"}}, {"pk": 496, "model": "core.node", "fields": {"site": 9, "updated": "2013-06-21T21:17:13.982Z", "deployment": 6, "name": "node43.washington.vicci.org", "created": "2013-04-03T23:14:11.072Z"}}, {"pk": 497, "model": "core.node", "fields": {"site": 9, "updated": "2013-06-21T21:17:13.982Z", "deployment": 6, "name": "node44.washington.vicci.org", "created": "2013-04-03T23:14:11.072Z"}}, {"pk": 498, "model": "core.node", "fields": {"site": 9, "updated": "2013-06-21T21:17:13.982Z", "deployment": 6, "name": "node45.washington.vicci.org", "created": "2013-04-03T23:14:11.072Z"}}, {"pk": 499, "model": "core.node", "fields": {"site": 9, "updated": "2013-06-21T21:17:13.982Z", "deployment": 6, "name": "node46.washington.vicci.org", "created": "2013-04-03T23:14:11.072Z"}}, {"pk": 500, "model": "core.node", "fields": {"site": 9, "updated": "2013-06-21T21:17:13.982Z", "deployment": 6, "name": "node47.washington.vicci.org", "created": "2013-04-03T23:14:11.072Z"}}, {"pk": 501, "model": "core.node", "fields": {"site": 9, "updated": "2013-06-21T21:17:13.982Z", "deployment": 6, "name": "node48.washington.vicci.org", "created": "2013-04-03T23:14:11.072Z"}}, {"pk": 502, "model": "core.node", "fields": {"site": 9, "updated": "2013-06-21T21:17:13.982Z", "deployment": 6, "name": "node49.washington.vicci.org", "created": "2013-04-03T23:14:11.072Z"}}, {"pk": 503, "model": "core.node", "fields": {"site": 9, "updated": "2013-06-21T21:17:13.982Z", "deployment": 6, "name": "node50.washington.vicci.org", "created": "2013-04-03T23:14:11.072Z"}}, {"pk": 504, "model": "core.node", "fields": {"site": 9, "updated": "2013-06-21T21:17:13.982Z", "deployment": 6, "name": "node51.washington.vicci.org", "created": "2013-04-03T23:14:11.072Z"}}, {"pk": 505, "model": "core.node", "fields": {"site": 9, "updated": "2013-06-21T21:17:13.982Z", "deployment": 6, "name": "node52.washington.vicci.org", "created": "2013-04-03T23:14:11.072Z"}}, {"pk": 506, "model": "core.node", "fields": {"site": 9, "updated": "2013-06-21T21:17:13.982Z", "deployment": 6, "name": "node53.washington.vicci.org", "created": "2013-04-03T23:14:11.072Z"}}, {"pk": 507, "model": "core.node", "fields": {"site": 9, "updated": "2013-06-21T21:17:13.982Z", "deployment": 6, "name": "node54.washington.vicci.org", "created": "2013-04-03T23:14:11.072Z"}}, {"pk": 508, "model": "core.node", "fields": {"site": 9, "updated": "2013-06-21T21:17:13.982Z", "deployment": 6, "name": "node55.washington.vicci.org", "created": "2013-04-03T23:14:11.072Z"}}, {"pk": 509, "model": "core.node", "fields": {"site": 9, "updated": "2013-06-21T21:17:13.982Z", "deployment": 6, "name": "node56.washington.vicci.org", "created": "2013-04-03T23:14:11.072Z"}}, {"pk": 510, "model": "core.node", "fields": {"site": 9, "updated": "2013-06-21T21:17:13.982Z", "deployment": 6, "name": "node57.washington.vicci.org", "created": "2013-04-03T23:14:11.072Z"}}, {"pk": 511, "model": "core.node", "fields": {"site": 9, "updated": "2013-06-21T21:17:13.982Z", "deployment": 6, "name": "node58.washington.vicci.org", "created": "2013-04-03T23:14:11.072Z"}}, {"pk": 512, "model": "core.node", "fields": {"site": 9, "updated": "2013-06-21T21:17:13.982Z", "deployment": 6, "name": "node59.washington.vicci.org", "created": "2013-04-03T23:14:11.072Z"}}, {"pk": 513, "model": "core.node", "fields": {"site": 9, "updated": "2013-06-21T21:17:13.982Z", "deployment": 6, "name": "node60.washington.vicci.org", "created": "2013-04-03T23:14:11.072Z"}}, {"pk": 514, "model": "core.node", "fields": {"site": 9, "updated": "2013-06-21T21:17:13.982Z", "deployment": 6, "name": "node61.washington.vicci.org", "created": "2013-04-03T23:14:11.072Z"}}, {"pk": 515, "model": "core.node", "fields": {"site": 9, "updated": "2013-06-21T21:17:13.982Z", "deployment": 6, "name": "node62.washington.vicci.org", "created": "2013-04-03T23:14:11.072Z"}}, {"pk": 516, "model": "core.node", "fields": {"site": 9, "updated": "2013-06-21T21:17:13.982Z", "deployment": 6, "name": "node63.washington.vicci.org", "created": "2013-04-03T23:14:11.072Z"}}, {"pk": 517, "model": "core.node", "fields": {"site": 9, "updated": "2013-06-21T21:17:13.982Z", "deployment": 6, "name": "node64.washington.vicci.org", "created": "2013-04-03T23:14:11.072Z"}}, {"pk": 518, "model": "core.node", "fields": {"site": 9, "updated": "2013-06-21T21:17:13.982Z", "deployment": 6, "name": "node65.washington.vicci.org", "created": "2013-04-03T23:14:11.072Z"}}, {"pk": 519, "model": "core.node", "fields": {"site": 9, "updated": "2013-06-21T21:17:13.982Z", "deployment": 6, "name": "node66.washington.vicci.org", "created": "2013-04-03T23:14:11.072Z"}}, {"pk": 520, "model": "core.node", "fields": {"site": 9, "updated": "2013-06-21T21:17:13.982Z", "deployment": 6, "name": "node67.washington.vicci.org", "created": "2013-04-03T23:14:11.072Z"}}, {"pk": 521, "model": "core.node", "fields": {"site": 9, "updated": "2013-06-21T21:17:13.982Z", "deployment": 6, "name": "node68.washington.vicci.org", "created": "2013-04-03T23:14:11.072Z"}}, {"pk": 522, "model": "core.node", "fields": {"site": 9, "updated": "2013-06-21T21:17:13.982Z", "deployment": 6, "name": "node69.washington.vicci.org", "created": "2013-04-03T23:14:11.072Z"}}, {"pk": 523, "model": "core.node", "fields": {"site": 9, "updated": "2013-06-21T21:17:13.982Z", "deployment": 6, "name": "node70.washington.vicci.org", "created": "2013-04-03T23:14:11.072Z"}}, {"pk": 524, "model": "core.node", "fields": {"site": 10, "updated": "2013-06-21T21:17:13.982Z", "deployment": 7, "name": "node1.princeton.vicci.org", "created": "2013-04-03T23:14:11.072Z"}}, {"pk": 525, "model": "core.node", "fields": {"site": 10, "updated": "2013-06-21T21:17:13.982Z", "deployment": 7, "name": "node2.princeton.vicci.org", "created": "2013-04-03T23:14:11.072Z"}}, {"pk": 526, "model": "core.node", "fields": {"site": 10, "updated": "2013-06-21T21:17:13.982Z", "deployment": 7, "name": "node3.princeton.vicci.org", "created": "2013-04-03T23:14:11.072Z"}}, {"pk": 527, "model": "core.node", "fields": {"site": 10, "updated": "2013-06-21T21:17:13.982Z", "deployment": 7, "name": "node4.princeton.vicci.org", "created": "2013-04-03T23:14:11.072Z"}}, {"pk": 528, "model": "core.node", "fields": {"site": 10, "updated": "2013-06-21T21:17:13.982Z", "deployment": 7, "name": "node5.princeton.vicci.org", "created": "2013-04-03T23:14:11.072Z"}}, {"pk": 529, "model": "core.node", "fields": {"site": 10, "updated": "2013-06-21T21:17:13.982Z", "deployment": 7, "name": "node6.princeton.vicci.org", "created": "2013-04-03T23:14:11.072Z"}}, {"pk": 530, "model": "core.node", "fields": {"site": 10, "updated": "2013-06-21T21:17:13.982Z", "deployment": 7, "name": "node7.princeton.vicci.org", "created": "2013-04-03T23:14:11.072Z"}}, {"pk": 531, "model": "core.node", "fields": {"site": 10, "updated": "2013-06-21T21:17:13.982Z", "deployment": 7, "name": "node8.princeton.vicci.org", "created": "2013-04-03T23:14:11.072Z"}}, {"pk": 532, "model": "core.node", "fields": {"site": 10, "updated": "2013-06-21T21:17:13.982Z", "deployment": 7, "name": "node9.princeton.vicci.org", "created": "2013-04-03T23:14:11.072Z"}}, {"pk": 533, "model": "core.node", "fields": {"site": 10, "updated": "2013-06-21T21:17:13.982Z", "deployment": 7, "name": "node10.princeton.vicci.org", "created": "2013-04-03T23:14:11.072Z"}}, {"pk": 534, "model": "core.node", "fields": {"site": 10, "updated": "2013-06-21T21:17:13.982Z", "deployment": 7, "name": "node11.princeton.vicci.org", "created": "2013-04-03T23:14:11.072Z"}}, {"pk": 535, "model": "core.node", "fields": {"site": 10, "updated": "2013-06-21T21:17:13.982Z", "deployment": 7, "name": "node12.princeton.vicci.org", "created": "2013-04-03T23:14:11.072Z"}}, {"pk": 536, "model": "core.node", "fields": {"site": 10, "updated": "2013-06-21T21:17:13.982Z", "deployment": 7, "name": "node13.princeton.vicci.org", "created": "2013-04-03T23:14:11.072Z"}}, {"pk": 537, "model": "core.node", "fields": {"site": 10, "updated": "2013-06-21T21:17:13.982Z", "deployment": 7, "name": "node14.princeton.vicci.org", "created": "2013-04-03T23:14:11.072Z"}}, {"pk": 538, "model": "core.node", "fields": {"site": 10, "updated": "2013-06-21T21:17:13.982Z", "deployment": 7, "name": "node15.princeton.vicci.org", "created": "2013-04-03T23:14:11.072Z"}}, {"pk": 539, "model": "core.node", "fields": {"site": 10, "updated": "2013-06-21T21:17:13.982Z", "deployment": 7, "name": "node16.princeton.vicci.org", "created": "2013-04-03T23:14:11.072Z"}}, {"pk": 540, "model": "core.node", "fields": {"site": 10, "updated": "2013-06-21T21:17:13.982Z", "deployment": 7, "name": "node17.princeton.vicci.org", "created": "2013-04-03T23:14:11.072Z"}}, {"pk": 541, "model": "core.node", "fields": {"site": 10, "updated": "2013-06-21T21:17:13.982Z", "deployment": 7, "name": "node18.princeton.vicci.org", "created": "2013-04-03T23:14:11.072Z"}}, {"pk": 542, "model": "core.node", "fields": {"site": 10, "updated": "2013-06-21T21:17:13.982Z", "deployment": 7, "name": "node19.princeton.vicci.org", "created": "2013-04-03T23:14:11.072Z"}}, {"pk": 543, "model": "core.node", "fields": {"site": 10, "updated": "2013-06-21T21:17:13.982Z", "deployment": 7, "name": "node20.princeton.vicci.org", "created": "2013-04-03T23:14:11.072Z"}}, {"pk": 544, "model": "core.node", "fields": {"site": 10, "updated": "2013-06-21T21:17:13.982Z", "deployment": 7, "name": "node21.princeton.vicci.org", "created": "2013-04-03T23:14:11.072Z"}}, {"pk": 545, "model": "core.node", "fields": {"site": 10, "updated": "2013-06-21T21:17:13.982Z", "deployment": 7, "name": "node22.princeton.vicci.org", "created": "2013-04-03T23:14:11.072Z"}}, {"pk": 546, "model": "core.node", "fields": {"site": 10, "updated": "2013-06-21T21:17:13.982Z", "deployment": 7, "name": "node23.princeton.vicci.org", "created": "2013-04-03T23:14:11.072Z"}}, {"pk": 547, "model": "core.node", "fields": {"site": 10, "updated": "2013-06-21T21:17:13.982Z", "deployment": 7, "name": "node24.princeton.vicci.org", "created": "2013-04-03T23:14:11.072Z"}}, {"pk": 548, "model": "core.node", "fields": {"site": 10, "updated": "2013-06-21T21:17:13.982Z", "deployment": 7, "name": "node25.princeton.vicci.org", "created": "2013-04-03T23:14:11.072Z"}}, {"pk": 549, "model": "core.node", "fields": {"site": 10, "updated": "2013-06-21T21:17:13.982Z", "deployment": 7, "name": "node26.princeton.vicci.org", "created": "2013-04-03T23:14:11.072Z"}}, {"pk": 550, "model": "core.node", "fields": {"site": 10, "updated": "2013-06-21T21:17:13.982Z", "deployment": 7, "name": "node27.princeton.vicci.org", "created": "2013-04-03T23:14:11.072Z"}}, {"pk": 551, "model": "core.node", "fields": {"site": 10, "updated": "2013-06-21T21:17:13.982Z", "deployment": 7, "name": "node28.princeton.vicci.org", "created": "2013-04-03T23:14:11.072Z"}}, {"pk": 552, "model": "core.node", "fields": {"site": 10, "updated": "2013-06-21T21:17:13.982Z", "deployment": 7, "name": "node29.princeton.vicci.org", "created": "2013-04-03T23:14:11.072Z"}}, {"pk": 553, "model": "core.node", "fields": {"site": 10, "updated": "2013-06-21T21:17:13.982Z", "deployment": 7, "name": "node30.princeton.vicci.org", "created": "2013-04-03T23:14:11.072Z"}}, {"pk": 554, "model": "core.node", "fields": {"site": 10, "updated": "2013-06-21T21:17:13.982Z", "deployment": 7, "name": "node31.princeton.vicci.org", "created": "2013-04-03T23:14:11.072Z"}}, {"pk": 555, "model": "core.node", "fields": {"site": 10, "updated": "2013-06-21T21:17:13.982Z", "deployment": 7, "name": "node32.princeton.vicci.org", "created": "2013-04-03T23:14:11.072Z"}}, {"pk": 556, "model": "core.node", "fields": {"site": 10, "updated": "2013-06-21T21:17:13.982Z", "deployment": 7, "name": "node33.princeton.vicci.org", "created": "2013-04-03T23:14:11.072Z"}}, {"pk": 557, "model": "core.node", "fields": {"site": 10, "updated": "2013-06-21T21:17:13.982Z", "deployment": 7, "name": "node34.princeton.vicci.org", "created": "2013-04-03T23:14:11.072Z"}}, {"pk": 558, "model": "core.node", "fields": {"site": 10, "updated": "2013-06-21T21:17:13.982Z", "deployment": 7, "name": "node35.princeton.vicci.org", "created": "2013-04-03T23:14:11.072Z"}}, {"pk": 559, "model": "core.node", "fields": {"site": 10, "updated": "2013-06-21T21:17:13.982Z", "deployment": 7, "name": "node36.princeton.vicci.org", "created": "2013-04-03T23:14:11.072Z"}}, {"pk": 560, "model": "core.node", "fields": {"site": 10, "updated": "2013-06-21T21:17:13.982Z", "deployment": 7, "name": "node37.princeton.vicci.org", "created": "2013-04-03T23:14:11.072Z"}}, {"pk": 561, "model": "core.node", "fields": {"site": 10, "updated": "2013-06-21T21:17:13.982Z", "deployment": 7, "name": "node38.princeton.vicci.org", "created": "2013-04-03T23:14:11.072Z"}}, {"pk": 562, "model": "core.node", "fields": {"site": 10, "updated": "2013-06-21T21:17:13.982Z", "deployment": 7, "name": "node39.princeton.vicci.org", "created": "2013-04-03T23:14:11.072Z"}}, {"pk": 563, "model": "core.node", "fields": {"site": 10, "updated": "2013-06-21T21:17:13.982Z", "deployment": 7, "name": "node40.princeton.vicci.org", "created": "2013-04-03T23:14:11.072Z"}}, {"pk": 564, "model": "core.node", "fields": {"site": 10, "updated": "2013-06-21T21:17:13.982Z", "deployment": 7, "name": "node41.princeton.vicci.org", "created": "2013-04-03T23:14:11.072Z"}}, {"pk": 565, "model": "core.node", "fields": {"site": 10, "updated": "2013-06-21T21:17:13.982Z", "deployment": 7, "name": "node42.princeton.vicci.org", "created": "2013-04-03T23:14:11.072Z"}}, {"pk": 566, "model": "core.node", "fields": {"site": 10, "updated": "2013-06-21T21:17:13.982Z", "deployment": 7, "name": "node43.princeton.vicci.org", "created": "2013-04-03T23:14:11.072Z"}}, {"pk": 567, "model": "core.node", "fields": {"site": 10, "updated": "2013-06-21T21:17:13.982Z", "deployment": 7, "name": "node44.princeton.vicci.org", "created": "2013-04-03T23:14:11.072Z"}}, {"pk": 568, "model": "core.node", "fields": {"site": 10, "updated": "2013-06-21T21:17:13.982Z", "deployment": 7, "name": "node45.princeton.vicci.org", "created": "2013-04-03T23:14:11.072Z"}}, {"pk": 569, "model": "core.node", "fields": {"site": 10, "updated": "2013-06-21T21:17:13.982Z", "deployment": 7, "name": "node46.princeton.vicci.org", "created": "2013-04-03T23:14:11.072Z"}}, {"pk": 570, "model": "core.node", "fields": {"site": 10, "updated": "2013-06-21T21:17:13.982Z", "deployment": 7, "name": "node47.princeton.vicci.org", "created": "2013-04-03T23:14:11.072Z"}}, {"pk": 571, "model": "core.node", "fields": {"site": 10, "updated": "2013-06-21T21:17:13.982Z", "deployment": 7, "name": "node48.princeton.vicci.org", "created": "2013-04-03T23:14:11.072Z"}}, {"pk": 572, "model": "core.node", "fields": {"site": 10, "updated": "2013-06-21T21:17:13.982Z", "deployment": 7, "name": "node49.princeton.vicci.org", "created": "2013-04-03T23:14:11.072Z"}}, {"pk": 573, "model": "core.node", "fields": {"site": 10, "updated": "2013-06-21T21:17:13.982Z", "deployment": 7, "name": "node50.princeton.vicci.org", "created": "2013-04-03T23:14:11.072Z"}}, {"pk": 574, "model": "core.node", "fields": {"site": 10, "updated": "2013-06-21T21:17:13.982Z", "deployment": 7, "name": "node51.princeton.vicci.org", "created": "2013-04-03T23:14:11.072Z"}}, {"pk": 575, "model": "core.node", "fields": {"site": 10, "updated": "2013-06-21T21:17:13.982Z", "deployment": 7, "name": "node52.princeton.vicci.org", "created": "2013-04-03T23:14:11.072Z"}}, {"pk": 576, "model": "core.node", "fields": {"site": 10, "updated": "2013-06-21T21:17:13.982Z", "deployment": 7, "name": "node53.princeton.vicci.org", "created": "2013-04-03T23:14:11.072Z"}}, {"pk": 577, "model": "core.node", "fields": {"site": 10, "updated": "2013-06-21T21:17:13.982Z", "deployment": 7, "name": "node54.princeton.vicci.org", "created": "2013-04-03T23:14:11.072Z"}}, {"pk": 578, "model": "core.node", "fields": {"site": 10, "updated": "2013-06-21T21:17:13.982Z", "deployment": 7, "name": "node55.princeton.vicci.org", "created": "2013-04-03T23:14:11.072Z"}}, {"pk": 579, "model": "core.node", "fields": {"site": 10, "updated": "2013-06-21T21:17:13.982Z", "deployment": 7, "name": "node56.princeton.vicci.org", "created": "2013-04-03T23:14:11.072Z"}}, {"pk": 580, "model": "core.node", "fields": {"site": 10, "updated": "2013-06-21T21:17:13.982Z", "deployment": 7, "name": "node57.princeton.vicci.org", "created": "2013-04-03T23:14:11.072Z"}}, {"pk": 581, "model": "core.node", "fields": {"site": 10, "updated": "2013-06-21T21:17:13.982Z", "deployment": 7, "name": "node58.princeton.vicci.org", "created": "2013-04-03T23:14:11.072Z"}}, {"pk": 582, "model": "core.node", "fields": {"site": 10, "updated": "2013-06-21T21:17:13.982Z", "deployment": 7, "name": "node59.princeton.vicci.org", "created": "2013-04-03T23:14:11.072Z"}}, {"pk": 583, "model": "core.node", "fields": {"site": 10, "updated": "2013-06-21T21:17:13.982Z", "deployment": 7, "name": "node60.princeton.vicci.org", "created": "2013-04-03T23:14:11.072Z"}}, {"pk": 584, "model": "core.node", "fields": {"site": 10, "updated": "2013-06-21T21:17:13.982Z", "deployment": 7, "name": "node61.princeton.vicci.org", "created": "2013-04-03T23:14:11.072Z"}}, {"pk": 585, "model": "core.node", "fields": {"site": 10, "updated": "2013-06-21T21:17:13.982Z", "deployment": 7, "name": "node62.princeton.vicci.org", "created": "2013-04-03T23:14:11.072Z"}}, {"pk": 586, "model": "core.node", "fields": {"site": 10, "updated": "2013-06-21T21:17:13.982Z", "deployment": 7, "name": "node63.princeton.vicci.org", "created": "2013-04-03T23:14:11.072Z"}}, {"pk": 587, "model": "core.node", "fields": {"site": 10, "updated": "2013-06-21T21:17:13.982Z", "deployment": 7, "name": "node64.princeton.vicci.org", "created": "2013-04-03T23:14:11.072Z"}}, {"pk": 588, "model": "core.node", "fields": {"site": 10, "updated": "2013-06-21T21:17:13.982Z", "deployment": 7, "name": "node65.princeton.vicci.org", "created": "2013-04-03T23:14:11.072Z"}}, {"pk": 589, "model": "core.node", "fields": {"site": 10, "updated": "2013-06-21T21:17:13.982Z", "deployment": 7, "name": "node66.princeton.vicci.org", "created": "2013-04-03T23:14:11.072Z"}}, {"pk": 590, "model": "core.node", "fields": {"site": 10, "updated": "2013-06-21T21:17:13.982Z", "deployment": 7, "name": "node67.princeton.vicci.org", "created": "2013-04-03T23:14:11.072Z"}}, {"pk": 591, "model": "core.node", "fields": {"site": 10, "updated": "2013-06-21T21:17:13.982Z", "deployment": 7, "name": "node68.princeton.vicci.org", "created": "2013-04-03T23:14:11.072Z"}}, {"pk": 592, "model": "core.node", "fields": {"site": 10, "updated": "2013-06-21T21:17:13.982Z", "deployment": 7, "name": "node69.princeton.vicci.org", "created": "2013-04-03T23:14:11.072Z"}}, {"pk": 593, "model": "core.node", "fields": {"site": 10, "updated": "2013-06-21T21:17:13.982Z", "deployment": 7, "name": "node70.princeton.vicci.org", "created": "2013-04-03T23:14:11.072Z"}}, {"pk": 594, "model": "core.node", "fields": {"site": 11, "updated": "2013-06-21T21:17:13.982Z", "deployment": 8, "name": "node1.gt.vicci.org", "created": "2013-04-03T23:14:11.072Z"}}, {"pk": 595, "model": "core.node", "fields": {"site": 11, "updated": "2013-06-21T21:17:13.982Z", "deployment": 8, "name": "node2.gt.vicci.org", "created": "2013-04-03T23:14:11.072Z"}}, {"pk": 596, "model": "core.node", "fields": {"site": 11, "updated": "2013-06-21T21:17:13.982Z", "deployment": 8, "name": "node3.gt.vicci.org", "created": "2013-04-03T23:14:11.072Z"}}, {"pk": 597, "model": "core.node", "fields": {"site": 11, "updated": "2013-06-21T21:17:13.982Z", "deployment": 8, "name": "node4.gt.vicci.org", "created": "2013-04-03T23:14:11.072Z"}}, {"pk": 598, "model": "core.node", "fields": {"site": 11, "updated": "2013-06-21T21:17:13.982Z", "deployment": 8, "name": "node5.gt.vicci.org", "created": "2013-04-03T23:14:11.072Z"}}, {"pk": 599, "model": "core.node", "fields": {"site": 11, "updated": "2013-06-21T21:17:13.982Z", "deployment": 8, "name": "node6.gt.vicci.org", "created": "2013-04-03T23:14:11.072Z"}}, {"pk": 600, "model": "core.node", "fields": {"site": 11, "updated": "2013-06-21T21:17:13.982Z", "deployment": 8, "name": "node7.gt.vicci.org", "created": "2013-04-03T23:14:11.072Z"}}, {"pk": 601, "model": "core.node", "fields": {"site": 11, "updated": "2013-06-21T21:17:13.982Z", "deployment": 8, "name": "node8.gt.vicci.org", "created": "2013-04-03T23:14:11.072Z"}}, {"pk": 602, "model": "core.node", "fields": {"site": 11, "updated": "2013-06-21T21:17:13.982Z", "deployment": 8, "name": "node9.gt.vicci.org", "created": "2013-04-03T23:14:11.072Z"}}, {"pk": 603, "model": "core.node", "fields": {"site": 11, "updated": "2013-06-21T21:17:13.982Z", "deployment": 8, "name": "node10.gt.vicci.org", "created": "2013-04-03T23:14:11.072Z"}}, {"pk": 604, "model": "core.node", "fields": {"site": 11, "updated": "2013-06-21T21:17:13.982Z", "deployment": 8, "name": "node11.gt.vicci.org", "created": "2013-04-03T23:14:11.072Z"}}, {"pk": 605, "model": "core.node", "fields": {"site": 11, "updated": "2013-06-21T21:17:13.982Z", "deployment": 8, "name": "node12.gt.vicci.org", "created": "2013-04-03T23:14:11.072Z"}}, {"pk": 606, "model": "core.node", "fields": {"site": 11, "updated": "2013-06-21T21:17:13.982Z", "deployment": 8, "name": "node13.gt.vicci.org", "created": "2013-04-03T23:14:11.072Z"}}, {"pk": 607, "model": "core.node", "fields": {"site": 11, "updated": "2013-06-21T21:17:13.982Z", "deployment": 8, "name": "node14.gt.vicci.org", "created": "2013-04-03T23:14:11.072Z"}}, {"pk": 608, "model": "core.node", "fields": {"site": 11, "updated": "2013-06-21T21:17:13.982Z", "deployment": 8, "name": "node15.gt.vicci.org", "created": "2013-04-03T23:14:11.072Z"}}, {"pk": 609, "model": "core.node", "fields": {"site": 11, "updated": "2013-06-21T21:17:13.982Z", "deployment": 8, "name": "node16.gt.vicci.org", "created": "2013-04-03T23:14:11.072Z"}}, {"pk": 610, "model": "core.node", "fields": {"site": 11, "updated": "2013-06-21T21:17:13.982Z", "deployment": 8, "name": "node17.gt.vicci.org", "created": "2013-04-03T23:14:11.072Z"}}, {"pk": 611, "model": "core.node", "fields": {"site": 11, "updated": "2013-06-21T21:17:13.982Z", "deployment": 8, "name": "node18.gt.vicci.org", "created": "2013-04-03T23:14:11.072Z"}}, {"pk": 612, "model": "core.node", "fields": {"site": 11, "updated": "2013-06-21T21:17:13.982Z", "deployment": 8, "name": "node19.gt.vicci.org", "created": "2013-04-03T23:14:11.072Z"}}, {"pk": 613, "model": "core.node", "fields": {"site": 11, "updated": "2013-06-21T21:17:13.982Z", "deployment": 8, "name": "node20.gt.vicci.org", "created": "2013-04-03T23:14:11.072Z"}}, {"pk": 614, "model": "core.node", "fields": {"site": 11, "updated": "2013-06-21T21:17:13.982Z", "deployment": 8, "name": "node21.gt.vicci.org", "created": "2013-04-03T23:14:11.072Z"}}, {"pk": 615, "model": "core.node", "fields": {"site": 11, "updated": "2013-06-21T21:17:13.982Z", "deployment": 8, "name": "node22.gt.vicci.org", "created": "2013-04-03T23:14:11.072Z"}}, {"pk": 616, "model": "core.node", "fields": {"site": 11, "updated": "2013-06-21T21:17:13.982Z", "deployment": 8, "name": "node23.gt.vicci.org", "created": "2013-04-03T23:14:11.072Z"}}, {"pk": 617, "model": "core.node", "fields": {"site": 11, "updated": "2013-06-21T21:17:13.982Z", "deployment": 8, "name": "node24.gt.vicci.org", "created": "2013-04-03T23:14:11.072Z"}}, {"pk": 618, "model": "core.node", "fields": {"site": 11, "updated": "2013-06-21T21:17:13.982Z", "deployment": 8, "name": "node25.gt.vicci.org", "created": "2013-04-03T23:14:11.072Z"}}, {"pk": 619, "model": "core.node", "fields": {"site": 11, "updated": "2013-06-21T21:17:13.982Z", "deployment": 8, "name": "node26.gt.vicci.org", "created": "2013-04-03T23:14:11.072Z"}}, {"pk": 620, "model": "core.node", "fields": {"site": 11, "updated": "2013-06-21T21:17:13.982Z", "deployment": 8, "name": "node27.gt.vicci.org", "created": "2013-04-03T23:14:11.072Z"}}, {"pk": 621, "model": "core.node", "fields": {"site": 11, "updated": "2013-06-21T21:17:13.982Z", "deployment": 8, "name": "node28.gt.vicci.org", "created": "2013-04-03T23:14:11.072Z"}}, {"pk": 622, "model": "core.node", "fields": {"site": 11, "updated": "2013-06-21T21:17:13.982Z", "deployment": 8, "name": "node29.gt.vicci.org", "created": "2013-04-03T23:14:11.072Z"}}, {"pk": 623, "model": "core.node", "fields": {"site": 11, "updated": "2013-06-21T21:17:13.982Z", "deployment": 8, "name": "node30.gt.vicci.org", "created": "2013-04-03T23:14:11.072Z"}}, {"pk": 624, "model": "core.node", "fields": {"site": 11, "updated": "2013-06-21T21:17:13.982Z", "deployment": 8, "name": "node31.gt.vicci.org", "created": "2013-04-03T23:14:11.072Z"}}, {"pk": 625, "model": "core.node", "fields": {"site": 11, "updated": "2013-06-21T21:17:13.982Z", "deployment": 8, "name": "node32.gt.vicci.org", "created": "2013-04-03T23:14:11.072Z"}}, {"pk": 626, "model": "core.node", "fields": {"site": 11, "updated": "2013-06-21T21:17:13.982Z", "deployment": 8, "name": "node33.gt.vicci.org", "created": "2013-04-03T23:14:11.072Z"}}, {"pk": 627, "model": "core.node", "fields": {"site": 11, "updated": "2013-06-21T21:17:13.982Z", "deployment": 8, "name": "node34.gt.vicci.org", "created": "2013-04-03T23:14:11.072Z"}}, {"pk": 628, "model": "core.node", "fields": {"site": 11, "updated": "2013-06-21T21:17:13.982Z", "deployment": 8, "name": "node35.gt.vicci.org", "created": "2013-04-03T23:14:11.072Z"}}, {"pk": 629, "model": "core.node", "fields": {"site": 11, "updated": "2013-06-21T21:17:13.982Z", "deployment": 8, "name": "node36.gt.vicci.org", "created": "2013-04-03T23:14:11.072Z"}}, {"pk": 630, "model": "core.node", "fields": {"site": 11, "updated": "2013-06-21T21:17:13.982Z", "deployment": 8, "name": "node37.gt.vicci.org", "created": "2013-04-03T23:14:11.072Z"}}, {"pk": 631, "model": "core.node", "fields": {"site": 11, "updated": "2013-06-21T21:17:13.982Z", "deployment": 8, "name": "node38.gt.vicci.org", "created": "2013-04-03T23:14:11.072Z"}}, {"pk": 632, "model": "core.node", "fields": {"site": 11, "updated": "2013-06-21T21:17:13.982Z", "deployment": 8, "name": "node39.gt.vicci.org", "created": "2013-04-03T23:14:11.072Z"}}, {"pk": 633, "model": "core.node", "fields": {"site": 11, "updated": "2013-06-21T21:17:13.982Z", "deployment": 8, "name": "node40.gt.vicci.org", "created": "2013-04-03T23:14:11.072Z"}}, {"pk": 634, "model": "core.node", "fields": {"site": 11, "updated": "2013-06-21T21:17:13.982Z", "deployment": 8, "name": "node41.gt.vicci.org", "created": "2013-04-03T23:14:11.072Z"}}, {"pk": 635, "model": "core.node", "fields": {"site": 11, "updated": "2013-06-21T21:17:13.982Z", "deployment": 8, "name": "node42.gt.vicci.org", "created": "2013-04-03T23:14:11.072Z"}}, {"pk": 636, "model": "core.node", "fields": {"site": 11, "updated": "2013-06-21T21:17:13.982Z", "deployment": 8, "name": "node43.gt.vicci.org", "created": "2013-04-03T23:14:11.072Z"}}, {"pk": 637, "model": "core.node", "fields": {"site": 11, "updated": "2013-06-21T21:17:13.982Z", "deployment": 8, "name": "node44.gt.vicci.org", "created": "2013-04-03T23:14:11.072Z"}}, {"pk": 638, "model": "core.node", "fields": {"site": 11, "updated": "2013-06-21T21:17:13.982Z", "deployment": 8, "name": "node45.gt.vicci.org", "created": "2013-04-03T23:14:11.072Z"}}, {"pk": 639, "model": "core.node", "fields": {"site": 11, "updated": "2013-06-21T21:17:13.982Z", "deployment": 8, "name": "node46.gt.vicci.org", "created": "2013-04-03T23:14:11.072Z"}}, {"pk": 640, "model": "core.node", "fields": {"site": 11, "updated": "2013-06-21T21:17:13.982Z", "deployment": 8, "name": "node47.gt.vicci.org", "created": "2013-04-03T23:14:11.072Z"}}, {"pk": 641, "model": "core.node", "fields": {"site": 11, "updated": "2013-06-21T21:17:13.982Z", "deployment": 8, "name": "node48.gt.vicci.org", "created": "2013-04-03T23:14:11.072Z"}}, {"pk": 642, "model": "core.node", "fields": {"site": 11, "updated": "2013-06-21T21:17:13.982Z", "deployment": 8, "name": "node49.gt.vicci.org", "created": "2013-04-03T23:14:11.072Z"}}, {"pk": 643, "model": "core.node", "fields": {"site": 11, "updated": "2013-06-21T21:17:13.982Z", "deployment": 8, "name": "node50.gt.vicci.org", "created": "2013-04-03T23:14:11.072Z"}}, {"pk": 644, "model": "core.node", "fields": {"site": 11, "updated": "2013-06-21T21:17:13.982Z", "deployment": 8, "name": "node51.gt.vicci.org", "created": "2013-04-03T23:14:11.072Z"}}, {"pk": 645, "model": "core.node", "fields": {"site": 11, "updated": "2013-06-21T21:17:13.982Z", "deployment": 8, "name": "node52.gt.vicci.org", "created": "2013-04-03T23:14:11.072Z"}}, {"pk": 646, "model": "core.node", "fields": {"site": 11, "updated": "2013-06-21T21:17:13.982Z", "deployment": 8, "name": "node53.gt.vicci.org", "created": "2013-04-03T23:14:11.072Z"}}, {"pk": 647, "model": "core.node", "fields": {"site": 11, "updated": "2013-06-21T21:17:13.982Z", "deployment": 8, "name": "node54.gt.vicci.org", "created": "2013-04-03T23:14:11.072Z"}}, {"pk": 648, "model": "core.node", "fields": {"site": 11, "updated": "2013-06-21T21:17:13.982Z", "deployment": 8, "name": "node55.gt.vicci.org", "created": "2013-04-03T23:14:11.072Z"}}, {"pk": 649, "model": "core.node", "fields": {"site": 11, "updated": "2013-06-21T21:17:13.982Z", "deployment": 8, "name": "node56.gt.vicci.org", "created": "2013-04-03T23:14:11.072Z"}}, {"pk": 650, "model": "core.node", "fields": {"site": 11, "updated": "2013-06-21T21:17:13.982Z", "deployment": 8, "name": "node57.gt.vicci.org", "created": "2013-04-03T23:14:11.072Z"}}, {"pk": 651, "model": "core.node", "fields": {"site": 11, "updated": "2013-06-21T21:17:13.982Z", "deployment": 8, "name": "node58.gt.vicci.org", "created": "2013-04-03T23:14:11.072Z"}}, {"pk": 652, "model": "core.node", "fields": {"site": 11, "updated": "2013-06-21T21:17:13.982Z", "deployment": 8, "name": "node59.gt.vicci.org", "created": "2013-04-03T23:14:11.072Z"}}, {"pk": 653, "model": "core.node", "fields": {"site": 11, "updated": "2013-06-21T21:17:13.982Z", "deployment": 8, "name": "node60.gt.vicci.org", "created": "2013-04-03T23:14:11.072Z"}}, {"pk": 654, "model": "core.node", "fields": {"site": 11, "updated": "2013-06-21T21:17:13.982Z", "deployment": 8, "name": "node61.gt.vicci.org", "created": "2013-04-03T23:14:11.072Z"}}, {"pk": 655, "model": "core.node", "fields": {"site": 11, "updated": "2013-06-21T21:17:13.982Z", "deployment": 8, "name": "node62.gt.vicci.org", "created": "2013-04-03T23:14:11.072Z"}}, {"pk": 656, "model": "core.node", "fields": {"site": 11, "updated": "2013-06-21T21:17:13.982Z", "deployment": 8, "name": "node63.gt.vicci.org", "created": "2013-04-03T23:14:11.072Z"}}, {"pk": 657, "model": "core.node", "fields": {"site": 11, "updated": "2013-06-21T21:17:13.982Z", "deployment": 8, "name": "node64.gt.vicci.org", "created": "2013-04-03T23:14:11.072Z"}}, {"pk": 658, "model": "core.node", "fields": {"site": 11, "updated": "2013-06-21T21:17:13.982Z", "deployment": 8, "name": "node65.gt.vicci.org", "created": "2013-04-03T23:14:11.072Z"}}, {"pk": 659, "model": "core.node", "fields": {"site": 11, "updated": "2013-06-21T21:17:13.982Z", "deployment": 8, "name": "node66.gt.vicci.org", "created": "2013-04-03T23:14:11.072Z"}}, {"pk": 660, "model": "core.node", "fields": {"site": 11, "updated": "2013-06-21T21:17:13.982Z", "deployment": 8, "name": "node67.gt.vicci.org", "created": "2013-04-03T23:14:11.072Z"}}, {"pk": 661, "model": "core.node", "fields": {"site": 11, "updated": "2013-06-21T21:17:13.982Z", "deployment": 8, "name": "node68.gt.vicci.org", "created": "2013-04-03T23:14:11.072Z"}}, {"pk": 662, "model": "core.node", "fields": {"site": 11, "updated": "2013-06-21T21:17:13.982Z", "deployment": 8, "name": "node69.gt.vicci.org", "created": "2013-04-03T23:14:11.072Z"}}, {"pk": 663, "model": "core.node", "fields": {"site": 11, "updated": "2013-06-21T21:17:13.982Z", "deployment": 8, "name": "node70.gt.vicci.org", "created": "2013-04-03T23:14:11.072Z"}}, {"pk": 664, "model": "core.node", "fields": {"site": 12, "updated": "2013-06-21T21:17:13.982Z", "deployment": 9, "name": "node1.mpisws.vicci.org", "created": "2013-04-03T23:14:11.072Z"}}, {"pk": 665, "model": "core.node", "fields": {"site": 12, "updated": "2013-06-21T21:17:13.982Z", "deployment": 9, "name": "node2.mpisws.vicci.org", "created": "2013-04-03T23:14:11.072Z"}}, {"pk": 666, "model": "core.node", "fields": {"site": 12, "updated": "2013-06-21T21:17:13.982Z", "deployment": 9, "name": "node3.mpisws.vicci.org", "created": "2013-04-03T23:14:11.072Z"}}, {"pk": 667, "model": "core.node", "fields": {"site": 12, "updated": "2013-06-21T21:17:13.982Z", "deployment": 9, "name": "node4.mpisws.vicci.org", "created": "2013-04-03T23:14:11.072Z"}}, {"pk": 668, "model": "core.node", "fields": {"site": 12, "updated": "2013-06-21T21:17:13.982Z", "deployment": 9, "name": "node5.mpisws.vicci.org", "created": "2013-04-03T23:14:11.072Z"}}, {"pk": 669, "model": "core.node", "fields": {"site": 12, "updated": "2013-06-21T21:17:13.982Z", "deployment": 9, "name": "node6.mpisws.vicci.org", "created": "2013-04-03T23:14:11.072Z"}}, {"pk": 670, "model": "core.node", "fields": {"site": 12, "updated": "2013-06-21T21:17:13.982Z", "deployment": 9, "name": "node7.mpisws.vicci.org", "created": "2013-04-03T23:14:11.072Z"}}, {"pk": 671, "model": "core.node", "fields": {"site": 12, "updated": "2013-06-21T21:17:13.982Z", "deployment": 9, "name": "node8.mpisws.vicci.org", "created": "2013-04-03T23:14:11.072Z"}}, {"pk": 672, "model": "core.node", "fields": {"site": 12, "updated": "2013-06-21T21:17:13.982Z", "deployment": 9, "name": "node9.mpisws.vicci.org", "created": "2013-04-03T23:14:11.072Z"}}, {"pk": 673, "model": "core.node", "fields": {"site": 12, "updated": "2013-06-21T21:17:13.982Z", "deployment": 9, "name": "node10.mpisws.vicci.org", "created": "2013-04-03T23:14:11.072Z"}}, {"pk": 674, "model": "core.node", "fields": {"site": 12, "updated": "2013-06-21T21:17:13.982Z", "deployment": 9, "name": "node11.mpisws.vicci.org", "created": "2013-04-03T23:14:11.072Z"}}, {"pk": 675, "model": "core.node", "fields": {"site": 12, "updated": "2013-06-21T21:17:13.982Z", "deployment": 9, "name": "node12.mpisws.vicci.org", "created": "2013-04-03T23:14:11.072Z"}}, {"pk": 676, "model": "core.node", "fields": {"site": 12, "updated": "2013-06-21T21:17:13.982Z", "deployment": 9, "name": "node13.mpisws.vicci.org", "created": "2013-04-03T23:14:11.072Z"}}, {"pk": 677, "model": "core.node", "fields": {"site": 12, "updated": "2013-06-21T21:17:13.982Z", "deployment": 9, "name": "node14.mpisws.vicci.org", "created": "2013-04-03T23:14:11.072Z"}}, {"pk": 678, "model": "core.node", "fields": {"site": 12, "updated": "2013-06-21T21:17:13.982Z", "deployment": 9, "name": "node15.mpisws.vicci.org", "created": "2013-04-03T23:14:11.072Z"}}, {"pk": 679, "model": "core.node", "fields": {"site": 12, "updated": "2013-06-21T21:17:13.982Z", "deployment": 9, "name": "node16.mpisws.vicci.org", "created": "2013-04-03T23:14:11.072Z"}}, {"pk": 680, "model": "core.node", "fields": {"site": 12, "updated": "2013-06-21T21:17:13.982Z", "deployment": 9, "name": "node17.mpisws.vicci.org", "created": "2013-04-03T23:14:11.072Z"}}, {"pk": 681, "model": "core.node", "fields": {"site": 12, "updated": "2013-06-21T21:17:13.982Z", "deployment": 9, "name": "node18.mpisws.vicci.org", "created": "2013-04-03T23:14:11.072Z"}}, {"pk": 682, "model": "core.node", "fields": {"site": 12, "updated": "2013-06-21T21:17:13.982Z", "deployment": 9, "name": "node19.mpisws.vicci.org", "created": "2013-04-03T23:14:11.072Z"}}, {"pk": 683, "model": "core.node", "fields": {"site": 12, "updated": "2013-06-21T21:17:13.982Z", "deployment": 9, "name": "node20.mpisws.vicci.org", "created": "2013-04-03T23:14:11.072Z"}}, {"pk": 684, "model": "core.node", "fields": {"site": 12, "updated": "2013-06-21T21:17:13.982Z", "deployment": 9, "name": "node21.mpisws.vicci.org", "created": "2013-04-03T23:14:11.072Z"}}, {"pk": 685, "model": "core.node", "fields": {"site": 12, "updated": "2013-06-21T21:17:13.982Z", "deployment": 9, "name": "node22.mpisws.vicci.org", "created": "2013-04-03T23:14:11.072Z"}}, {"pk": 686, "model": "core.node", "fields": {"site": 12, "updated": "2013-06-21T21:17:13.982Z", "deployment": 9, "name": "node23.mpisws.vicci.org", "created": "2013-04-03T23:14:11.072Z"}}, {"pk": 687, "model": "core.node", "fields": {"site": 12, "updated": "2013-06-21T21:17:13.982Z", "deployment": 9, "name": "node24.mpisws.vicci.org", "created": "2013-04-03T23:14:11.072Z"}}, {"pk": 688, "model": "core.node", "fields": {"site": 12, "updated": "2013-06-21T21:17:13.982Z", "deployment": 9, "name": "node25.mpisws.vicci.org", "created": "2013-04-03T23:14:11.072Z"}}, {"pk": 689, "model": "core.node", "fields": {"site": 12, "updated": "2013-06-21T21:17:13.982Z", "deployment": 9, "name": "node26.mpisws.vicci.org", "created": "2013-04-03T23:14:11.072Z"}}, {"pk": 690, "model": "core.node", "fields": {"site": 12, "updated": "2013-06-21T21:17:13.982Z", "deployment": 9, "name": "node27.mpisws.vicci.org", "created": "2013-04-03T23:14:11.072Z"}}, {"pk": 691, "model": "core.node", "fields": {"site": 12, "updated": "2013-06-21T21:17:13.982Z", "deployment": 9, "name": "node28.mpisws.vicci.org", "created": "2013-04-03T23:14:11.072Z"}}, {"pk": 692, "model": "core.node", "fields": {"site": 12, "updated": "2013-06-21T21:17:13.982Z", "deployment": 9, "name": "node29.mpisws.vicci.org", "created": "2013-04-03T23:14:11.072Z"}}, {"pk": 693, "model": "core.node", "fields": {"site": 12, "updated": "2013-06-21T21:17:13.982Z", "deployment": 9, "name": "node30.mpisws.vicci.org", "created": "2013-04-03T23:14:11.072Z"}}, {"pk": 694, "model": "core.node", "fields": {"site": 12, "updated": "2013-06-21T21:17:13.982Z", "deployment": 9, "name": "node31.mpisws.vicci.org", "created": "2013-04-03T23:14:11.072Z"}}, {"pk": 695, "model": "core.node", "fields": {"site": 12, "updated": "2013-06-21T21:17:13.982Z", "deployment": 9, "name": "node32.mpisws.vicci.org", "created": "2013-04-03T23:14:11.072Z"}}, {"pk": 696, "model": "core.node", "fields": {"site": 12, "updated": "2013-06-21T21:17:13.982Z", "deployment": 9, "name": "node33.mpisws.vicci.org", "created": "2013-04-03T23:14:11.072Z"}}, {"pk": 697, "model": "core.node", "fields": {"site": 12, "updated": "2013-06-21T21:17:13.982Z", "deployment": 9, "name": "node34.mpisws.vicci.org", "created": "2013-04-03T23:14:11.072Z"}}, {"pk": 698, "model": "core.node", "fields": {"site": 12, "updated": "2013-06-21T21:17:13.982Z", "deployment": 9, "name": "node35.mpisws.vicci.org", "created": "2013-04-03T23:14:11.072Z"}}, {"pk": 699, "model": "core.node", "fields": {"site": 12, "updated": "2013-06-21T21:17:13.982Z", "deployment": 9, "name": "node36.mpisws.vicci.org", "created": "2013-04-03T23:14:11.072Z"}}, {"pk": 700, "model": "core.node", "fields": {"site": 12, "updated": "2013-06-21T21:17:13.982Z", "deployment": 9, "name": "node37.mpisws.vicci.org", "created": "2013-04-03T23:14:11.072Z"}}, {"pk": 701, "model": "core.node", "fields": {"site": 12, "updated": "2013-06-21T21:17:13.982Z", "deployment": 9, "name": "node38.mpisws.vicci.org", "created": "2013-04-03T23:14:11.072Z"}}, {"pk": 702, "model": "core.node", "fields": {"site": 12, "updated": "2013-06-21T21:17:13.982Z", "deployment": 9, "name": "node39.mpisws.vicci.org", "created": "2013-04-03T23:14:11.072Z"}}, {"pk": 703, "model": "core.node", "fields": {"site": 12, "updated": "2013-06-21T21:17:13.982Z", "deployment": 9, "name": "node40.mpisws.vicci.org", "created": "2013-04-03T23:14:11.072Z"}}, {"pk": 704, "model": "core.node", "fields": {"site": 12, "updated": "2013-06-21T21:17:13.982Z", "deployment": 9, "name": "node41.mpisws.vicci.org", "created": "2013-04-03T23:14:11.072Z"}}, {"pk": 705, "model": "core.node", "fields": {"site": 12, "updated": "2013-06-21T21:17:13.982Z", "deployment": 9, "name": "node42.mpisws.vicci.org", "created": "2013-04-03T23:14:11.072Z"}}, {"pk": 706, "model": "core.node", "fields": {"site": 12, "updated": "2013-06-21T21:17:13.982Z", "deployment": 9, "name": "node43.mpisws.vicci.org", "created": "2013-04-03T23:14:11.072Z"}}, {"pk": 707, "model": "core.node", "fields": {"site": 12, "updated": "2013-06-21T21:17:13.982Z", "deployment": 9, "name": "node44.mpisws.vicci.org", "created": "2013-04-03T23:14:11.072Z"}}, {"pk": 708, "model": "core.node", "fields": {"site": 12, "updated": "2013-06-21T21:17:13.982Z", "deployment": 9, "name": "node45.mpisws.vicci.org", "created": "2013-04-03T23:14:11.072Z"}}, {"pk": 709, "model": "core.node", "fields": {"site": 12, "updated": "2013-06-21T21:17:13.982Z", "deployment": 9, "name": "node46.mpisws.vicci.org", "created": "2013-04-03T23:14:11.072Z"}}, {"pk": 710, "model": "core.node", "fields": {"site": 12, "updated": "2013-06-21T21:17:13.982Z", "deployment": 9, "name": "node47.mpisws.vicci.org", "created": "2013-04-03T23:14:11.072Z"}}, {"pk": 711, "model": "core.node", "fields": {"site": 12, "updated": "2013-06-21T21:17:13.982Z", "deployment": 9, "name": "node48.mpisws.vicci.org", "created": "2013-04-03T23:14:11.072Z"}}, {"pk": 712, "model": "core.node", "fields": {"site": 12, "updated": "2013-06-21T21:17:13.982Z", "deployment": 9, "name": "node49.mpisws.vicci.org", "created": "2013-04-03T23:14:11.072Z"}}, {"pk": 713, "model": "core.node", "fields": {"site": 12, "updated": "2013-06-21T21:17:13.982Z", "deployment": 9, "name": "node50.mpisws.vicci.org", "created": "2013-04-03T23:14:11.072Z"}}, {"pk": 714, "model": "core.node", "fields": {"site": 12, "updated": "2013-06-21T21:17:13.982Z", "deployment": 9, "name": "node51.mpisws.vicci.org", "created": "2013-04-03T23:14:11.072Z"}}, {"pk": 715, "model": "core.node", "fields": {"site": 12, "updated": "2013-06-21T21:17:13.982Z", "deployment": 9, "name": "node52.mpisws.vicci.org", "created": "2013-04-03T23:14:11.072Z"}}, {"pk": 716, "model": "core.node", "fields": {"site": 12, "updated": "2013-06-21T21:17:13.982Z", "deployment": 9, "name": "node53.mpisws.vicci.org", "created": "2013-04-03T23:14:11.072Z"}}, {"pk": 717, "model": "core.node", "fields": {"site": 12, "updated": "2013-06-21T21:17:13.982Z", "deployment": 9, "name": "node54.mpisws.vicci.org", "created": "2013-04-03T23:14:11.072Z"}}, {"pk": 718, "model": "core.node", "fields": {"site": 12, "updated": "2013-06-21T21:17:13.982Z", "deployment": 9, "name": "node55.mpisws.vicci.org", "created": "2013-04-03T23:14:11.072Z"}}, {"pk": 719, "model": "core.node", "fields": {"site": 12, "updated": "2013-06-21T21:17:13.982Z", "deployment": 9, "name": "node56.mpisws.vicci.org", "created": "2013-04-03T23:14:11.072Z"}}, {"pk": 720, "model": "core.node", "fields": {"site": 12, "updated": "2013-06-21T21:17:13.982Z", "deployment": 9, "name": "node57.mpisws.vicci.org", "created": "2013-04-03T23:14:11.072Z"}}, {"pk": 721, "model": "core.node", "fields": {"site": 12, "updated": "2013-06-21T21:17:13.982Z", "deployment": 9, "name": "node58.mpisws.vicci.org", "created": "2013-04-03T23:14:11.072Z"}}, {"pk": 722, "model": "core.node", "fields": {"site": 12, "updated": "2013-06-21T21:17:13.982Z", "deployment": 9, "name": "node59.mpisws.vicci.org", "created": "2013-04-03T23:14:11.072Z"}}, {"pk": 723, "model": "core.node", "fields": {"site": 12, "updated": "2013-06-21T21:17:13.982Z", "deployment": 9, "name": "node60.mpisws.vicci.org", "created": "2013-04-03T23:14:11.072Z"}}, {"pk": 724, "model": "core.node", "fields": {"site": 12, "updated": "2013-06-21T21:17:13.982Z", "deployment": 9, "name": "node61.mpisws.vicci.org", "created": "2013-04-03T23:14:11.072Z"}}, {"pk": 725, "model": "core.node", "fields": {"site": 12, "updated": "2013-06-21T21:17:13.982Z", "deployment": 9, "name": "node62.mpisws.vicci.org", "created": "2013-04-03T23:14:11.072Z"}}, {"pk": 726, "model": "core.node", "fields": {"site": 12, "updated": "2013-06-21T21:17:13.982Z", "deployment": 9, "name": "node63.mpisws.vicci.org", "created": "2013-04-03T23:14:11.072Z"}}, {"pk": 727, "model": "core.node", "fields": {"site": 12, "updated": "2013-06-21T21:17:13.982Z", "deployment": 9, "name": "node64.mpisws.vicci.org", "created": "2013-04-03T23:14:11.072Z"}}, {"pk": 728, "model": "core.node", "fields": {"site": 12, "updated": "2013-06-21T21:17:13.982Z", "deployment": 9, "name": "node65.mpisws.vicci.org", "created": "2013-04-03T23:14:11.072Z"}}, {"pk": 729, "model": "core.node", "fields": {"site": 12, "updated": "2013-06-21T21:17:13.982Z", "deployment": 9, "name": "node66.mpisws.vicci.org", "created": "2013-04-03T23:14:11.072Z"}}, {"pk": 730, "model": "core.node", "fields": {"site": 12, "updated": "2013-06-21T21:17:13.982Z", "deployment": 9, "name": "node67.mpisws.vicci.org", "created": "2013-04-03T23:14:11.072Z"}}, {"pk": 731, "model": "core.node", "fields": {"site": 12, "updated": "2013-06-21T21:17:13.982Z", "deployment": 9, "name": "node68.mpisws.vicci.org", "created": "2013-04-03T23:14:11.072Z"}}, {"pk": 732, "model": "core.node", "fields": {"site": 12, "updated": "2013-06-21T21:17:13.982Z", "deployment": 9, "name": "node69.mpisws.vicci.org", "created": "2013-04-03T23:14:11.072Z"}}, {"pk": 733, "model": "core.node", "fields": {"site": 12, "updated": "2013-06-21T21:17:13.982Z", "deployment": 9, "name": "node70.mpisws.vicci.org", "created": "2013-04-03T23:14:11.072Z"}}, {"pk": 734, "model": "core.node", "fields": {"site": 13, "updated": "2013-06-21T21:17:13.982Z", "deployment": 10, "name": "node1.atla.internet2.vini-veritas.net", "created": "2013-04-03T23:14:11.072Z"}}, {"pk": 735, "model": "core.node", "fields": {"site": 13, "updated": "2013-06-21T21:17:13.982Z", "deployment": 10, "name": "node2.atla.internet2.vini-veritas.net", "created": "2013-04-03T23:14:11.072Z"}}, {"pk": 736, "model": "core.node", "fields": {"site": 14, "updated": "2013-06-21T21:17:13.982Z", "deployment": 10, "name": "node1.chic.internet2.vini-veritas.net", "created": "2013-04-03T23:14:11.072Z"}}, {"pk": 737, "model": "core.node", "fields": {"site": 14, "updated": "2013-06-21T21:17:13.982Z", "deployment": 10, "name": "node2.chic.internet2.vini-veritas.net", "created": "2013-04-03T23:14:11.072Z"}}, {"pk": 738, "model": "core.node", "fields": {"site": 15, "updated": "2013-06-21T21:17:13.982Z", "deployment": 10, "name": "node1.hous.internet2.vini-veritas.net", "created": "2013-04-03T23:14:11.072Z"}}, {"pk": 739, "model": "core.node", "fields": {"site": 15, "updated": "2013-06-21T21:17:13.982Z", "deployment": 10, "name": "node2.hous.internet2.vini-veritas.net", "created": "2013-04-03T23:14:11.072Z"}}, {"pk": 740, "model": "core.node", "fields": {"site": 16, "updated": "2013-06-21T21:17:13.982Z", "deployment": 10, "name": "node1.kans.internet2.vini-veritas.net", "created": "2013-04-03T23:14:11.072Z"}}, {"pk": 741, "model": "core.node", "fields": {"site": 16, "updated": "2013-06-21T21:17:13.982Z", "deployment": 10, "name": "node2.kans.internet2.vini-veritas.net", "created": "2013-04-03T23:14:11.072Z"}}, {"pk": 742, "model": "core.node", "fields": {"site": 17, "updated": "2013-06-21T21:17:13.982Z", "deployment": 10, "name": "node1.losa.internet2.vini-veritas.net", "created": "2013-04-03T23:14:11.072Z"}}, {"pk": 743, "model": "core.node", "fields": {"site": 17, "updated": "2013-06-21T21:17:13.982Z", "deployment": 10, "name": "node2.losa.internet2.vini-veritas.net", "created": "2013-04-03T23:14:11.072Z"}}, {"pk": 744, "model": "core.node", "fields": {"site": 18, "updated": "2013-06-21T21:17:13.982Z", "deployment": 10, "name": "node1.newy.internet2.vini-veritas.net", "created": "2013-04-03T23:14:11.072Z"}}, {"pk": 745, "model": "core.node", "fields": {"site": 18, "updated": "2013-06-21T21:17:13.982Z", "deployment": 10, "name": "node2.newy.internet2.vini-veritas.net", "created": "2013-04-03T23:14:11.072Z"}}, {"pk": 746, "model": "core.node", "fields": {"site": 19, "updated": "2013-06-21T21:17:13.982Z", "deployment": 10, "name": "node1.salt.internet2.vini-veritas.net", "created": "2013-04-03T23:14:11.072Z"}}, {"pk": 747, "model": "core.node", "fields": {"site": 19, "updated": "2013-06-21T21:17:13.982Z", "deployment": 10, "name": "node2.salt.internet2.vini-veritas.net", "created": "2013-04-03T23:14:11.072Z"}}, {"pk": 748, "model": "core.node", "fields": {"site": 20, "updated": "2013-06-21T21:17:13.982Z", "deployment": 10, "name": "node1.seat.internet2.vini-veritas.net", "created": "2013-04-03T23:14:11.072Z"}}, {"pk": 749, "model": "core.node", "fields": {"site": 20, "updated": "2013-06-21T21:17:13.982Z", "deployment": 10, "name": "node2.seat.internet2.vini-veritas.net", "created": "2013-04-03T23:14:11.072Z"}}, {"pk": 750, "model": "core.node", "fields": {"site": 21, "updated": "2013-06-21T21:17:13.982Z", "deployment": 10, "name": "node1.wash.internet2.vini-veritas.net", "created": "2013-04-03T23:14:11.072Z"}}, {"pk": 751, "model": "core.node", "fields": {"site": 21, "updated": "2013-06-21T21:17:13.982Z", "deployment": 10, "name": "node2.wash.internet2.vini-veritas.net", "created": "2013-04-03T23:14:11.072Z"}}, {"pk": 3, "model": "hpc.hpcservice", "fields": {}}, {"pk": 4, "model": "requestrouter.requestrouterservice", "fields": {"behindNat": false, "defaultAction": "best", "defaultTTL": 30, "lastResortAction": "random", "maxAnswers": 3}}, {"pk": 1, "model": "requestrouter.clientmap", "fields": {"description": "", "site": 10, "name": "BaseClientMap"}}, {"pk": 1, "model": "admin.logentry", "fields": {"action_flag": 2, "action_time": "2013-11-26T12:38:50.589Z", "object_repr": "Syndicate", "object_id": "6", "change_message": "Changed site.", "user": 1, "content_type": 24}}, {"pk": 2, "model": "admin.logentry", "fields": {"action_flag": 2, "action_time": "2013-11-26T12:38:57.967Z", "object_repr": "RequestRouter", "object_id": "5", "change_message": "Changed site.", "user": 1, "content_type": 24}}, {"pk": 3, "model": "admin.logentry", "fields": {"action_flag": 2, "action_time": "2013-11-26T12:39:05.023Z", "object_repr": "HyperCache", "object_id": "4", "change_message": "Changed site.", "user": 1, "content_type": 24}}, {"pk": 4, "model": "admin.logentry", "fields": {"action_flag": 3, "action_time": "2013-11-26T12:39:19.487Z", "object_repr": "Princeton University", "object_id": "1", "change_message": "", "user": 1, "content_type": 16}}, {"pk": 5, "model": "admin.logentry", "fields": {"action_flag": 1, "action_time": "2013-11-26T12:42:25.267Z", "object_repr": "RequestRouterService", "object_id": "2", "change_message": "", "user": 1, "content_type": 46}}, {"pk": 6, "model": "admin.logentry", "fields": {"action_flag": 3, "action_time": "2013-11-26T12:43:38.146Z", "object_repr": "Request Router Service", "object_id": "2", "change_message": "", "user": 1, "content_type": 12}}, {"pk": 7, "model": "admin.logentry", "fields": {"action_flag": 1, "action_time": "2013-11-26T12:45:24.216Z", "object_repr": "HPC Service", "object_id": "3", "change_message": "", "user": 1, "content_type": 41}}, {"pk": 8, "model": "admin.logentry", "fields": {"action_flag": 1, "action_time": "2013-11-26T12:45:59.010Z", "object_repr": "RequestRouterService", "object_id": "4", "change_message": "", "user": 1, "content_type": 46}}, {"pk": 9, "model": "admin.logentry", "fields": {"action_flag": 2, "action_time": "2013-11-26T12:46:15.850Z", "object_repr": "Syndicate", "object_id": "6", "change_message": "Changed service.", "user": 1, "content_type": 24}}, {"pk": 10, "model": "admin.logentry", "fields": {"action_flag": 2, "action_time": "2013-11-26T12:46:47.916Z", "object_repr": "HyperCache", "object_id": "4", "change_message": "Changed service.", "user": 1, "content_type": 24}}, {"pk": 11, "model": "admin.logentry", "fields": {"action_flag": 2, "action_time": "2013-11-26T12:47:16.228Z", "object_repr": "Request Router Service", "object_id": "1", "change_message": "Deleted slice \"RequestRouter\".", "user": 1, "content_type": 12}}, {"pk": 12, "model": "admin.logentry", "fields": {"action_flag": 3, "action_time": "2013-11-26T12:47:51.101Z", "object_repr": "Request Router Service", "object_id": "1", "change_message": "", "user": 1, "content_type": 12}}, {"pk": 13, "model": "admin.logentry", "fields": {"action_flag": 1, "action_time": "2013-11-26T12:48:20.644Z", "object_repr": "RequestRouter", "object_id": "7", "change_message": "", "user": 1, "content_type": 24}}, {"pk": 14, "model": "admin.logentry", "fields": {"action_flag": 1, "action_time": "2013-11-26T12:48:41.210Z", "object_repr": "BaseClientMap", "object_id": "1", "change_message": "", "user": 1, "content_type": 47}}, {"pk": 15, "model": "admin.logentry", "fields": {"action_flag": 2, "action_time": "2013-12-04T20:47:03.686Z", "object_repr": "llp@onlab.us", "object_id": "7", "change_message": "Changed email and password.", "user": 7, "content_type": 22}}, {"pk": 16, "model": "admin.logentry", "fields": {"action_flag": 3, "action_time": "2013-12-04T22:47:44.853Z", "object_repr": "RequestRouter", "object_id": "7", "change_message": "", "user": 8, "content_type": 24}}, {"pk": 17, "model": "admin.logentry", "fields": {"action_flag": 1, "action_time": "2013-12-04T22:48:35.586Z", "object_repr": "DnsRedir", "object_id": "8", "change_message": "", "user": 8, "content_type": 24}}, {"pk": 18, "model": "admin.logentry", "fields": {"action_flag": 1, "action_time": "2013-12-04T22:49:23.052Z", "object_repr": "DnsDemux", "object_id": "9", "change_message": "", "user": 8, "content_type": 24}}, {"pk": 19, "model": "admin.logentry", "fields": {"action_flag": 2, "action_time": "2013-12-04T22:49:36.848Z", "object_repr": "DnsRedir", "object_id": "8", "change_message": "Changed description.", "user": 8, "content_type": 24}}, {"pk": 20, "model": "admin.logentry", "fields": {"action_flag": 2, "action_time": "2013-12-04T22:50:07.782Z", "object_repr": "HyperCache", "object_id": "4", "change_message": "Changed description and service.", "user": 8, "content_type": 24}}, {"pk": 21, "model": "admin.logentry", "fields": {"action_flag": 1, "action_time": "2013-12-04T22:51:07.141Z", "object_repr": "Syndicate", "object_id": "5", "change_message": "", "user": 8, "content_type": 12}}, {"pk": 22, "model": "admin.logentry", "fields": {"action_flag": 2, "action_time": "2013-12-04T22:51:18.495Z", "object_repr": "Syndicate", "object_id": "6", "change_message": "Changed service.", "user": 8, "content_type": 24}}, {"pk": 23, "model": "admin.logentry", "fields": {"action_flag": 2, "action_time": "2013-12-05T01:39:17.611Z", "object_repr": "Princeton", "object_id": "10", "change_message": "Changed name.", "user": 2, "content_type": 16}}, {"pk": 24, "model": "admin.logentry", "fields": {"action_flag": 2, "action_time": "2013-12-05T01:39:55.254Z", "object_repr": "Washington", "object_id": "9", "change_message": "Changed name, site_url and location.", "user": 2, "content_type": 16}}, {"pk": 25, "model": "admin.logentry", "fields": {"action_flag": 2, "action_time": "2013-12-05T01:40:10.472Z", "object_repr": "Stanford", "object_id": "8", "change_message": "Changed name and location.", "user": 2, "content_type": 16}}, {"pk": 26, "model": "admin.logentry", "fields": {"action_flag": 2, "action_time": "2013-12-05T01:40:37.052Z", "object_repr": "GeorgiaTech", "object_id": "11", "change_message": "Changed name, site_url and location.", "user": 2, "content_type": 16}}, {"pk": 27, "model": "admin.logentry", "fields": {"action_flag": 2, "action_time": "2013-12-05T01:40:52.762Z", "object_repr": "MaxPlanck", "object_id": "12", "change_message": "Changed name and location.", "user": 2, "content_type": 16}}, {"pk": 28, "model": "admin.logentry", "fields": {"action_flag": 2, "action_time": "2013-12-05T01:41:11.419Z", "object_repr": "HyperCache", "object_id": "4", "change_message": "Changed site.", "user": 2, "content_type": 24}}, {"pk": 29, "model": "admin.logentry", "fields": {"action_flag": 2, "action_time": "2013-12-05T01:41:23.041Z", "object_repr": "Syndicate", "object_id": "6", "change_message": "Changed site.", "user": 2, "content_type": 24}}, {"pk": 30, "model": "admin.logentry", "fields": {"action_flag": 2, "action_time": "2013-12-05T01:41:37.065Z", "object_repr": "DnsDemux", "object_id": "9", "change_message": "Changed site.", "user": 2, "content_type": 24}}, {"pk": 31, "model": "admin.logentry", "fields": {"action_flag": 2, "action_time": "2013-12-05T01:47:29.150Z", "object_repr": "DnsDemux", "object_id": "9", "change_message": "Changed site.", "user": 2, "content_type": 24}}, {"pk": 1, "model": "auth.permission", "fields": {"codename": "add_permission", "name": "Can add permission", "content_type": 1}}, {"pk": 2, "model": "auth.permission", "fields": {"codename": "change_permission", "name": "Can change permission", "content_type": 1}}, {"pk": 3, "model": "auth.permission", "fields": {"codename": "delete_permission", "name": "Can delete permission", "content_type": 1}}, {"pk": 4, "model": "auth.permission", "fields": {"codename": "add_group", "name": "Can add group", "content_type": 2}}, {"pk": 5, "model": "auth.permission", "fields": {"codename": "change_group", "name": "Can change group", "content_type": 2}}, {"pk": 6, "model": "auth.permission", "fields": {"codename": "delete_group", "name": "Can delete group", "content_type": 2}}, {"pk": 7, "model": "auth.permission", "fields": {"codename": "add_contenttype", "name": "Can add content type", "content_type": 3}}, {"pk": 8, "model": "auth.permission", "fields": {"codename": "change_contenttype", "name": "Can change content type", "content_type": 3}}, {"pk": 9, "model": "auth.permission", "fields": {"codename": "delete_contenttype", "name": "Can delete content type", "content_type": 3}}, {"pk": 10, "model": "auth.permission", "fields": {"codename": "add_session", "name": "Can add session", "content_type": 4}}, {"pk": 11, "model": "auth.permission", "fields": {"codename": "change_session", "name": "Can change session", "content_type": 4}}, {"pk": 12, "model": "auth.permission", "fields": {"codename": "delete_session", "name": "Can delete session", "content_type": 4}}, {"pk": 13, "model": "auth.permission", "fields": {"codename": "add_logentry", "name": "Can add log entry", "content_type": 5}}, {"pk": 14, "model": "auth.permission", "fields": {"codename": "change_logentry", "name": "Can change log entry", "content_type": 5}}, {"pk": 15, "model": "auth.permission", "fields": {"codename": "delete_logentry", "name": "Can delete log entry", "content_type": 5}}, {"pk": 16, "model": "auth.permission", "fields": {"codename": "add_version", "name": "Can add version", "content_type": 6}}, {"pk": 17, "model": "auth.permission", "fields": {"codename": "change_version", "name": "Can change version", "content_type": 6}}, {"pk": 18, "model": "auth.permission", "fields": {"codename": "delete_version", "name": "Can delete version", "content_type": 6}}, {"pk": 19, "model": "auth.permission", "fields": {"codename": "add_evolution", "name": "Can add evolution", "content_type": 7}}, {"pk": 20, "model": "auth.permission", "fields": {"codename": "change_evolution", "name": "Can change evolution", "content_type": 7}}, {"pk": 21, "model": "auth.permission", "fields": {"codename": "delete_evolution", "name": "Can delete evolution", "content_type": 7}}, {"pk": 22, "model": "auth.permission", "fields": {"codename": "add_planetstack", "name": "Can add planet stack", "content_type": 8}}, {"pk": 23, "model": "auth.permission", "fields": {"codename": "change_planetstack", "name": "Can change planet stack", "content_type": 8}}, {"pk": 24, "model": "auth.permission", "fields": {"codename": "delete_planetstack", "name": "Can delete planet stack", "content_type": 8}}, {"pk": 25, "model": "auth.permission", "fields": {"codename": "add_planetstackrole", "name": "Can add planet stack role", "content_type": 9}}, {"pk": 26, "model": "auth.permission", "fields": {"codename": "change_planetstackrole", "name": "Can change planet stack role", "content_type": 9}}, {"pk": 27, "model": "auth.permission", "fields": {"codename": "delete_planetstackrole", "name": "Can delete planet stack role", "content_type": 9}}, {"pk": 28, "model": "auth.permission", "fields": {"codename": "add_planetstackprivilege", "name": "Can add planet stack privilege", "content_type": 10}}, {"pk": 29, "model": "auth.permission", "fields": {"codename": "change_planetstackprivilege", "name": "Can change planet stack privilege", "content_type": 10}}, {"pk": 30, "model": "auth.permission", "fields": {"codename": "delete_planetstackprivilege", "name": "Can delete planet stack privilege", "content_type": 10}}, {"pk": 31, "model": "auth.permission", "fields": {"codename": "add_project", "name": "Can add project", "content_type": 11}}, {"pk": 32, "model": "auth.permission", "fields": {"codename": "change_project", "name": "Can change project", "content_type": 11}}, {"pk": 33, "model": "auth.permission", "fields": {"codename": "delete_project", "name": "Can delete project", "content_type": 11}}, {"pk": 34, "model": "auth.permission", "fields": {"codename": "add_service", "name": "Can add service", "content_type": 12}}, {"pk": 35, "model": "auth.permission", "fields": {"codename": "change_service", "name": "Can change service", "content_type": 12}}, {"pk": 36, "model": "auth.permission", "fields": {"codename": "delete_service", "name": "Can delete service", "content_type": 12}}, {"pk": 37, "model": "auth.permission", "fields": {"codename": "add_serviceattribute", "name": "Can add service attribute", "content_type": 13}}, {"pk": 38, "model": "auth.permission", "fields": {"codename": "change_serviceattribute", "name": "Can change service attribute", "content_type": 13}}, {"pk": 39, "model": "auth.permission", "fields": {"codename": "delete_serviceattribute", "name": "Can delete service attribute", "content_type": 13}}, {"pk": 40, "model": "auth.permission", "fields": {"codename": "add_tag", "name": "Can add tag", "content_type": 14}}, {"pk": 41, "model": "auth.permission", "fields": {"codename": "change_tag", "name": "Can change tag", "content_type": 14}}, {"pk": 42, "model": "auth.permission", "fields": {"codename": "delete_tag", "name": "Can delete tag", "content_type": 14}}, {"pk": 43, "model": "auth.permission", "fields": {"codename": "add_role", "name": "Can add role", "content_type": 15}}, {"pk": 44, "model": "auth.permission", "fields": {"codename": "change_role", "name": "Can change role", "content_type": 15}}, {"pk": 45, "model": "auth.permission", "fields": {"codename": "delete_role", "name": "Can delete role", "content_type": 15}}, {"pk": 46, "model": "auth.permission", "fields": {"codename": "add_site", "name": "Can add site", "content_type": 16}}, {"pk": 47, "model": "auth.permission", "fields": {"codename": "change_site", "name": "Can change site", "content_type": 16}}, {"pk": 48, "model": "auth.permission", "fields": {"codename": "delete_site", "name": "Can delete site", "content_type": 16}}, {"pk": 49, "model": "auth.permission", "fields": {"codename": "add_siterole", "name": "Can add site role", "content_type": 17}}, {"pk": 50, "model": "auth.permission", "fields": {"codename": "change_siterole", "name": "Can change site role", "content_type": 17}}, {"pk": 51, "model": "auth.permission", "fields": {"codename": "delete_siterole", "name": "Can delete site role", "content_type": 17}}, {"pk": 52, "model": "auth.permission", "fields": {"codename": "add_siteprivilege", "name": "Can add site privilege", "content_type": 18}}, {"pk": 53, "model": "auth.permission", "fields": {"codename": "change_siteprivilege", "name": "Can change site privilege", "content_type": 18}}, {"pk": 54, "model": "auth.permission", "fields": {"codename": "delete_siteprivilege", "name": "Can delete site privilege", "content_type": 18}}, {"pk": 55, "model": "auth.permission", "fields": {"codename": "add_deployment", "name": "Can add deployment", "content_type": 19}}, {"pk": 56, "model": "auth.permission", "fields": {"codename": "change_deployment", "name": "Can change deployment", "content_type": 19}}, {"pk": 57, "model": "auth.permission", "fields": {"codename": "delete_deployment", "name": "Can delete deployment", "content_type": 19}}, {"pk": 58, "model": "auth.permission", "fields": {"codename": "add_deploymentrole", "name": "Can add deployment role", "content_type": 20}}, {"pk": 59, "model": "auth.permission", "fields": {"codename": "change_deploymentrole", "name": "Can change deployment role", "content_type": 20}}, {"pk": 60, "model": "auth.permission", "fields": {"codename": "delete_deploymentrole", "name": "Can delete deployment role", "content_type": 20}}, {"pk": 61, "model": "auth.permission", "fields": {"codename": "add_deploymentprivilege", "name": "Can add deployment privilege", "content_type": 21}}, {"pk": 62, "model": "auth.permission", "fields": {"codename": "change_deploymentprivilege", "name": "Can change deployment privilege", "content_type": 21}}, {"pk": 63, "model": "auth.permission", "fields": {"codename": "delete_deploymentprivilege", "name": "Can delete deployment privilege", "content_type": 21}}, {"pk": 64, "model": "auth.permission", "fields": {"codename": "add_user", "name": "Can add user", "content_type": 22}}, {"pk": 65, "model": "auth.permission", "fields": {"codename": "change_user", "name": "Can change user", "content_type": 22}}, {"pk": 66, "model": "auth.permission", "fields": {"codename": "delete_user", "name": "Can delete user", "content_type": 22}}, {"pk": 67, "model": "auth.permission", "fields": {"codename": "add_serviceclass", "name": "Can add service class", "content_type": 23}}, {"pk": 68, "model": "auth.permission", "fields": {"codename": "change_serviceclass", "name": "Can change service class", "content_type": 23}}, {"pk": 69, "model": "auth.permission", "fields": {"codename": "delete_serviceclass", "name": "Can delete service class", "content_type": 23}}, {"pk": 70, "model": "auth.permission", "fields": {"codename": "add_slice", "name": "Can add slice", "content_type": 24}}, {"pk": 71, "model": "auth.permission", "fields": {"codename": "change_slice", "name": "Can change slice", "content_type": 24}}, {"pk": 72, "model": "auth.permission", "fields": {"codename": "delete_slice", "name": "Can delete slice", "content_type": 24}}, {"pk": 73, "model": "auth.permission", "fields": {"codename": "add_slicerole", "name": "Can add slice role", "content_type": 25}}, {"pk": 74, "model": "auth.permission", "fields": {"codename": "change_slicerole", "name": "Can change slice role", "content_type": 25}}, {"pk": 75, "model": "auth.permission", "fields": {"codename": "delete_slicerole", "name": "Can delete slice role", "content_type": 25}}, {"pk": 76, "model": "auth.permission", "fields": {"codename": "add_sliceprivilege", "name": "Can add slice privilege", "content_type": 26}}, {"pk": 77, "model": "auth.permission", "fields": {"codename": "change_sliceprivilege", "name": "Can change slice privilege", "content_type": 26}}, {"pk": 78, "model": "auth.permission", "fields": {"codename": "delete_sliceprivilege", "name": "Can delete slice privilege", "content_type": 26}}, {"pk": 79, "model": "auth.permission", "fields": {"codename": "add_image", "name": "Can add image", "content_type": 27}}, {"pk": 80, "model": "auth.permission", "fields": {"codename": "change_image", "name": "Can change image", "content_type": 27}}, {"pk": 81, "model": "auth.permission", "fields": {"codename": "delete_image", "name": "Can delete image", "content_type": 27}}, {"pk": 82, "model": "auth.permission", "fields": {"codename": "add_node", "name": "Can add node", "content_type": 28}}, {"pk": 83, "model": "auth.permission", "fields": {"codename": "change_node", "name": "Can change node", "content_type": 28}}, {"pk": 84, "model": "auth.permission", "fields": {"codename": "delete_node", "name": "Can delete node", "content_type": 28}}, {"pk": 85, "model": "auth.permission", "fields": {"codename": "add_serviceresource", "name": "Can add service resource", "content_type": 29}}, {"pk": 86, "model": "auth.permission", "fields": {"codename": "change_serviceresource", "name": "Can change service resource", "content_type": 29}}, {"pk": 87, "model": "auth.permission", "fields": {"codename": "delete_serviceresource", "name": "Can delete service resource", "content_type": 29}}, {"pk": 88, "model": "auth.permission", "fields": {"codename": "add_slicetag", "name": "Can add slice tag", "content_type": 30}}, {"pk": 89, "model": "auth.permission", "fields": {"codename": "change_slicetag", "name": "Can change slice tag", "content_type": 30}}, {"pk": 90, "model": "auth.permission", "fields": {"codename": "delete_slicetag", "name": "Can delete slice tag", "content_type": 30}}, {"pk": 91, "model": "auth.permission", "fields": {"codename": "add_sliver", "name": "Can add sliver", "content_type": 31}}, {"pk": 92, "model": "auth.permission", "fields": {"codename": "change_sliver", "name": "Can change sliver", "content_type": 31}}, {"pk": 93, "model": "auth.permission", "fields": {"codename": "delete_sliver", "name": "Can delete sliver", "content_type": 31}}, {"pk": 94, "model": "auth.permission", "fields": {"codename": "add_reservation", "name": "Can add reservation", "content_type": 32}}, {"pk": 95, "model": "auth.permission", "fields": {"codename": "change_reservation", "name": "Can change reservation", "content_type": 32}}, {"pk": 96, "model": "auth.permission", "fields": {"codename": "delete_reservation", "name": "Can delete reservation", "content_type": 32}}, {"pk": 97, "model": "auth.permission", "fields": {"codename": "add_reservedresource", "name": "Can add reserved resource", "content_type": 33}}, {"pk": 98, "model": "auth.permission", "fields": {"codename": "change_reservedresource", "name": "Can change reserved resource", "content_type": 33}}, {"pk": 99, "model": "auth.permission", "fields": {"codename": "delete_reservedresource", "name": "Can delete reserved resource", "content_type": 33}}, {"pk": 100, "model": "auth.permission", "fields": {"codename": "add_networktemplate", "name": "Can add network template", "content_type": 34}}, {"pk": 101, "model": "auth.permission", "fields": {"codename": "change_networktemplate", "name": "Can change network template", "content_type": 34}}, {"pk": 102, "model": "auth.permission", "fields": {"codename": "delete_networktemplate", "name": "Can delete network template", "content_type": 34}}, {"pk": 103, "model": "auth.permission", "fields": {"codename": "add_network", "name": "Can add network", "content_type": 35}}, {"pk": 104, "model": "auth.permission", "fields": {"codename": "change_network", "name": "Can change network", "content_type": 35}}, {"pk": 105, "model": "auth.permission", "fields": {"codename": "delete_network", "name": "Can delete network", "content_type": 35}}, {"pk": 106, "model": "auth.permission", "fields": {"codename": "add_networkslice", "name": "Can add network slice", "content_type": 36}}, {"pk": 107, "model": "auth.permission", "fields": {"codename": "change_networkslice", "name": "Can change network slice", "content_type": 36}}, {"pk": 108, "model": "auth.permission", "fields": {"codename": "delete_networkslice", "name": "Can delete network slice", "content_type": 36}}, {"pk": 109, "model": "auth.permission", "fields": {"codename": "add_networksliver", "name": "Can add network sliver", "content_type": 37}}, {"pk": 110, "model": "auth.permission", "fields": {"codename": "change_networksliver", "name": "Can change network sliver", "content_type": 37}}, {"pk": 111, "model": "auth.permission", "fields": {"codename": "delete_networksliver", "name": "Can delete network sliver", "content_type": 37}}, {"pk": 112, "model": "auth.permission", "fields": {"codename": "add_router", "name": "Can add router", "content_type": 38}}, {"pk": 113, "model": "auth.permission", "fields": {"codename": "change_router", "name": "Can change router", "content_type": 38}}, {"pk": 114, "model": "auth.permission", "fields": {"codename": "delete_router", "name": "Can delete router", "content_type": 38}}, {"pk": 115, "model": "auth.permission", "fields": {"codename": "add_networkparametertype", "name": "Can add network parameter type", "content_type": 39}}, {"pk": 116, "model": "auth.permission", "fields": {"codename": "change_networkparametertype", "name": "Can change network parameter type", "content_type": 39}}, {"pk": 117, "model": "auth.permission", "fields": {"codename": "delete_networkparametertype", "name": "Can delete network parameter type", "content_type": 39}}, {"pk": 118, "model": "auth.permission", "fields": {"codename": "add_networkparameter", "name": "Can add network parameter", "content_type": 40}}, {"pk": 119, "model": "auth.permission", "fields": {"codename": "change_networkparameter", "name": "Can change network parameter", "content_type": 40}}, {"pk": 120, "model": "auth.permission", "fields": {"codename": "delete_networkparameter", "name": "Can delete network parameter", "content_type": 40}}, {"pk": 121, "model": "auth.permission", "fields": {"codename": "add_hpcservice", "name": "Can add HPC Service", "content_type": 41}}, {"pk": 122, "model": "auth.permission", "fields": {"codename": "change_hpcservice", "name": "Can change HPC Service", "content_type": 41}}, {"pk": 123, "model": "auth.permission", "fields": {"codename": "delete_hpcservice", "name": "Can delete HPC Service", "content_type": 41}}, {"pk": 124, "model": "auth.permission", "fields": {"codename": "add_serviceprovider", "name": "Can add service provider", "content_type": 42}}, {"pk": 125, "model": "auth.permission", "fields": {"codename": "change_serviceprovider", "name": "Can change service provider", "content_type": 42}}, {"pk": 126, "model": "auth.permission", "fields": {"codename": "delete_serviceprovider", "name": "Can delete service provider", "content_type": 42}}, {"pk": 127, "model": "auth.permission", "fields": {"codename": "add_contentprovider", "name": "Can add content provider", "content_type": 43}}, {"pk": 128, "model": "auth.permission", "fields": {"codename": "change_contentprovider", "name": "Can change content provider", "content_type": 43}}, {"pk": 129, "model": "auth.permission", "fields": {"codename": "delete_contentprovider", "name": "Can delete content provider", "content_type": 43}}, {"pk": 130, "model": "auth.permission", "fields": {"codename": "add_originserver", "name": "Can add origin server", "content_type": 44}}, {"pk": 131, "model": "auth.permission", "fields": {"codename": "change_originserver", "name": "Can change origin server", "content_type": 44}}, {"pk": 132, "model": "auth.permission", "fields": {"codename": "delete_originserver", "name": "Can delete origin server", "content_type": 44}}, {"pk": 133, "model": "auth.permission", "fields": {"codename": "add_cdnprefix", "name": "Can add cdn prefix", "content_type": 45}}, {"pk": 134, "model": "auth.permission", "fields": {"codename": "change_cdnprefix", "name": "Can change cdn prefix", "content_type": 45}}, {"pk": 135, "model": "auth.permission", "fields": {"codename": "delete_cdnprefix", "name": "Can delete cdn prefix", "content_type": 45}}, {"pk": 136, "model": "auth.permission", "fields": {"codename": "add_requestrouterservice", "name": "Can add Request Router Service", "content_type": 46}}, {"pk": 137, "model": "auth.permission", "fields": {"codename": "change_requestrouterservice", "name": "Can change Request Router Service", "content_type": 46}}, {"pk": 138, "model": "auth.permission", "fields": {"codename": "delete_requestrouterservice", "name": "Can delete Request Router Service", "content_type": 46}}, {"pk": 139, "model": "auth.permission", "fields": {"codename": "add_clientmap", "name": "Can add client map", "content_type": 47}}, {"pk": 140, "model": "auth.permission", "fields": {"codename": "change_clientmap", "name": "Can change client map", "content_type": 47}}, {"pk": 141, "model": "auth.permission", "fields": {"codename": "delete_clientmap", "name": "Can delete client map", "content_type": 47}}]