[{"pk": 3, "model": "core.service", "fields": {"updated": "2013-11-26T12:45:24.212Z", "description": "Used to help accelerate delivery of content through the CDN.", "created": "2013-11-26T12:45:24.212Z", "enabled": true, "versionNumber": "1.0", "published": true, "name": "HPC Service"}}, {"pk": 4, "model": "core.service", "fields": {"updated": "2013-11-26T12:45:59.003Z", "description": "Service to help load balance and direct traffic flow to content within the CDN", "created": "2013-11-26T12:45:59.003Z", "enabled": true, "versionNumber": "1.0", "published": true, "name": "Request Router Service"}}, {"pk": 5, "model": "core.service", "fields": {"updated": "2013-12-04T22:51:07.137Z", "description": "Syndicate Shared Filesystem.", "created": "2013-12-04T22:51:07.137Z", "enabled": true, "versionNumber": "", "published": true, "name": "Syndicate"}}, {"pk": 8, "model": "core.site", "fields": {"updated": "2013-12-05T01:40:10.294Z", "name": "Stanford", "created": "2013-04-03T23:14:11.072Z", "tenant_id": "", "enabled": true, "longitude": null, "site_url": "http://www.stanford.edu/", "login_base": "usstanford", "location": "37.4294,-122.17200000000003", "latitude": null, "is_public": true, "deployments": [5], "abbreviated_name": ""}}, {"pk": 9, "model": "core.site", "fields": {"updated": "2013-12-05T01:39:55.076Z", "name": "Washington", "created": "2013-04-03T23:14:11.072Z", "tenant_id": "", "enabled": true, "longitude": null, "site_url": "https://www.washington.edu/", "login_base": "uswash", "location": "47.6531,-122.31299999999999", "latitude": null, "is_public": true, "deployments": [6], "abbreviated_name": ""}}, {"pk": 10, "model": "core.site", "fields": {"updated": "2013-12-05T01:39:17.419Z", "name": "Princeton", "created": "2013-04-03T23:14:11.072Z", "tenant_id": "", "enabled": true, "longitude": null, "site_url": "http://princeton.edu/", "login_base": "usprinceton", "location": "40.3502,-74.6524", "latitude": null, "is_public": true, "deployments": [7], "abbreviated_name": ""}}, {"pk": 11, "model": "core.site", "fields": {"updated": "2013-12-05T01:40:36.873Z", "name": "GeorgiaTech", "created": "2013-04-03T23:14:11.072Z", "tenant_id": "", "enabled": true, "longitude": null, "site_url": "http://www.gatech.edu/", "login_base": "usgt", "location": "33.7772,-84.39760000000001", "latitude": null, "is_public": true, "deployments": [8], "abbreviated_name": ""}}, {"pk": 12, "model": "core.site", "fields": {"updated": "2013-12-05T01:40:52.585Z", "name": "MaxPlanck", "created": "2013-04-03T23:14:11.072Z", "tenant_id": "", "enabled": true, "longitude": null, "site_url": "http://www.mpi-sws.mpg.de/", "login_base": "eumpisws", "location": "49.14,6.588999999999942", "latitude": null, "is_public": true, "deployments": [9], "abbreviated_name": ""}}, {"pk": 13, "model": "core.site", "fields": {"updated": "2013-06-21T21:17:13.982Z", "name": "I2 Atlanta", "created": "2013-04-03T23:14:11.072Z", "tenant_id": "", "enabled": true, "longitude": null, "site_url": "http://www.internet2.edu", "login_base": "i2atlanta", "location": "33.0075,-84.0038", "latitude": null, "is_public": true, "deployments": [10], "abbreviated_name": ""}}, {"pk": 14, "model": "core.site", "fields": {"updated": "2013-06-21T21:17:13.982Z", "name": "I2 Chicago", "created": "2013-04-03T23:14:11.072Z", "tenant_id": "", "enabled": true, "longitude": null, "site_url": "http://www.internet2.edu", "login_base": "i2chic", "location": "41.0085,-87.0065", "latitude": null, "is_public": true, "deployments": [10], "abbreviated_name": ""}}, {"pk": 15, "model": "core.site", "fields": {"updated": "2013-06-21T21:17:13.982Z", "name": "I2 Houston", "created": "2013-04-03T23:14:11.072Z", "tenant_id": "", "enabled": true, "longitude": null, "site_url": "http://www.internet2.edu", "login_base": "i2hous", "location": "29.0077,-95.0037", "latitude": null, "is_public": true, "deployments": [10], "abbreviated_name": ""}}, {"pk": 16, "model": "core.site", "fields": {"updated": "2013-06-21T21:17:13.982Z", "name": "I2 Kansas City", "created": "2013-04-03T23:14:11.072Z", "tenant_id": "", "enabled": true, "longitude": null, "site_url": "http://www.internet2.edu", "login_base": "i2kans", "location": "39.0012,-94.0063", "latitude": null, "is_public": true, "deployments": [10], "abbreviated_name": ""}}, {"pk": 17, "model": "core.site", "fields": {"updated": "2013-06-21T21:17:13.982Z", "name": "I2 Los Angeles", "created": "2013-04-03T23:14:11.072Z", "tenant_id": "", "enabled": true, "longitude": null, "site_url": "http://www.internet2.edu", "login_base": "i2losa", "location": "33.2505,-117.503", "latitude": null, "is_public": true, "deployments": [10], "abbreviated_name": ""}}, {"pk": 18, "model": "core.site", "fields": {"updated": "2013-06-21T21:17:13.982Z", "name": "I2 New York", "created": "2013-04-03T23:14:11.072Z", "tenant_id": "", "enabled": true, "longitude": null, "site_url": "http://www.internet2.edu", "login_base": "i2newy", "location": "40.72,-73.99", "latitude": null, "is_public": true, "deployments": [10], "abbreviated_name": ""}}, {"pk": 19, "model": "core.site", "fields": {"updated": "2013-06-21T21:17:13.982Z", "name": "I2 Salt Lake City", "created": "2013-04-03T23:14:11.072Z", "tenant_id": "", "enabled": true, "longitude": null, "site_url": "http://www.internet2.edu", "login_base": "i2salt", "location": "40.7659,-111.844", "latitude": null, "is_public": true, "deployments": [10], "abbreviated_name": ""}}, {"pk": 20, "model": "core.site", "fields": {"updated": "2013-06-21T21:17:13.982Z", "name": "I2 Seattle", "created": "2013-04-03T23:14:11.072Z", "tenant_id": "", "enabled": true, "longitude": null, "site_url": "http://www.internet2.edu", "login_base": "i2seat", "location": "47.6531,-122.313", "latitude": null, "is_public": true, "deployments": [10], "abbreviated_name": ""}}, {"pk": 21, "model": "core.site", "fields": {"updated": "2013-06-21T21:17:13.982Z", "name": "I2 Washington DC", "created": "2013-04-03T23:14:11.072Z", "tenant_id": "", "enabled": true, "longitude": null, "site_url": "http://www.internet2.edu", "login_base": "i2wash", "location": "38.009,-77.0003", "latitude": null, "is_public": true, "deployments": [10], "abbreviated_name": ""}}, {"pk": 22, "model": "core.site", "fields": {"updated": "2013-06-21T21:17:13.982Z", "name": "ON.Lab", "created": "2013-04-03T23:14:11.072Z", "tenant_id": "", "enabled": true, "longitude": null, "site_url": "http://www.internet2.edu", "login_base": "onlab", "location": "47.6531,-122.313", "latitude": null, "is_public": true, "deployments": [5, 6, 7, 8, 9, 10], "abbreviated_name": ""}}, {"pk": 5, "model": "core.deployment", "fields": {"updated": "2013-04-03T22:57:23.015Z", "name": "US-Stanford", "created": "2013-04-03T22:57:23.015Z"}}, {"pk": 6, "model": "core.deployment", "fields": {"updated": "2013-04-03T22:57:23.015Z", "name": "US-Washington", "created": "2013-04-03T22:57:23.015Z"}}, {"pk": 7, "model": "core.deployment", "fields": {"updated": "2013-04-03T22:57:23.015Z", "name": "US-Princeton", "created": "2013-04-03T22:57:23.015Z"}}, {"pk": 8, "model": "core.deployment", "fields": {"updated": "2013-04-03T22:57:23.015Z", "name": "US-GeorgiaTech", "created": "2013-04-03T22:57:23.015Z"}}, {"pk": 9, "model": "core.deployment", "fields": {"updated": "2013-04-03T22:57:23.015Z", "name": "EU-MaxPlanck", "created": "2013-04-03T22:57:23.015Z"}}, {"pk": 10, "model": "core.deployment", "fields": {"updated": "2013-04-03T22:57:23.015Z", "name": "Internet2", "created": "2013-04-03T22:57:23.015Z"}}, {"pk": 1, "model": "core.user", "fields": {"username": "padmin@vicci.org", "public_key": null, "updated": "2013-11-26T12:36:49.829Z", "is_readonly": false, "firstname": "OpenCloud", "user_url": null, "lastname": "Admin", "created": "2013-11-26T12:36:49.816Z", "is_active": true, "site": null, "phone": null, "kuser_id": null, "is_staff": true, "last_login": "2013-12-09T12:05:51.032Z", "timezone": "America/New_York", "is_admin": true, "password": "pbkdf2_sha256$10000$v5qKhIyhSQ2N$V8vh2mkqYdjQib6d2jBkpwV57eMBfhd/9eiXqaDLUWg=", "email": "padmin@vicci.org", "enacted": null}}, {"pk": 2, "model": "core.user", "fields": {"username": "tony@onlab.us", "public_key": null, "updated": "2013-09-22T21:47:30.993Z", "is_readonly": false, "firstname": "Tony", "user_url": null, "lastname": "Mack", "created": "2013-09-22T21:47:30.959Z", "is_active": true, "site": 22, "phone": null, "kuser_id": null, "is_staff": true, "last_login": "2013-12-09T14:10:24.705Z", "timezone": "America/New_York", "is_admin": true, "password": "pbkdf2_sha256$10000$dLKRXWJlkuvm$Ycamy79oT1lN0Q5R3B3nvlr70n2X50mL86yraDwzuWk=", "email": "tony@onlab.us", "enacted": null}}, {"pk": 3, "model": "core.user", "fields": {"username": "mike@onlab.us", "public_key": null, "updated": "2013-09-22T21:47:30.993Z", "is_readonly": false, "firstname": "Mike", "user_url": null, "lastname": "Wawrzoniak", "created": "2013-09-22T21:47:30.959Z", "is_active": true, "site": 22, "phone": null, "kuser_id": null, "is_staff": true, "last_login": "2013-12-04T20:46:15.904Z", "timezone": "America/New_York", "is_admin": true, "password": "pbkdf2_sha256$10000$dLKRXWJlkuvm$Ycamy79oT1lN0Q5R3B3nvlr70n2X50mL86yraDwzuWk=", "email": "mike@onlab.us", "enacted": null}}, {"pk": 4, "model": "core.user", "fields": {"username": "andy@onlab.us", "public_key": null, "updated": "2013-09-22T21:47:30.993Z", "is_readonly": false, "firstname": "Andy", "user_url": null, "lastname": "Bavier", "created": "2013-09-22T21:47:30.959Z", "is_active": true, "site": 22, "phone": null, "kuser_id": null, "is_staff": true, "last_login": "2013-12-04T20:46:13.172Z", "timezone": "America/New_York", "is_admin": true, "password": "pbkdf2_sha256$10000$dLKRXWJlkuvm$Ycamy79oT1lN0Q5R3B3nvlr70n2X50mL86yraDwzuWk=", "email": "andy@onlab.us", "enacted": null}}, {"pk": 5, "model": "core.user", "fields": {"username": "sapan@onlab.us", "public_key": null, "updated": "2013-09-22T21:47:30.993Z", "is_readonly": false, "firstname": "Sapan", "user_url": null, "lastname": "Bhatia", "created": "2013-09-22T21:47:30.959Z", "is_active": true, "site": 22, "phone": null, "kuser_id": null, "is_staff": true, "last_login": "2013-12-04T20:46:13.536Z", "timezone": "America/New_York", "is_admin": true, "password": "pbkdf2_sha256$10000$dLKRXWJlkuvm$Ycamy79oT1lN0Q5R3B3nvlr70n2X50mL86yraDwzuWk=", "email": "sapan@onlab.us", "enacted": null}}, {"pk": 6, "model": "core.user", "fields": {"username": "jude@onlab.us", "public_key": null, "updated": "2013-09-22T21:47:30.993Z", "is_readonly": false, "firstname": "Jude", "user_url": null, "lastname": "Nelson", "created": "2013-09-22T21:47:30.959Z", "is_active": true, "site": 22, "phone": null, "kuser_id": null, "is_staff": true, "last_login": "2013-09-22T21:48:01.047Z", "timezone": "America/New_York", "is_admin": true, "password": "pbkdf2_sha256$10000$dLKRXWJlkuvm$Ycamy79oT1lN0Q5R3B3nvlr70n2X50mL86yraDwzuWk=", "email": "jude@onlab.us", "enacted": null}}, {"pk": 7, "model": "core.user", "fields": {"username": "llp@onlab.us", "public_key": "", "updated": "2013-12-04T20:47:03.679Z", "is_readonly": false, "firstname": "Larry", "user_url": null, "lastname": "Peterson", "created": "2013-09-22T21:47:30.959Z", "is_active": true, "site": 22, "phone": "", "kuser_id": null, "is_staff": true, "last_login": "2013-12-06T21:20:46.483Z", "timezone": "America/New_York", "is_admin": true, "password": "pbkdf2_sha256$10000$dLKRXWJlkuvm$Ycamy79oT1lN0Q5R3B3nvlr70n2X50mL86yraDwzuWk=", "email": "llp@onlab.us", "enacted": null}}, {"pk": 8, "model": "core.user", "fields": {"username": "scott@onlab.us", "public_key": null, "updated": "2013-09-22T21:47:30.993Z", "is_readonly": false, "firstname": "Scott", "user_url": null, "lastname": "Baker", "created": "2013-09-22T21:47:30.959Z", "is_active": true, "site": 22, "phone": null, "kuser_id": null, "is_staff": true, "last_login": "2013-12-04T20:40:11.666Z", "timezone": "America/New_York", "is_admin": true, "password": "pbkdf2_sha256$10000$dLKRXWJlkuvm$Ycamy79oT1lN0Q5R3B3nvlr70n2X50mL86yraDwzuWk=", "email": "scott@onlab.us", "enacted": null}}, {"pk": 9, "model": "core.user", "fields": {"username": "ali@onlab.us", "public_key": null, "updated": "2013-09-22T21:47:30.993Z", "is_readonly": false, "firstname": "Ali", "user_url": null, "lastname": "Al-Shabibi", "created": "2013-09-22T21:47:30.959Z", "is_active": true, "site": 22, "phone": null, "kuser_id": null, "is_staff": true, "last_login": "2013-09-22T21:48:01.047Z", "timezone": "America/New_York", "is_admin": true, "password": "pbkdf2_sha256$10000$dLKRXWJlkuvm$Ycamy79oT1lN0Q5R3B3nvlr70n2X50mL86yraDwzuWk=", "email": "ali@onlab.us", "enacted": null}}, {"pk": 10, "model": "core.user", "fields": {"username": "bill@onlab.us", "public_key": null, "updated": "2013-09-22T21:47:30.993Z", "is_readonly": false, "firstname": "Bill", "user_url": null, "lastname": "Snow", "created": "2013-09-22T21:47:30.959Z", "is_active": true, "site": 22, "phone": null, "kuser_id": null, "is_staff": true, "last_login": "2013-09-22T21:48:01.047Z", "timezone": "America/New_York", "is_admin": true, "password": "pbkdf2_sha256$10000$dLKRXWJlkuvm$Ycamy79oT1lN0Q5R3B3nvlr70n2X50mL86yraDwzuWk=", "email": "bill@onlab.us", "enacted": null}}, {"pk": 11, "model": "core.user", "fields": {"username": "guru@onlab.us", "public_key": null, "updated": "2013-09-22T21:47:30.993Z", "is_readonly": false, "firstname": "Guru", "user_url": null, "lastname": "Parulkar", "created": "2013-09-22T21:47:30.959Z", "is_active": true, "site": 22, "phone": null, "kuser_id": null, "is_staff": true, "last_login": "2013-09-22T21:48:01.047Z", "timezone": "America/New_York", "is_admin": true, "password": "pbkdf2_sha256$10000$dLKRXWJlkuvm$Ycamy79oT1lN0Q5R3B3nvlr70n2X50mL86yraDwzuWk=", "email": "guru@onlab.us", "enacted": null}}, {"pk": 12, "model": "core.user", "fields": {"username": "marc@onlab.us", "public_key": null, "updated": "2013-09-22T21:47:30.993Z", "is_readonly": false, "firstname": "Marc", "user_url": null, "lastname": "Fiuczynski", "created": "2013-09-22T21:47:30.959Z", "is_active": true, "site": 22, "phone": null, "kuser_id": null, "is_staff": true, "last_login": "2013-09-22T21:48:01.047Z", "timezone": "America/New_York", "is_admin": true, "password": "pbkdf2_sha256$10000$dLKRXWJlkuvm$Ycamy79oT1lN0Q5R3B3nvlr70n2X50mL86yraDwzuWk=", "email": "marc@onlab.us", "enacted": null}}, {"pk": 13, "model": "core.user", "fields": {"username": "siobhan@onlab.us", "public_key": null, "updated": "2013-09-22T21:47:30.993Z", "is_readonly": false, "firstname": "Siobhan", "user_url": null, "lastname": "Tully", "created": "2013-09-22T21:47:30.959Z", "is_active": true, "site": 22, "phone": null, "kuser_id": null, "is_staff": true, "last_login": "2013-09-22T21:48:01.047Z", "timezone": "America/New_York", "is_admin": true, "password": "pbkdf2_sha256$10000$dLKRXWJlkuvm$Ycamy79oT1lN0Q5R3B3nvlr70n2X50mL86yraDwzuWk=", "email": "siobhan@onlab.us", "enacted": null}}, {"pk": 14, "model": "core.user", "fields": {"username": "demo@onlab.us", "public_key": "", "updated": "2013-12-06T11:25:52.457Z", "is_readonly": true, "firstname": "Demo", "user_url": null, "lastname": "OpenCloud", "created": "2013-12-06T11:25:41.211Z", "is_active": true, "site": 22, "phone": "", "kuser_id": null, "is_staff": true, "last_login": "2013-12-06T21:15:43.463Z", "timezone": "America/New_York", "is_admin": true, "password": "pbkdf2_sha256$10000$jaLSTW2ksHEN$HDpjDKieFDjMvtV5wbF/ow3zfq8EqcFtNXLfuo+150s=", "email": "demo@onlab.us", "enacted": null}}, {"pk": 1, "model": "core.serviceclass", "fields": {"updated": "2013-05-10T23:30:52.931Z", "membershipFee": 0, "membershipFeeMonths": 0, "created": "2013-05-10T23:30:52.931Z", "upgradeFrom": [2, 3], "commitment": 0, "name": "Best Effort", "upgradeRequiresApproval": false, "description": "Best Effort"}}, {"pk": 2, "model": "core.serviceclass", "fields": {"updated": "2013-05-10T23:35:51.694Z", "membershipFee": 100, "membershipFeeMonths": 1, "created": "2013-05-10T23:33:24.930Z", "upgradeFrom": [1, 3], "commitment": 365, "name": "Silver", "upgradeRequiresApproval": false, "description": "Silver"}}, {"pk": 3, "model": "core.serviceclass", "fields": {"updated": "2013-05-10T23:34:01.320Z", "membershipFee": 18000, "membershipFeeMonths": 12, "created": "2013-05-10T23:34:01.320Z", "upgradeFrom": [1, 2], "commitment": 365, "name": "Gold", "upgradeRequiresApproval": false, "description": "Gold"}}, {"pk": 4, "model": "core.slice", "fields": {"router_id": null, "updated": "2013-12-05T01:41:11.410Z", "name": "HyperCache", "service": 3, "created": "2013-04-03T23:14:11.072Z", "network_id": null, "tenant_id": "", "serviceClass": 1, "enabled": true, "site": 22, "omf_friendly": false, "subnet_id": null, "slice_url": "", "creator": 1, "description": "HyperCache slice for HyperCache service."}}, {"pk": 6, "model": "core.slice", "fields": {"router_id": null, "updated": "2013-12-05T01:41:23.032Z", "name": "Syndicate", "service": 5, "created": "2013-04-03T23:14:11.072Z", "network_id": null, "tenant_id": "", "serviceClass": 1, "enabled": true, "site": 22, "omf_friendly": false, "subnet_id": null, "slice_url": "", "creator": 1, "description": ""}}, {"pk": 8, "model": "core.slice", "fields": {"router_id": null, "updated": "2013-12-04T22:49:36.839Z", "name": "DnsRedir", "service": 4, "created": "2013-12-04T22:48:35.584Z", "network_id": null, "tenant_id": "", "serviceClass": 2, "enabled": true, "site": 10, "omf_friendly": false, "subnet_id": null, "slice_url": "", "creator": 8, "description": "DNS Redirection slice for RequestRouter service."}}, {"pk": 9, "model": "core.slice", "fields": {"router_id": null, "updated": "2013-12-05T01:47:29.141Z", "name": "DnsDemux", "service": 4, "created": "2013-12-04T22:49:23.051Z", "network_id": null, "tenant_id": "", "serviceClass": 1, "enabled": true, "site": 10, "omf_friendly": false, "subnet_id": null, "slice_url": "", "creator": 8, "description": "DNS Demultiplexing slice for RequestRouter service. "}}, {"pk": 10, "model": "core.slice", "fields": {"router_id": null, "updated": "2013-12-09T14:19:28.458Z", "name": "Infrastructure", "service": null, "created": "2013-12-09T14:13:15.392Z", "network_id": null, "tenant_id": "", "serviceClass": 1, "enabled": true, "site": 22, "omf_friendly": false, "subnet_id": null, "slice_url": "", "creator": null, "description": ""}}, {"pk": 1, "model": "core.image", "fields": {"updated": "2013-12-09T14:26:56.787Z", "name": "Fedora 16 LXC rev 1.3", "created": "2013-12-09T14:26:56.787Z", "container_format": "bare", "disk_format": "raw", "image_id": "d4bdbba2-6883-4232-863a-202fd4c56c21"}}, {"pk": 384, "model": "core.node", "fields": {"site": 8, "updated": "2013-06-21T21:17:13.982Z", "deployment": 5, "name": "node1.stanford.vicci.org", "created": "2013-04-03T23:14:11.072Z"}}, {"pk": 385, "model": "core.node", "fields": {"site": 8, "updated": "2013-06-21T21:17:13.982Z", "deployment": 5, "name": "node2.stanford.vicci.org", "created": "2013-04-03T23:14:11.072Z"}}, {"pk": 386, "model": "core.node", "fields": {"site": 8, "updated": "2013-06-21T21:17:13.982Z", "deployment": 5, "name": "node3.stanford.vicci.org", "created": "2013-04-03T23:14:11.072Z"}}, {"pk": 387, "model": "core.node", "fields": {"site": 8, "updated": "2013-06-21T21:17:13.982Z", "deployment": 5, "name": "node4.stanford.vicci.org", "created": "2013-04-03T23:14:11.072Z"}}, {"pk": 388, "model": "core.node", "fields": {"site": 8, "updated": "2013-06-21T21:17:13.982Z", "deployment": 5, "name": "node5.stanford.vicci.org", "created": "2013-04-03T23:14:11.072Z"}}, {"pk": 389, "model": "core.node", "fields": {"site": 8, "updated": "2013-06-21T21:17:13.982Z", "deployment": 5, "name": "node6.stanford.vicci.org", "created": "2013-04-03T23:14:11.072Z"}}, {"pk": 390, "model": "core.node", "fields": {"site": 8, "updated": "2013-06-21T21:17:13.982Z", "deployment": 5, "name": "node7.stanford.vicci.org", "created": "2013-04-03T23:14:11.072Z"}}, {"pk": 391, "model": "core.node", "fields": {"site": 8, "updated": "2013-06-21T21:17:13.982Z", "deployment": 5, "name": "node8.stanford.vicci.org", "created": "2013-04-03T23:14:11.072Z"}}, {"pk": 392, "model": "core.node", "fields": {"site": 8, "updated": "2013-06-21T21:17:13.982Z", "deployment": 5, "name": "node9.stanford.vicci.org", "created": "2013-04-03T23:14:11.072Z"}}, {"pk": 393, "model": "core.node", "fields": {"site": 8, "updated": "2013-06-21T21:17:13.982Z", "deployment": 5, "name": "node10.stanford.vicci.org", "created": "2013-04-03T23:14:11.072Z"}}, {"pk": 394, "model": "core.node", "fields": {"site": 8, "updated": "2013-06-21T21:17:13.982Z", "deployment": 5, "name": "node11.stanford.vicci.org", "created": "2013-04-03T23:14:11.072Z"}}, {"pk": 395, "model": "core.node", "fields": {"site": 8, "updated": "2013-06-21T21:17:13.982Z", "deployment": 5, "name": "node12.stanford.vicci.org", "created": "2013-04-03T23:14:11.072Z"}}, {"pk": 396, "model": "core.node", "fields": {"site": 8, "updated": "2013-06-21T21:17:13.982Z", "deployment": 5, "name": "node13.stanford.vicci.org", "created": "2013-04-03T23:14:11.072Z"}}, {"pk": 397, "model": "core.node", "fields": {"site": 8, "updated": "2013-06-21T21:17:13.982Z", "deployment": 5, "name": "node14.stanford.vicci.org", "created": "2013-04-03T23:14:11.072Z"}}, {"pk": 398, "model": "core.node", "fields": {"site": 8, "updated": "2013-06-21T21:17:13.982Z", "deployment": 5, "name": "node15.stanford.vicci.org", "created": "2013-04-03T23:14:11.072Z"}}, {"pk": 399, "model": "core.node", "fields": {"site": 8, "updated": "2013-06-21T21:17:13.982Z", "deployment": 5, "name": "node16.stanford.vicci.org", "created": "2013-04-03T23:14:11.072Z"}}, {"pk": 400, "model": "core.node", "fields": {"site": 8, "updated": "2013-06-21T21:17:13.982Z", "deployment": 5, "name": "node17.stanford.vicci.org", "created": "2013-04-03T23:14:11.072Z"}}, {"pk": 401, "model": "core.node", "fields": {"site": 8, "updated": "2013-06-21T21:17:13.982Z", "deployment": 5, "name": "node18.stanford.vicci.org", "created": "2013-04-03T23:14:11.072Z"}}, {"pk": 402, "model": "core.node", "fields": {"site": 8, "updated": "2013-06-21T21:17:13.982Z", "deployment": 5, "name": "node19.stanford.vicci.org", "created": "2013-04-03T23:14:11.072Z"}}, {"pk": 403, "model": "core.node", "fields": {"site": 8, "updated": "2013-06-21T21:17:13.982Z", "deployment": 5, "name": "node20.stanford.vicci.org", "created": "2013-04-03T23:14:11.072Z"}}, {"pk": 404, "model": "core.node", "fields": {"site": 8, "updated": "2013-06-21T21:17:13.982Z", "deployment": 5, "name": "node21.stanford.vicci.org", "created": "2013-04-03T23:14:11.072Z"}}, {"pk": 405, "model": "core.node", "fields": {"site": 8, "updated": "2013-06-21T21:17:13.982Z", "deployment": 5, "name": "node22.stanford.vicci.org", "created": "2013-04-03T23:14:11.072Z"}}, {"pk": 406, "model": "core.node", "fields": {"site": 8, "updated": "2013-06-21T21:17:13.982Z", "deployment": 5, "name": "node23.stanford.vicci.org", "created": "2013-04-03T23:14:11.072Z"}}, {"pk": 407, "model": "core.node", "fields": {"site": 8, "updated": "2013-06-21T21:17:13.982Z", "deployment": 5, "name": "node24.stanford.vicci.org", "created": "2013-04-03T23:14:11.072Z"}}, {"pk": 408, "model": "core.node", "fields": {"site": 8, "updated": "2013-06-21T21:17:13.982Z", "deployment": 5, "name": "node25.stanford.vicci.org", "created": "2013-04-03T23:14:11.072Z"}}, {"pk": 409, "model": "core.node", "fields": {"site": 8, "updated": "2013-06-21T21:17:13.982Z", "deployment": 5, "name": "node26.stanford.vicci.org", "created": "2013-04-03T23:14:11.072Z"}}, {"pk": 410, "model": "core.node", "fields": {"site": 8, "updated": "2013-06-21T21:17:13.982Z", "deployment": 5, "name": "node27.stanford.vicci.org", "created": "2013-04-03T23:14:11.072Z"}}, {"pk": 411, "model": "core.node", "fields": {"site": 8, "updated": "2013-06-21T21:17:13.982Z", "deployment": 5, "name": "node28.stanford.vicci.org", "created": "2013-04-03T23:14:11.072Z"}}, {"pk": 412, "model": "core.node", "fields": {"site": 8, "updated": "2013-06-21T21:17:13.982Z", "deployment": 5, "name": "node29.stanford.vicci.org", "created": "2013-04-03T23:14:11.072Z"}}, {"pk": 413, "model": "core.node", "fields": {"site": 8, "updated": "2013-06-21T21:17:13.982Z", "deployment": 5, "name": "node30.stanford.vicci.org", "created": "2013-04-03T23:14:11.072Z"}}, {"pk": 414, "model": "core.node", "fields": {"site": 8, "updated": "2013-06-21T21:17:13.982Z", "deployment": 5, "name": "node31.stanford.vicci.org", "created": "2013-04-03T23:14:11.072Z"}}, {"pk": 415, "model": "core.node", "fields": {"site": 8, "updated": "2013-06-21T21:17:13.982Z", "deployment": 5, "name": "node32.stanford.vicci.org", "created": "2013-04-03T23:14:11.072Z"}}, {"pk": 416, "model": "core.node", "fields": {"site": 8, "updated": "2013-06-21T21:17:13.982Z", "deployment": 5, "name": "node33.stanford.vicci.org", "created": "2013-04-03T23:14:11.072Z"}}, {"pk": 417, "model": "core.node", "fields": {"site": 8, "updated": "2013-06-21T21:17:13.982Z", "deployment": 5, "name": "node34.stanford.vicci.org", "created": "2013-04-03T23:14:11.072Z"}}, {"pk": 418, "model": "core.node", "fields": {"site": 8, "updated": "2013-06-21T21:17:13.982Z", "deployment": 5, "name": "node35.stanford.vicci.org", "created": "2013-04-03T23:14:11.072Z"}}, {"pk": 419, "model": "core.node", "fields": {"site": 8, "updated": "2013-06-21T21:17:13.982Z", "deployment": 5, "name": "node36.stanford.vicci.org", "created": "2013-04-03T23:14:11.072Z"}}, {"pk": 420, "model": "core.node", "fields": {"site": 8, "updated": "2013-06-21T21:17:13.982Z", "deployment": 5, "name": "node37.stanford.vicci.org", "created": "2013-04-03T23:14:11.072Z"}}, {"pk": 421, "model": "core.node", "fields": {"site": 8, "updated": "2013-06-21T21:17:13.982Z", "deployment": 5, "name": "node38.stanford.vicci.org", "created": "2013-04-03T23:14:11.072Z"}}, {"pk": 422, "model": "core.node", "fields": {"site": 8, "updated": "2013-06-21T21:17:13.982Z", "deployment": 5, "name": "node39.stanford.vicci.org", "created": "2013-04-03T23:14:11.072Z"}}, {"pk": 423, "model": "core.node", "fields": {"site": 8, "updated": "2013-06-21T21:17:13.982Z", "deployment": 5, "name": "node40.stanford.vicci.org", "created": "2013-04-03T23:14:11.072Z"}}, {"pk": 424, "model": "core.node", "fields": {"site": 8, "updated": "2013-06-21T21:17:13.982Z", "deployment": 5, "name": "node41.stanford.vicci.org", "created": "2013-04-03T23:14:11.072Z"}}, {"pk": 425, "model": "core.node", "fields": {"site": 8, "updated": "2013-06-21T21:17:13.982Z", "deployment": 5, "name": "node42.stanford.vicci.org", "created": "2013-04-03T23:14:11.072Z"}}, {"pk": 426, "model": "core.node", "fields": {"site": 8, "updated": "2013-06-21T21:17:13.982Z", "deployment": 5, "name": "node43.stanford.vicci.org", "created": "2013-04-03T23:14:11.072Z"}}, {"pk": 427, "model": "core.node", "fields": {"site": 8, "updated": "2013-06-21T21:17:13.982Z", "deployment": 5, "name": "node44.stanford.vicci.org", "created": "2013-04-03T23:14:11.072Z"}}, {"pk": 428, "model": "core.node", "fields": {"site": 8, "updated": "2013-06-21T21:17:13.982Z", "deployment": 5, "name": "node45.stanford.vicci.org", "created": "2013-04-03T23:14:11.072Z"}}, {"pk": 429, "model": "core.node", "fields": {"site": 8, "updated": "2013-06-21T21:17:13.982Z", "deployment": 5, "name": "node46.stanford.vicci.org", "created": "2013-04-03T23:14:11.072Z"}}, {"pk": 430, "model": "core.node", "fields": {"site": 8, "updated": "2013-06-21T21:17:13.982Z", "deployment": 5, "name": "node47.stanford.vicci.org", "created": "2013-04-03T23:14:11.072Z"}}, {"pk": 431, "model": "core.node", "fields": {"site": 8, "updated": "2013-06-21T21:17:13.982Z", "deployment": 5, "name": "node48.stanford.vicci.org", "created": "2013-04-03T23:14:11.072Z"}}, {"pk": 432, "model": "core.node", "fields": {"site": 8, "updated": "2013-06-21T21:17:13.982Z", "deployment": 5, "name": "node49.stanford.vicci.org", "created": "2013-04-03T23:14:11.072Z"}}, {"pk": 433, "model": "core.node", "fields": {"site": 8, "updated": "2013-06-21T21:17:13.982Z", "deployment": 5, "name": "node50.stanford.vicci.org", "created": "2013-04-03T23:14:11.072Z"}}, {"pk": 434, "model": "core.node", "fields": {"site": 8, "updated": "2013-06-21T21:17:13.982Z", "deployment": 5, "name": "node51.stanford.vicci.org", "created": "2013-04-03T23:14:11.072Z"}}, {"pk": 435, "model": "core.node", "fields": {"site": 8, "updated": "2013-06-21T21:17:13.982Z", "deployment": 5, "name": "node52.stanford.vicci.org", "created": "2013-04-03T23:14:11.072Z"}}, {"pk": 436, "model": "core.node", "fields": {"site": 8, "updated": "2013-06-21T21:17:13.982Z", "deployment": 5, "name": "node53.stanford.vicci.org", "created": "2013-04-03T23:14:11.072Z"}}, {"pk": 437, "model": "core.node", "fields": {"site": 8, "updated": "2013-06-21T21:17:13.982Z", "deployment": 5, "name": "node54.stanford.vicci.org", "created": "2013-04-03T23:14:11.072Z"}}, {"pk": 438, "model": "core.node", "fields": {"site": 8, "updated": "2013-06-21T21:17:13.982Z", "deployment": 5, "name": "node55.stanford.vicci.org", "created": "2013-04-03T23:14:11.072Z"}}, {"pk": 439, "model": "core.node", "fields": {"site": 8, "updated": "2013-06-21T21:17:13.982Z", "deployment": 5, "name": "node56.stanford.vicci.org", "created": "2013-04-03T23:14:11.072Z"}}, {"pk": 440, "model": "core.node", "fields": {"site": 8, "updated": "2013-06-21T21:17:13.982Z", "deployment": 5, "name": "node57.stanford.vicci.org", "created": "2013-04-03T23:14:11.072Z"}}, {"pk": 441, "model": "core.node", "fields": {"site": 8, "updated": "2013-06-21T21:17:13.982Z", "deployment": 5, "name": "node58.stanford.vicci.org", "created": "2013-04-03T23:14:11.072Z"}}, {"pk": 442, "model": "core.node", "fields": {"site": 8, "updated": "2013-06-21T21:17:13.982Z", "deployment": 5, "name": "node59.stanford.vicci.org", "created": "2013-04-03T23:14:11.072Z"}}, {"pk": 443, "model": "core.node", "fields": {"site": 8, "updated": "2013-06-21T21:17:13.982Z", "deployment": 5, "name": "node60.stanford.vicci.org", "created": "2013-04-03T23:14:11.072Z"}}, {"pk": 444, "model": "core.node", "fields": {"site": 8, "updated": "2013-06-21T21:17:13.982Z", "deployment": 5, "name": "node61.stanford.vicci.org", "created": "2013-04-03T23:14:11.072Z"}}, {"pk": 445, "model": "core.node", "fields": {"site": 8, "updated": "2013-06-21T21:17:13.982Z", "deployment": 5, "name": "node62.stanford.vicci.org", "created": "2013-04-03T23:14:11.072Z"}}, {"pk": 446, "model": "core.node", "fields": {"site": 8, "updated": "2013-06-21T21:17:13.982Z", "deployment": 5, "name": "node63.stanford.vicci.org", "created": "2013-04-03T23:14:11.072Z"}}, {"pk": 447, "model": "core.node", "fields": {"site": 8, "updated": "2013-06-21T21:17:13.982Z", "deployment": 5, "name": "node64.stanford.vicci.org", "created": "2013-04-03T23:14:11.072Z"}}, {"pk": 448, "model": "core.node", "fields": {"site": 8, "updated": "2013-06-21T21:17:13.982Z", "deployment": 5, "name": "node65.stanford.vicci.org", "created": "2013-04-03T23:14:11.072Z"}}, {"pk": 449, "model": "core.node", "fields": {"site": 8, "updated": "2013-06-21T21:17:13.982Z", "deployment": 5, "name": "node66.stanford.vicci.org", "created": "2013-04-03T23:14:11.072Z"}}, {"pk": 450, "model": "core.node", "fields": {"site": 8, "updated": "2013-06-21T21:17:13.982Z", "deployment": 5, "name": "node67.stanford.vicci.org", "created": "2013-04-03T23:14:11.072Z"}}, {"pk": 451, "model": "core.node", "fields": {"site": 8, "updated": "2013-06-21T21:17:13.982Z", "deployment": 5, "name": "node68.stanford.vicci.org", "created": "2013-04-03T23:14:11.072Z"}}, {"pk": 452, "model": "core.node", "fields": {"site": 8, "updated": "2013-06-21T21:17:13.982Z", "deployment": 5, "name": "node69.stanford.vicci.org", "created": "2013-04-03T23:14:11.072Z"}}, {"pk": 453, "model": "core.node", "fields": {"site": 8, "updated": "2013-06-21T21:17:13.982Z", "deployment": 5, "name": "node70.stanford.vicci.org", "created": "2013-04-03T23:14:11.072Z"}}, {"pk": 454, "model": "core.node", "fields": {"site": 9, "updated": "2013-06-21T21:17:13.982Z", "deployment": 6, "name": "node1.washington.vicci.org", "created": "2013-04-03T23:14:11.072Z"}}, {"pk": 455, "model": "core.node", "fields": {"site": 9, "updated": "2013-06-21T21:17:13.982Z", "deployment": 6, "name": "node2.washington.vicci.org", "created": "2013-04-03T23:14:11.072Z"}}, {"pk": 456, "model": "core.node", "fields": {"site": 9, "updated": "2013-06-21T21:17:13.982Z", "deployment": 6, "name": "node3.washington.vicci.org", "created": "2013-04-03T23:14:11.072Z"}}, {"pk": 457, "model": "core.node", "fields": {"site": 9, "updated": "2013-06-21T21:17:13.982Z", "deployment": 6, "name": "node4.washington.vicci.org", "created": "2013-04-03T23:14:11.072Z"}}, {"pk": 458, "model": "core.node", "fields": {"site": 9, "updated": "2013-06-21T21:17:13.982Z", "deployment": 6, "name": "node5.washington.vicci.org", "created": "2013-04-03T23:14:11.072Z"}}, {"pk": 459, "model": "core.node", "fields": {"site": 9, "updated": "2013-06-21T21:17:13.982Z", "deployment": 6, "name": "node6.washington.vicci.org", "created": "2013-04-03T23:14:11.072Z"}}, {"pk": 460, "model": "core.node", "fields": {"site": 9, "updated": "2013-06-21T21:17:13.982Z", "deployment": 6, "name": "node7.washington.vicci.org", "created": "2013-04-03T23:14:11.072Z"}}, {"pk": 461, "model": "core.node", "fields": {"site": 9, "updated": "2013-06-21T21:17:13.982Z", "deployment": 6, "name": "node8.washington.vicci.org", "created": "2013-04-03T23:14:11.072Z"}}, {"pk": 462, "model": "core.node", "fields": {"site": 9, "updated": "2013-06-21T21:17:13.982Z", "deployment": 6, "name": "node9.washington.vicci.org", "created": "2013-04-03T23:14:11.072Z"}}, {"pk": 463, "model": "core.node", "fields": {"site": 9, "updated": "2013-06-21T21:17:13.982Z", "deployment": 6, "name": "node10.washington.vicci.org", "created": "2013-04-03T23:14:11.072Z"}}, {"pk": 464, "model": "core.node", "fields": {"site": 9, "updated": "2013-06-21T21:17:13.982Z", "deployment": 6, "name": "node11.washington.vicci.org", "created": "2013-04-03T23:14:11.072Z"}}, {"pk": 465, "model": "core.node", "fields": {"site": 9, "updated": "2013-06-21T21:17:13.982Z", "deployment": 6, "name": "node12.washington.vicci.org", "created": "2013-04-03T23:14:11.072Z"}}, {"pk": 466, "model": "core.node", "fields": {"site": 9, "updated": "2013-06-21T21:17:13.982Z", "deployment": 6, "name": "node13.washington.vicci.org", "created": "2013-04-03T23:14:11.072Z"}}, {"pk": 467, "model": "core.node", "fields": {"site": 9, "updated": "2013-06-21T21:17:13.982Z", "deployment": 6, "name": "node14.washington.vicci.org", "created": "2013-04-03T23:14:11.072Z"}}, {"pk": 468, "model": "core.node", "fields": {"site": 9, "updated": "2013-06-21T21:17:13.982Z", "deployment": 6, "name": "node15.washington.vicci.org", "created": "2013-04-03T23:14:11.072Z"}}, {"pk": 469, "model": "core.node", "fields": {"site": 9, "updated": "2013-06-21T21:17:13.982Z", "deployment": 6, "name": "node16.washington.vicci.org", "created": "2013-04-03T23:14:11.072Z"}}, {"pk": 470, "model": "core.node", "fields": {"site": 9, "updated": "2013-06-21T21:17:13.982Z", "deployment": 6, "name": "node17.washington.vicci.org", "created": "2013-04-03T23:14:11.072Z"}}, {"pk": 471, "model": "core.node", "fields": {"site": 9, "updated": "2013-06-21T21:17:13.982Z", "deployment": 6, "name": "node18.washington.vicci.org", "created": "2013-04-03T23:14:11.072Z"}}, {"pk": 472, "model": "core.node", "fields": {"site": 9, "updated": "2013-06-21T21:17:13.982Z", "deployment": 6, "name": "node19.washington.vicci.org", "created": "2013-04-03T23:14:11.072Z"}}, {"pk": 473, "model": "core.node", "fields": {"site": 9, "updated": "2013-06-21T21:17:13.982Z", "deployment": 6, "name": "node20.washington.vicci.org", "created": "2013-04-03T23:14:11.072Z"}}, {"pk": 474, "model": "core.node", "fields": {"site": 9, "updated": "2013-06-21T21:17:13.982Z", "deployment": 6, "name": "node21.washington.vicci.org", "created": "2013-04-03T23:14:11.072Z"}}, {"pk": 475, "model": "core.node", "fields": {"site": 9, "updated": "2013-06-21T21:17:13.982Z", "deployment": 6, "name": "node22.washington.vicci.org", "created": "2013-04-03T23:14:11.072Z"}}, {"pk": 476, "model": "core.node", "fields": {"site": 9, "updated": "2013-06-21T21:17:13.982Z", "deployment": 6, "name": "node23.washington.vicci.org", "created": "2013-04-03T23:14:11.072Z"}}, {"pk": 477, "model": "core.node", "fields": {"site": 9, "updated": "2013-06-21T21:17:13.982Z", "deployment": 6, "name": "node24.washington.vicci.org", "created": "2013-04-03T23:14:11.072Z"}}, {"pk": 478, "model": "core.node", "fields": {"site": 9, "updated": "2013-06-21T21:17:13.982Z", "deployment": 6, "name": "node25.washington.vicci.org", "created": "2013-04-03T23:14:11.072Z"}}, {"pk": 479, "model": "core.node", "fields": {"site": 9, "updated": "2013-06-21T21:17:13.982Z", "deployment": 6, "name": "node26.washington.vicci.org", "created": "2013-04-03T23:14:11.072Z"}}, {"pk": 480, "model": "core.node", "fields": {"site": 9, "updated": "2013-06-21T21:17:13.982Z", "deployment": 6, "name": "node27.washington.vicci.org", "created": "2013-04-03T23:14:11.072Z"}}, {"pk": 481, "model": "core.node", "fields": {"site": 9, "updated": "2013-06-21T21:17:13.982Z", "deployment": 6, "name": "node28.washington.vicci.org", "created": "2013-04-03T23:14:11.072Z"}}, {"pk": 482, "model": "core.node", "fields": {"site": 9, "updated": "2013-06-21T21:17:13.982Z", "deployment": 6, "name": "node29.washington.vicci.org", "created": "2013-04-03T23:14:11.072Z"}}, {"pk": 483, "model": "core.node", "fields": {"site": 9, "updated": "2013-06-21T21:17:13.982Z", "deployment": 6, "name": "node30.washington.vicci.org", "created": "2013-04-03T23:14:11.072Z"}}, {"pk": 484, "model": "core.node", "fields": {"site": 9, "updated": "2013-06-21T21:17:13.982Z", "deployment": 6, "name": "node31.washington.vicci.org", "created": "2013-04-03T23:14:11.072Z"}}, {"pk": 485, "model": "core.node", "fields": {"site": 9, "updated": "2013-06-21T21:17:13.982Z", "deployment": 6, "name": "node32.washington.vicci.org", "created": "2013-04-03T23:14:11.072Z"}}, {"pk": 486, "model": "core.node", "fields": {"site": 9, "updated": "2013-06-21T21:17:13.982Z", "deployment": 6, "name": "node33.washington.vicci.org", "created": "2013-04-03T23:14:11.072Z"}}, {"pk": 487, "model": "core.node", "fields": {"site": 9, "updated": "2013-06-21T21:17:13.982Z", "deployment": 6, "name": "node34.washington.vicci.org", "created": "2013-04-03T23:14:11.072Z"}}, {"pk": 488, "model": "core.node", "fields": {"site": 9, "updated": "2013-06-21T21:17:13.982Z", "deployment": 6, "name": "node35.washington.vicci.org", "created": "2013-04-03T23:14:11.072Z"}}, {"pk": 489, "model": "core.node", "fields": {"site": 9, "updated": "2013-06-21T21:17:13.982Z", "deployment": 6, "name": "node36.washington.vicci.org", "created": "2013-04-03T23:14:11.072Z"}}, {"pk": 490, "model": "core.node", "fields": {"site": 9, "updated": "2013-06-21T21:17:13.982Z", "deployment": 6, "name": "node37.washington.vicci.org", "created": "2013-04-03T23:14:11.072Z"}}, {"pk": 491, "model": "core.node", "fields": {"site": 9, "updated": "2013-06-21T21:17:13.982Z", "deployment": 6, "name": "node38.washington.vicci.org", "created": "2013-04-03T23:14:11.072Z"}}, {"pk": 492, "model": "core.node", "fields": {"site": 9, "updated": "2013-06-21T21:17:13.982Z", "deployment": 6, "name": "node39.washington.vicci.org", "created": "2013-04-03T23:14:11.072Z"}}, {"pk": 493, "model": "core.node", "fields": {"site": 9, "updated": "2013-06-21T21:17:13.982Z", "deployment": 6, "name": "node40.washington.vicci.org", "created": "2013-04-03T23:14:11.072Z"}}, {"pk": 494, "model": "core.node", "fields": {"site": 9, "updated": "2013-06-21T21:17:13.982Z", "deployment": 6, "name": "node41.washington.vicci.org", "created": "2013-04-03T23:14:11.072Z"}}, {"pk": 495, "model": "core.node", "fields": {"site": 9, "updated": "2013-06-21T21:17:13.982Z", "deployment": 6, "name": "node42.washington.vicci.org", "created": "2013-04-03T23:14:11.072Z"}}, {"pk": 496, "model": "core.node", "fields": {"site": 9, "updated": "2013-06-21T21:17:13.982Z", "deployment": 6, "name": "node43.washington.vicci.org", "created": "2013-04-03T23:14:11.072Z"}}, {"pk": 497, "model": "core.node", "fields": {"site": 9, "updated": "2013-06-21T21:17:13.982Z", "deployment": 6, "name": "node44.washington.vicci.org", "created": "2013-04-03T23:14:11.072Z"}}, {"pk": 498, "model": "core.node", "fields": {"site": 9, "updated": "2013-06-21T21:17:13.982Z", "deployment": 6, "name": "node45.washington.vicci.org", "created": "2013-04-03T23:14:11.072Z"}}, {"pk": 499, "model": "core.node", "fields": {"site": 9, "updated": "2013-06-21T21:17:13.982Z", "deployment": 6, "name": "node46.washington.vicci.org", "created": "2013-04-03T23:14:11.072Z"}}, {"pk": 500, "model": "core.node", "fields": {"site": 9, "updated": "2013-06-21T21:17:13.982Z", "deployment": 6, "name": "node47.washington.vicci.org", "created": "2013-04-03T23:14:11.072Z"}}, {"pk": 501, "model": "core.node", "fields": {"site": 9, "updated": "2013-06-21T21:17:13.982Z", "deployment": 6, "name": "node48.washington.vicci.org", "created": "2013-04-03T23:14:11.072Z"}}, {"pk": 502, "model": "core.node", "fields": {"site": 9, "updated": "2013-06-21T21:17:13.982Z", "deployment": 6, "name": "node49.washington.vicci.org", "created": "2013-04-03T23:14:11.072Z"}}, {"pk": 503, "model": "core.node", "fields": {"site": 9, "updated": "2013-06-21T21:17:13.982Z", "deployment": 6, "name": "node50.washington.vicci.org", "created": "2013-04-03T23:14:11.072Z"}}, {"pk": 504, "model": "core.node", "fields": {"site": 9, "updated": "2013-06-21T21:17:13.982Z", "deployment": 6, "name": "node51.washington.vicci.org", "created": "2013-04-03T23:14:11.072Z"}}, {"pk": 505, "model": "core.node", "fields": {"site": 9, "updated": "2013-06-21T21:17:13.982Z", "deployment": 6, "name": "node52.washington.vicci.org", "created": "2013-04-03T23:14:11.072Z"}}, {"pk": 506, "model": "core.node", "fields": {"site": 9, "updated": "2013-06-21T21:17:13.982Z", "deployment": 6, "name": "node53.washington.vicci.org", "created": "2013-04-03T23:14:11.072Z"}}, {"pk": 507, "model": "core.node", "fields": {"site": 9, "updated": "2013-06-21T21:17:13.982Z", "deployment": 6, "name": "node54.washington.vicci.org", "created": "2013-04-03T23:14:11.072Z"}}, {"pk": 508, "model": "core.node", "fields": {"site": 9, "updated": "2013-06-21T21:17:13.982Z", "deployment": 6, "name": "node55.washington.vicci.org", "created": "2013-04-03T23:14:11.072Z"}}, {"pk": 509, "model": "core.node", "fields": {"site": 9, "updated": "2013-06-21T21:17:13.982Z", "deployment": 6, "name": "node56.washington.vicci.org", "created": "2013-04-03T23:14:11.072Z"}}, {"pk": 510, "model": "core.node", "fields": {"site": 9, "updated": "2013-06-21T21:17:13.982Z", "deployment": 6, "name": "node57.washington.vicci.org", "created": "2013-04-03T23:14:11.072Z"}}, {"pk": 511, "model": "core.node", "fields": {"site": 9, "updated": "2013-06-21T21:17:13.982Z", "deployment": 6, "name": "node58.washington.vicci.org", "created": "2013-04-03T23:14:11.072Z"}}, {"pk": 512, "model": "core.node", "fields": {"site": 9, "updated": "2013-06-21T21:17:13.982Z", "deployment": 6, "name": "node59.washington.vicci.org", "created": "2013-04-03T23:14:11.072Z"}}, {"pk": 513, "model": "core.node", "fields": {"site": 9, "updated": "2013-06-21T21:17:13.982Z", "deployment": 6, "name": "node60.washington.vicci.org", "created": "2013-04-03T23:14:11.072Z"}}, {"pk": 514, "model": "core.node", "fields": {"site": 9, "updated": "2013-06-21T21:17:13.982Z", "deployment": 6, "name": "node61.washington.vicci.org", "created": "2013-04-03T23:14:11.072Z"}}, {"pk": 515, "model": "core.node", "fields": {"site": 9, "updated": "2013-06-21T21:17:13.982Z", "deployment": 6, "name": "node62.washington.vicci.org", "created": "2013-04-03T23:14:11.072Z"}}, {"pk": 516, "model": "core.node", "fields": {"site": 9, "updated": "2013-06-21T21:17:13.982Z", "deployment": 6, "name": "node63.washington.vicci.org", "created": "2013-04-03T23:14:11.072Z"}}, {"pk": 517, "model": "core.node", "fields": {"site": 9, "updated": "2013-06-21T21:17:13.982Z", "deployment": 6, "name": "node64.washington.vicci.org", "created": "2013-04-03T23:14:11.072Z"}}, {"pk": 518, "model": "core.node", "fields": {"site": 9, "updated": "2013-06-21T21:17:13.982Z", "deployment": 6, "name": "node65.washington.vicci.org", "created": "2013-04-03T23:14:11.072Z"}}, {"pk": 519, "model": "core.node", "fields": {"site": 9, "updated": "2013-06-21T21:17:13.982Z", "deployment": 6, "name": "node66.washington.vicci.org", "created": "2013-04-03T23:14:11.072Z"}}, {"pk": 520, "model": "core.node", "fields": {"site": 9, "updated": "2013-06-21T21:17:13.982Z", "deployment": 6, "name": "node67.washington.vicci.org", "created": "2013-04-03T23:14:11.072Z"}}, {"pk": 521, "model": "core.node", "fields": {"site": 9, "updated": "2013-06-21T21:17:13.982Z", "deployment": 6, "name": "node68.washington.vicci.org", "created": "2013-04-03T23:14:11.072Z"}}, {"pk": 522, "model": "core.node", "fields": {"site": 9, "updated": "2013-06-21T21:17:13.982Z", "deployment": 6, "name": "node69.washington.vicci.org", "created": "2013-04-03T23:14:11.072Z"}}, {"pk": 523, "model": "core.node", "fields": {"site": 9, "updated": "2013-06-21T21:17:13.982Z", "deployment": 6, "name": "node70.washington.vicci.org", "created": "2013-04-03T23:14:11.072Z"}}, {"pk": 524, "model": "core.node", "fields": {"site": 10, "updated": "2013-06-21T21:17:13.982Z", "deployment": 7, "name": "node1.princeton.vicci.org", "created": "2013-04-03T23:14:11.072Z"}}, {"pk": 525, "model": "core.node", "fields": {"site": 10, "updated": "2013-06-21T21:17:13.982Z", "deployment": 7, "name": "node2.princeton.vicci.org", "created": "2013-04-03T23:14:11.072Z"}}, {"pk": 526, "model": "core.node", "fields": {"site": 10, "updated": "2013-06-21T21:17:13.982Z", "deployment": 7, "name": "node3.princeton.vicci.org", "created": "2013-04-03T23:14:11.072Z"}}, {"pk": 527, "model": "core.node", "fields": {"site": 10, "updated": "2013-06-21T21:17:13.982Z", "deployment": 7, "name": "node4.princeton.vicci.org", "created": "2013-04-03T23:14:11.072Z"}}, {"pk": 528, "model": "core.node", "fields": {"site": 10, "updated": "2013-06-21T21:17:13.982Z", "deployment": 7, "name": "node5.princeton.vicci.org", "created": "2013-04-03T23:14:11.072Z"}}, {"pk": 529, "model": "core.node", "fields": {"site": 10, "updated": "2013-06-21T21:17:13.982Z", "deployment": 7, "name": "node6.princeton.vicci.org", "created": "2013-04-03T23:14:11.072Z"}}, {"pk": 530, "model": "core.node", "fields": {"site": 10, "updated": "2013-06-21T21:17:13.982Z", "deployment": 7, "name": "node7.princeton.vicci.org", "created": "2013-04-03T23:14:11.072Z"}}, {"pk": 531, "model": "core.node", "fields": {"site": 10, "updated": "2013-06-21T21:17:13.982Z", "deployment": 7, "name": "node8.princeton.vicci.org", "created": "2013-04-03T23:14:11.072Z"}}, {"pk": 532, "model": "core.node", "fields": {"site": 10, "updated": "2013-06-21T21:17:13.982Z", "deployment": 7, "name": "node9.princeton.vicci.org", "created": "2013-04-03T23:14:11.072Z"}}, {"pk": 533, "model": "core.node", "fields": {"site": 10, "updated": "2013-06-21T21:17:13.982Z", "deployment": 7, "name": "node10.princeton.vicci.org", "created": "2013-04-03T23:14:11.072Z"}}, {"pk": 534, "model": "core.node", "fields": {"site": 10, "updated": "2013-06-21T21:17:13.982Z", "deployment": 7, "name": "node11.princeton.vicci.org", "created": "2013-04-03T23:14:11.072Z"}}, {"pk": 535, "model": "core.node", "fields": {"site": 10, "updated": "2013-06-21T21:17:13.982Z", "deployment": 7, "name": "node12.princeton.vicci.org", "created": "2013-04-03T23:14:11.072Z"}}, {"pk": 536, "model": "core.node", "fields": {"site": 10, "updated": "2013-06-21T21:17:13.982Z", "deployment": 7, "name": "node13.princeton.vicci.org", "created": "2013-04-03T23:14:11.072Z"}}, {"pk": 537, "model": "core.node", "fields": {"site": 10, "updated": "2013-06-21T21:17:13.982Z", "deployment": 7, "name": "node14.princeton.vicci.org", "created": "2013-04-03T23:14:11.072Z"}}, {"pk": 538, "model": "core.node", "fields": {"site": 10, "updated": "2013-06-21T21:17:13.982Z", "deployment": 7, "name": "node15.princeton.vicci.org", "created": "2013-04-03T23:14:11.072Z"}}, {"pk": 539, "model": "core.node", "fields": {"site": 10, "updated": "2013-06-21T21:17:13.982Z", "deployment": 7, "name": "node16.princeton.vicci.org", "created": "2013-04-03T23:14:11.072Z"}}, {"pk": 540, "model": "core.node", "fields": {"site": 10, "updated": "2013-06-21T21:17:13.982Z", "deployment": 7, "name": "node17.princeton.vicci.org", "created": "2013-04-03T23:14:11.072Z"}}, {"pk": 541, "model": "core.node", "fields": {"site": 10, "updated": "2013-06-21T21:17:13.982Z", "deployment": 7, "name": "node18.princeton.vicci.org", "created": "2013-04-03T23:14:11.072Z"}}, {"pk": 542, "model": "core.node", "fields": {"site": 10, "updated": "2013-06-21T21:17:13.982Z", "deployment": 7, "name": "node19.princeton.vicci.org", "created": "2013-04-03T23:14:11.072Z"}}, {"pk": 543, "model": "core.node", "fields": {"site": 10, "updated": "2013-06-21T21:17:13.982Z", "deployment": 7, "name": "node20.princeton.vicci.org", "created": "2013-04-03T23:14:11.072Z"}}, {"pk": 544, "model": "core.node", "fields": {"site": 10, "updated": "2013-06-21T21:17:13.982Z", "deployment": 7, "name": "node21.princeton.vicci.org", "created": "2013-04-03T23:14:11.072Z"}}, {"pk": 545, "model": "core.node", "fields": {"site": 10, "updated": "2013-06-21T21:17:13.982Z", "deployment": 7, "name": "node22.princeton.vicci.org", "created": "2013-04-03T23:14:11.072Z"}}, {"pk": 546, "model": "core.node", "fields": {"site": 10, "updated": "2013-06-21T21:17:13.982Z", "deployment": 7, "name": "node23.princeton.vicci.org", "created": "2013-04-03T23:14:11.072Z"}}, {"pk": 547, "model": "core.node", "fields": {"site": 10, "updated": "2013-06-21T21:17:13.982Z", "deployment": 7, "name": "node24.princeton.vicci.org", "created": "2013-04-03T23:14:11.072Z"}}, {"pk": 548, "model": "core.node", "fields": {"site": 10, "updated": "2013-06-21T21:17:13.982Z", "deployment": 7, "name": "node25.princeton.vicci.org", "created": "2013-04-03T23:14:11.072Z"}}, {"pk": 549, "model": "core.node", "fields": {"site": 10, "updated": "2013-06-21T21:17:13.982Z", "deployment": 7, "name": "node26.princeton.vicci.org", "created": "2013-04-03T23:14:11.072Z"}}, {"pk": 550, "model": "core.node", "fields": {"site": 10, "updated": "2013-06-21T21:17:13.982Z", "deployment": 7, "name": "node27.princeton.vicci.org", "created": "2013-04-03T23:14:11.072Z"}}, {"pk": 551, "model": "core.node", "fields": {"site": 10, "updated": "2013-06-21T21:17:13.982Z", "deployment": 7, "name": "node28.princeton.vicci.org", "created": "2013-04-03T23:14:11.072Z"}}, {"pk": 552, "model": "core.node", "fields": {"site": 10, "updated": "2013-06-21T21:17:13.982Z", "deployment": 7, "name": "node29.princeton.vicci.org", "created": "2013-04-03T23:14:11.072Z"}}, {"pk": 553, "model": "core.node", "fields": {"site": 10, "updated": "2013-06-21T21:17:13.982Z", "deployment": 7, "name": "node30.princeton.vicci.org", "created": "2013-04-03T23:14:11.072Z"}}, {"pk": 554, "model": "core.node", "fields": {"site": 10, "updated": "2013-06-21T21:17:13.982Z", "deployment": 7, "name": "node31.princeton.vicci.org", "created": "2013-04-03T23:14:11.072Z"}}, {"pk": 555, "model": "core.node", "fields": {"site": 10, "updated": "2013-06-21T21:17:13.982Z", "deployment": 7, "name": "node32.princeton.vicci.org", "created": "2013-04-03T23:14:11.072Z"}}, {"pk": 556, "model": "core.node", "fields": {"site": 10, "updated": "2013-06-21T21:17:13.982Z", "deployment": 7, "name": "node33.princeton.vicci.org", "created": "2013-04-03T23:14:11.072Z"}}, {"pk": 557, "model": "core.node", "fields": {"site": 10, "updated": "2013-06-21T21:17:13.982Z", "deployment": 7, "name": "node34.princeton.vicci.org", "created": "2013-04-03T23:14:11.072Z"}}, {"pk": 558, "model": "core.node", "fields": {"site": 10, "updated": "2013-06-21T21:17:13.982Z", "deployment": 7, "name": "node35.princeton.vicci.org", "created": "2013-04-03T23:14:11.072Z"}}, {"pk": 559, "model": "core.node", "fields": {"site": 10, "updated": "2013-06-21T21:17:13.982Z", "deployment": 7, "name": "node36.princeton.vicci.org", "created": "2013-04-03T23:14:11.072Z"}}, {"pk": 560, "model": "core.node", "fields": {"site": 10, "updated": "2013-06-21T21:17:13.982Z", "deployment": 7, "name": "node37.princeton.vicci.org", "created": "2013-04-03T23:14:11.072Z"}}, {"pk": 561, "model": "core.node", "fields": {"site": 10, "updated": "2013-06-21T21:17:13.982Z", "deployment": 7, "name": "node38.princeton.vicci.org", "created": "2013-04-03T23:14:11.072Z"}}, {"pk": 562, "model": "core.node", "fields": {"site": 10, "updated": "2013-06-21T21:17:13.982Z", "deployment": 7, "name": "node39.princeton.vicci.org", "created": "2013-04-03T23:14:11.072Z"}}, {"pk": 563, "model": "core.node", "fields": {"site": 10, "updated": "2013-06-21T21:17:13.982Z", "deployment": 7, "name": "node40.princeton.vicci.org", "created": "2013-04-03T23:14:11.072Z"}}, {"pk": 564, "model": "core.node", "fields": {"site": 10, "updated": "2013-06-21T21:17:13.982Z", "deployment": 7, "name": "node41.princeton.vicci.org", "created": "2013-04-03T23:14:11.072Z"}}, {"pk": 565, "model": "core.node", "fields": {"site": 10, "updated": "2013-06-21T21:17:13.982Z", "deployment": 7, "name": "node42.princeton.vicci.org", "created": "2013-04-03T23:14:11.072Z"}}, {"pk": 566, "model": "core.node", "fields": {"site": 10, "updated": "2013-06-21T21:17:13.982Z", "deployment": 7, "name": "node43.princeton.vicci.org", "created": "2013-04-03T23:14:11.072Z"}}, {"pk": 567, "model": "core.node", "fields": {"site": 10, "updated": "2013-06-21T21:17:13.982Z", "deployment": 7, "name": "node44.princeton.vicci.org", "created": "2013-04-03T23:14:11.072Z"}}, {"pk": 568, "model": "core.node", "fields": {"site": 10, "updated": "2013-06-21T21:17:13.982Z", "deployment": 7, "name": "node45.princeton.vicci.org", "created": "2013-04-03T23:14:11.072Z"}}, {"pk": 569, "model": "core.node", "fields": {"site": 10, "updated": "2013-06-21T21:17:13.982Z", "deployment": 7, "name": "node46.princeton.vicci.org", "created": "2013-04-03T23:14:11.072Z"}}, {"pk": 570, "model": "core.node", "fields": {"site": 10, "updated": "2013-06-21T21:17:13.982Z", "deployment": 7, "name": "node47.princeton.vicci.org", "created": "2013-04-03T23:14:11.072Z"}}, {"pk": 571, "model": "core.node", "fields": {"site": 10, "updated": "2013-06-21T21:17:13.982Z", "deployment": 7, "name": "node48.princeton.vicci.org", "created": "2013-04-03T23:14:11.072Z"}}, {"pk": 572, "model": "core.node", "fields": {"site": 10, "updated": "2013-06-21T21:17:13.982Z", "deployment": 7, "name": "node49.princeton.vicci.org", "created": "2013-04-03T23:14:11.072Z"}}, {"pk": 573, "model": "core.node", "fields": {"site": 10, "updated": "2013-06-21T21:17:13.982Z", "deployment": 7, "name": "node50.princeton.vicci.org", "created": "2013-04-03T23:14:11.072Z"}}, {"pk": 574, "model": "core.node", "fields": {"site": 10, "updated": "2013-06-21T21:17:13.982Z", "deployment": 7, "name": "node51.princeton.vicci.org", "created": "2013-04-03T23:14:11.072Z"}}, {"pk": 575, "model": "core.node", "fields": {"site": 10, "updated": "2013-06-21T21:17:13.982Z", "deployment": 7, "name": "node52.princeton.vicci.org", "created": "2013-04-03T23:14:11.072Z"}}, {"pk": 576, "model": "core.node", "fields": {"site": 10, "updated": "2013-06-21T21:17:13.982Z", "deployment": 7, "name": "node53.princeton.vicci.org", "created": "2013-04-03T23:14:11.072Z"}}, {"pk": 577, "model": "core.node", "fields": {"site": 10, "updated": "2013-06-21T21:17:13.982Z", "deployment": 7, "name": "node54.princeton.vicci.org", "created": "2013-04-03T23:14:11.072Z"}}, {"pk": 578, "model": "core.node", "fields": {"site": 10, "updated": "2013-06-21T21:17:13.982Z", "deployment": 7, "name": "node55.princeton.vicci.org", "created": "2013-04-03T23:14:11.072Z"}}, {"pk": 579, "model": "core.node", "fields": {"site": 10, "updated": "2013-06-21T21:17:13.982Z", "deployment": 7, "name": "node56.princeton.vicci.org", "created": "2013-04-03T23:14:11.072Z"}}, {"pk": 580, "model": "core.node", "fields": {"site": 10, "updated": "2013-06-21T21:17:13.982Z", "deployment": 7, "name": "node57.princeton.vicci.org", "created": "2013-04-03T23:14:11.072Z"}}, {"pk": 581, "model": "core.node", "fields": {"site": 10, "updated": "2013-06-21T21:17:13.982Z", "deployment": 7, "name": "node58.princeton.vicci.org", "created": "2013-04-03T23:14:11.072Z"}}, {"pk": 582, "model": "core.node", "fields": {"site": 10, "updated": "2013-06-21T21:17:13.982Z", "deployment": 7, "name": "node59.princeton.vicci.org", "created": "2013-04-03T23:14:11.072Z"}}, {"pk": 583, "model": "core.node", "fields": {"site": 10, "updated": "2013-06-21T21:17:13.982Z", "deployment": 7, "name": "node60.princeton.vicci.org", "created": "2013-04-03T23:14:11.072Z"}}, {"pk": 584, "model": "core.node", "fields": {"site": 10, "updated": "2013-06-21T21:17:13.982Z", "deployment": 7, "name": "node61.princeton.vicci.org", "created": "2013-04-03T23:14:11.072Z"}}, {"pk": 585, "model": "core.node", "fields": {"site": 10, "updated": "2013-06-21T21:17:13.982Z", "deployment": 7, "name": "node62.princeton.vicci.org", "created": "2013-04-03T23:14:11.072Z"}}, {"pk": 586, "model": "core.node", "fields": {"site": 10, "updated": "2013-06-21T21:17:13.982Z", "deployment": 7, "name": "node63.princeton.vicci.org", "created": "2013-04-03T23:14:11.072Z"}}, {"pk": 587, "model": "core.node", "fields": {"site": 10, "updated": "2013-06-21T21:17:13.982Z", "deployment": 7, "name": "node64.princeton.vicci.org", "created": "2013-04-03T23:14:11.072Z"}}, {"pk": 588, "model": "core.node", "fields": {"site": 10, "updated": "2013-06-21T21:17:13.982Z", "deployment": 7, "name": "node65.princeton.vicci.org", "created": "2013-04-03T23:14:11.072Z"}}, {"pk": 589, "model": "core.node", "fields": {"site": 10, "updated": "2013-06-21T21:17:13.982Z", "deployment": 7, "name": "node66.princeton.vicci.org", "created": "2013-04-03T23:14:11.072Z"}}, {"pk": 590, "model": "core.node", "fields": {"site": 10, "updated": "2013-06-21T21:17:13.982Z", "deployment": 7, "name": "node67.princeton.vicci.org", "created": "2013-04-03T23:14:11.072Z"}}, {"pk": 591, "model": "core.node", "fields": {"site": 10, "updated": "2013-06-21T21:17:13.982Z", "deployment": 7, "name": "node68.princeton.vicci.org", "created": "2013-04-03T23:14:11.072Z"}}, {"pk": 592, "model": "core.node", "fields": {"site": 10, "updated": "2013-06-21T21:17:13.982Z", "deployment": 7, "name": "node69.princeton.vicci.org", "created": "2013-04-03T23:14:11.072Z"}}, {"pk": 593, "model": "core.node", "fields": {"site": 10, "updated": "2013-06-21T21:17:13.982Z", "deployment": 7, "name": "node70.princeton.vicci.org", "created": "2013-04-03T23:14:11.072Z"}}, {"pk": 594, "model": "core.node", "fields": {"site": 11, "updated": "2013-06-21T21:17:13.982Z", "deployment": 8, "name": "node1.gt.vicci.org", "created": "2013-04-03T23:14:11.072Z"}}, {"pk": 595, "model": "core.node", "fields": {"site": 11, "updated": "2013-06-21T21:17:13.982Z", "deployment": 8, "name": "node2.gt.vicci.org", "created": "2013-04-03T23:14:11.072Z"}}, {"pk": 596, "model": "core.node", "fields": {"site": 11, "updated": "2013-06-21T21:17:13.982Z", "deployment": 8, "name": "node3.gt.vicci.org", "created": "2013-04-03T23:14:11.072Z"}}, {"pk": 597, "model": "core.node", "fields": {"site": 11, "updated": "2013-06-21T21:17:13.982Z", "deployment": 8, "name": "node4.gt.vicci.org", "created": "2013-04-03T23:14:11.072Z"}}, {"pk": 598, "model": "core.node", "fields": {"site": 11, "updated": "2013-06-21T21:17:13.982Z", "deployment": 8, "name": "node5.gt.vicci.org", "created": "2013-04-03T23:14:11.072Z"}}, {"pk": 599, "model": "core.node", "fields": {"site": 11, "updated": "2013-06-21T21:17:13.982Z", "deployment": 8, "name": "node6.gt.vicci.org", "created": "2013-04-03T23:14:11.072Z"}}, {"pk": 600, "model": "core.node", "fields": {"site": 11, "updated": "2013-06-21T21:17:13.982Z", "deployment": 8, "name": "node7.gt.vicci.org", "created": "2013-04-03T23:14:11.072Z"}}, {"pk": 601, "model": "core.node", "fields": {"site": 11, "updated": "2013-06-21T21:17:13.982Z", "deployment": 8, "name": "node8.gt.vicci.org", "created": "2013-04-03T23:14:11.072Z"}}, {"pk": 602, "model": "core.node", "fields": {"site": 11, "updated": "2013-06-21T21:17:13.982Z", "deployment": 8, "name": "node9.gt.vicci.org", "created": "2013-04-03T23:14:11.072Z"}}, {"pk": 603, "model": "core.node", "fields": {"site": 11, "updated": "2013-06-21T21:17:13.982Z", "deployment": 8, "name": "node10.gt.vicci.org", "created": "2013-04-03T23:14:11.072Z"}}, {"pk": 604, "model": "core.node", "fields": {"site": 11, "updated": "2013-06-21T21:17:13.982Z", "deployment": 8, "name": "node11.gt.vicci.org", "created": "2013-04-03T23:14:11.072Z"}}, {"pk": 605, "model": "core.node", "fields": {"site": 11, "updated": "2013-06-21T21:17:13.982Z", "deployment": 8, "name": "node12.gt.vicci.org", "created": "2013-04-03T23:14:11.072Z"}}, {"pk": 606, "model": "core.node", "fields": {"site": 11, "updated": "2013-06-21T21:17:13.982Z", "deployment": 8, "name": "node13.gt.vicci.org", "created": "2013-04-03T23:14:11.072Z"}}, {"pk": 607, "model": "core.node", "fields": {"site": 11, "updated": "2013-06-21T21:17:13.982Z", "deployment": 8, "name": "node14.gt.vicci.org", "created": "2013-04-03T23:14:11.072Z"}}, {"pk": 608, "model": "core.node", "fields": {"site": 11, "updated": "2013-06-21T21:17:13.982Z", "deployment": 8, "name": "node15.gt.vicci.org", "created": "2013-04-03T23:14:11.072Z"}}, {"pk": 609, "model": "core.node", "fields": {"site": 11, "updated": "2013-06-21T21:17:13.982Z", "deployment": 8, "name": "node16.gt.vicci.org", "created": "2013-04-03T23:14:11.072Z"}}, {"pk": 610, "model": "core.node", "fields": {"site": 11, "updated": "2013-06-21T21:17:13.982Z", "deployment": 8, "name": "node17.gt.vicci.org", "created": "2013-04-03T23:14:11.072Z"}}, {"pk": 611, "model": "core.node", "fields": {"site": 11, "updated": "2013-06-21T21:17:13.982Z", "deployment": 8, "name": "node18.gt.vicci.org", "created": "2013-04-03T23:14:11.072Z"}}, {"pk": 612, "model": "core.node", "fields": {"site": 11, "updated": "2013-06-21T21:17:13.982Z", "deployment": 8, "name": "node19.gt.vicci.org", "created": "2013-04-03T23:14:11.072Z"}}, {"pk": 613, "model": "core.node", "fields": {"site": 11, "updated": "2013-06-21T21:17:13.982Z", "deployment": 8, "name": "node20.gt.vicci.org", "created": "2013-04-03T23:14:11.072Z"}}, {"pk": 614, "model": "core.node", "fields": {"site": 11, "updated": "2013-06-21T21:17:13.982Z", "deployment": 8, "name": "node21.gt.vicci.org", "created": "2013-04-03T23:14:11.072Z"}}, {"pk": 615, "model": "core.node", "fields": {"site": 11, "updated": "2013-06-21T21:17:13.982Z", "deployment": 8, "name": "node22.gt.vicci.org", "created": "2013-04-03T23:14:11.072Z"}}, {"pk": 616, "model": "core.node", "fields": {"site": 11, "updated": "2013-06-21T21:17:13.982Z", "deployment": 8, "name": "node23.gt.vicci.org", "created": "2013-04-03T23:14:11.072Z"}}, {"pk": 617, "model": "core.node", "fields": {"site": 11, "updated": "2013-06-21T21:17:13.982Z", "deployment": 8, "name": "node24.gt.vicci.org", "created": "2013-04-03T23:14:11.072Z"}}, {"pk": 618, "model": "core.node", "fields": {"site": 11, "updated": "2013-06-21T21:17:13.982Z", "deployment": 8, "name": "node25.gt.vicci.org", "created": "2013-04-03T23:14:11.072Z"}}, {"pk": 619, "model": "core.node", "fields": {"site": 11, "updated": "2013-06-21T21:17:13.982Z", "deployment": 8, "name": "node26.gt.vicci.org", "created": "2013-04-03T23:14:11.072Z"}}, {"pk": 620, "model": "core.node", "fields": {"site": 11, "updated": "2013-06-21T21:17:13.982Z", "deployment": 8, "name": "node27.gt.vicci.org", "created": "2013-04-03T23:14:11.072Z"}}, {"pk": 621, "model": "core.node", "fields": {"site": 11, "updated": "2013-06-21T21:17:13.982Z", "deployment": 8, "name": "node28.gt.vicci.org", "created": "2013-04-03T23:14:11.072Z"}}, {"pk": 622, "model": "core.node", "fields": {"site": 11, "updated": "2013-06-21T21:17:13.982Z", "deployment": 8, "name": "node29.gt.vicci.org", "created": "2013-04-03T23:14:11.072Z"}}, {"pk": 623, "model": "core.node", "fields": {"site": 11, "updated": "2013-06-21T21:17:13.982Z", "deployment": 8, "name": "node30.gt.vicci.org", "created": "2013-04-03T23:14:11.072Z"}}, {"pk": 624, "model": "core.node", "fields": {"site": 11, "updated": "2013-06-21T21:17:13.982Z", "deployment": 8, "name": "node31.gt.vicci.org", "created": "2013-04-03T23:14:11.072Z"}}, {"pk": 625, "model": "core.node", "fields": {"site": 11, "updated": "2013-06-21T21:17:13.982Z", "deployment": 8, "name": "node32.gt.vicci.org", "created": "2013-04-03T23:14:11.072Z"}}, {"pk": 626, "model": "core.node", "fields": {"site": 11, "updated": "2013-06-21T21:17:13.982Z", "deployment": 8, "name": "node33.gt.vicci.org", "created": "2013-04-03T23:14:11.072Z"}}, {"pk": 627, "model": "core.node", "fields": {"site": 11, "updated": "2013-06-21T21:17:13.982Z", "deployment": 8, "name": "node34.gt.vicci.org", "created": "2013-04-03T23:14:11.072Z"}}, {"pk": 628, "model": "core.node", "fields": {"site": 11, "updated": "2013-06-21T21:17:13.982Z", "deployment": 8, "name": "node35.gt.vicci.org", "created": "2013-04-03T23:14:11.072Z"}}, {"pk": 629, "model": "core.node", "fields": {"site": 11, "updated": "2013-06-21T21:17:13.982Z", "deployment": 8, "name": "node36.gt.vicci.org", "created": "2013-04-03T23:14:11.072Z"}}, {"pk": 630, "model": "core.node", "fields": {"site": 11, "updated": "2013-06-21T21:17:13.982Z", "deployment": 8, "name": "node37.gt.vicci.org", "created": "2013-04-03T23:14:11.072Z"}}, {"pk": 631, "model": "core.node", "fields": {"site": 11, "updated": "2013-06-21T21:17:13.982Z", "deployment": 8, "name": "node38.gt.vicci.org", "created": "2013-04-03T23:14:11.072Z"}}, {"pk": 632, "model": "core.node", "fields": {"site": 11, "updated": "2013-06-21T21:17:13.982Z", "deployment": 8, "name": "node39.gt.vicci.org", "created": "2013-04-03T23:14:11.072Z"}}, {"pk": 633, "model": "core.node", "fields": {"site": 11, "updated": "2013-06-21T21:17:13.982Z", "deployment": 8, "name": "node40.gt.vicci.org", "created": "2013-04-03T23:14:11.072Z"}}, {"pk": 634, "model": "core.node", "fields": {"site": 11, "updated": "2013-06-21T21:17:13.982Z", "deployment": 8, "name": "node41.gt.vicci.org", "created": "2013-04-03T23:14:11.072Z"}}, {"pk": 635, "model": "core.node", "fields": {"site": 11, "updated": "2013-06-21T21:17:13.982Z", "deployment": 8, "name": "node42.gt.vicci.org", "created": "2013-04-03T23:14:11.072Z"}}, {"pk": 636, "model": "core.node", "fields": {"site": 11, "updated": "2013-06-21T21:17:13.982Z", "deployment": 8, "name": "node43.gt.vicci.org", "created": "2013-04-03T23:14:11.072Z"}}, {"pk": 637, "model": "core.node", "fields": {"site": 11, "updated": "2013-06-21T21:17:13.982Z", "deployment": 8, "name": "node44.gt.vicci.org", "created": "2013-04-03T23:14:11.072Z"}}, {"pk": 638, "model": "core.node", "fields": {"site": 11, "updated": "2013-06-21T21:17:13.982Z", "deployment": 8, "name": "node45.gt.vicci.org", "created": "2013-04-03T23:14:11.072Z"}}, {"pk": 639, "model": "core.node", "fields": {"site": 11, "updated": "2013-06-21T21:17:13.982Z", "deployment": 8, "name": "node46.gt.vicci.org", "created": "2013-04-03T23:14:11.072Z"}}, {"pk": 640, "model": "core.node", "fields": {"site": 11, "updated": "2013-06-21T21:17:13.982Z", "deployment": 8, "name": "node47.gt.vicci.org", "created": "2013-04-03T23:14:11.072Z"}}, {"pk": 641, "model": "core.node", "fields": {"site": 11, "updated": "2013-06-21T21:17:13.982Z", "deployment": 8, "name": "node48.gt.vicci.org", "created": "2013-04-03T23:14:11.072Z"}}, {"pk": 642, "model": "core.node", "fields": {"site": 11, "updated": "2013-06-21T21:17:13.982Z", "deployment": 8, "name": "node49.gt.vicci.org", "created": "2013-04-03T23:14:11.072Z"}}, {"pk": 643, "model": "core.node", "fields": {"site": 11, "updated": "2013-06-21T21:17:13.982Z", "deployment": 8, "name": "node50.gt.vicci.org", "created": "2013-04-03T23:14:11.072Z"}}, {"pk": 644, "model": "core.node", "fields": {"site": 11, "updated": "2013-06-21T21:17:13.982Z", "deployment": 8, "name": "node51.gt.vicci.org", "created": "2013-04-03T23:14:11.072Z"}}, {"pk": 645, "model": "core.node", "fields": {"site": 11, "updated": "2013-06-21T21:17:13.982Z", "deployment": 8, "name": "node52.gt.vicci.org", "created": "2013-04-03T23:14:11.072Z"}}, {"pk": 646, "model": "core.node", "fields": {"site": 11, "updated": "2013-06-21T21:17:13.982Z", "deployment": 8, "name": "node53.gt.vicci.org", "created": "2013-04-03T23:14:11.072Z"}}, {"pk": 647, "model": "core.node", "fields": {"site": 11, "updated": "2013-06-21T21:17:13.982Z", "deployment": 8, "name": "node54.gt.vicci.org", "created": "2013-04-03T23:14:11.072Z"}}, {"pk": 648, "model": "core.node", "fields": {"site": 11, "updated": "2013-06-21T21:17:13.982Z", "deployment": 8, "name": "node55.gt.vicci.org", "created": "2013-04-03T23:14:11.072Z"}}, {"pk": 649, "model": "core.node", "fields": {"site": 11, "updated": "2013-06-21T21:17:13.982Z", "deployment": 8, "name": "node56.gt.vicci.org", "created": "2013-04-03T23:14:11.072Z"}}, {"pk": 650, "model": "core.node", "fields": {"site": 11, "updated": "2013-06-21T21:17:13.982Z", "deployment": 8, "name": "node57.gt.vicci.org", "created": "2013-04-03T23:14:11.072Z"}}, {"pk": 651, "model": "core.node", "fields": {"site": 11, "updated": "2013-06-21T21:17:13.982Z", "deployment": 8, "name": "node58.gt.vicci.org", "created": "2013-04-03T23:14:11.072Z"}}, {"pk": 652, "model": "core.node", "fields": {"site": 11, "updated": "2013-06-21T21:17:13.982Z", "deployment": 8, "name": "node59.gt.vicci.org", "created": "2013-04-03T23:14:11.072Z"}}, {"pk": 653, "model": "core.node", "fields": {"site": 11, "updated": "2013-06-21T21:17:13.982Z", "deployment": 8, "name": "node60.gt.vicci.org", "created": "2013-04-03T23:14:11.072Z"}}, {"pk": 654, "model": "core.node", "fields": {"site": 11, "updated": "2013-06-21T21:17:13.982Z", "deployment": 8, "name": "node61.gt.vicci.org", "created": "2013-04-03T23:14:11.072Z"}}, {"pk": 655, "model": "core.node", "fields": {"site": 11, "updated": "2013-06-21T21:17:13.982Z", "deployment": 8, "name": "node62.gt.vicci.org", "created": "2013-04-03T23:14:11.072Z"}}, {"pk": 656, "model": "core.node", "fields": {"site": 11, "updated": "2013-06-21T21:17:13.982Z", "deployment": 8, "name": "node63.gt.vicci.org", "created": "2013-04-03T23:14:11.072Z"}}, {"pk": 657, "model": "core.node", "fields": {"site": 11, "updated": "2013-06-21T21:17:13.982Z", "deployment": 8, "name": "node64.gt.vicci.org", "created": "2013-04-03T23:14:11.072Z"}}, {"pk": 658, "model": "core.node", "fields": {"site": 11, "updated": "2013-06-21T21:17:13.982Z", "deployment": 8, "name": "node65.gt.vicci.org", "created": "2013-04-03T23:14:11.072Z"}}, {"pk": 659, "model": "core.node", "fields": {"site": 11, "updated": "2013-06-21T21:17:13.982Z", "deployment": 8, "name": "node66.gt.vicci.org", "created": "2013-04-03T23:14:11.072Z"}}, {"pk": 660, "model": "core.node", "fields": {"site": 11, "updated": "2013-06-21T21:17:13.982Z", "deployment": 8, "name": "node67.gt.vicci.org", "created": "2013-04-03T23:14:11.072Z"}}, {"pk": 661, "model": "core.node", "fields": {"site": 11, "updated": "2013-06-21T21:17:13.982Z", "deployment": 8, "name": "node68.gt.vicci.org", "created": "2013-04-03T23:14:11.072Z"}}, {"pk": 662, "model": "core.node", "fields": {"site": 11, "updated": "2013-06-21T21:17:13.982Z", "deployment": 8, "name": "node69.gt.vicci.org", "created": "2013-04-03T23:14:11.072Z"}}, {"pk": 663, "model": "core.node", "fields": {"site": 11, "updated": "2013-06-21T21:17:13.982Z", "deployment": 8, "name": "node70.gt.vicci.org", "created": "2013-04-03T23:14:11.072Z"}}, {"pk": 664, "model": "core.node", "fields": {"site": 12, "updated": "2013-06-21T21:17:13.982Z", "deployment": 9, "name": "node1.mpisws.vicci.org", "created": "2013-04-03T23:14:11.072Z"}}, {"pk": 665, "model": "core.node", "fields": {"site": 12, "updated": "2013-06-21T21:17:13.982Z", "deployment": 9, "name": "node2.mpisws.vicci.org", "created": "2013-04-03T23:14:11.072Z"}}, {"pk": 666, "model": "core.node", "fields": {"site": 12, "updated": "2013-06-21T21:17:13.982Z", "deployment": 9, "name": "node3.mpisws.vicci.org", "created": "2013-04-03T23:14:11.072Z"}}, {"pk": 667, "model": "core.node", "fields": {"site": 12, "updated": "2013-06-21T21:17:13.982Z", "deployment": 9, "name": "node4.mpisws.vicci.org", "created": "2013-04-03T23:14:11.072Z"}}, {"pk": 668, "model": "core.node", "fields": {"site": 12, "updated": "2013-06-21T21:17:13.982Z", "deployment": 9, "name": "node5.mpisws.vicci.org", "created": "2013-04-03T23:14:11.072Z"}}, {"pk": 669, "model": "core.node", "fields": {"site": 12, "updated": "2013-06-21T21:17:13.982Z", "deployment": 9, "name": "node6.mpisws.vicci.org", "created": "2013-04-03T23:14:11.072Z"}}, {"pk": 670, "model": "core.node", "fields": {"site": 12, "updated": "2013-06-21T21:17:13.982Z", "deployment": 9, "name": "node7.mpisws.vicci.org", "created": "2013-04-03T23:14:11.072Z"}}, {"pk": 671, "model": "core.node", "fields": {"site": 12, "updated": "2013-06-21T21:17:13.982Z", "deployment": 9, "name": "node8.mpisws.vicci.org", "created": "2013-04-03T23:14:11.072Z"}}, {"pk": 672, "model": "core.node", "fields": {"site": 12, "updated": "2013-06-21T21:17:13.982Z", "deployment": 9, "name": "node9.mpisws.vicci.org", "created": "2013-04-03T23:14:11.072Z"}}, {"pk": 673, "model": "core.node", "fields": {"site": 12, "updated": "2013-06-21T21:17:13.982Z", "deployment": 9, "name": "node10.mpisws.vicci.org", "created": "2013-04-03T23:14:11.072Z"}}, {"pk": 674, "model": "core.node", "fields": {"site": 12, "updated": "2013-06-21T21:17:13.982Z", "deployment": 9, "name": "node11.mpisws.vicci.org", "created": "2013-04-03T23:14:11.072Z"}}, {"pk": 675, "model": "core.node", "fields": {"site": 12, "updated": "2013-06-21T21:17:13.982Z", "deployment": 9, "name": "node12.mpisws.vicci.org", "created": "2013-04-03T23:14:11.072Z"}}, {"pk": 676, "model": "core.node", "fields": {"site": 12, "updated": "2013-06-21T21:17:13.982Z", "deployment": 9, "name": "node13.mpisws.vicci.org", "created": "2013-04-03T23:14:11.072Z"}}, {"pk": 677, "model": "core.node", "fields": {"site": 12, "updated": "2013-06-21T21:17:13.982Z", "deployment": 9, "name": "node14.mpisws.vicci.org", "created": "2013-04-03T23:14:11.072Z"}}, {"pk": 678, "model": "core.node", "fields": {"site": 12, "updated": "2013-06-21T21:17:13.982Z", "deployment": 9, "name": "node15.mpisws.vicci.org", "created": "2013-04-03T23:14:11.072Z"}}, {"pk": 679, "model": "core.node", "fields": {"site": 12, "updated": "2013-06-21T21:17:13.982Z", "deployment": 9, "name": "node16.mpisws.vicci.org", "created": "2013-04-03T23:14:11.072Z"}}, {"pk": 680, "model": "core.node", "fields": {"site": 12, "updated": "2013-06-21T21:17:13.982Z", "deployment": 9, "name": "node17.mpisws.vicci.org", "created": "2013-04-03T23:14:11.072Z"}}, {"pk": 681, "model": "core.node", "fields": {"site": 12, "updated": "2013-06-21T21:17:13.982Z", "deployment": 9, "name": "node18.mpisws.vicci.org", "created": "2013-04-03T23:14:11.072Z"}}, {"pk": 682, "model": "core.node", "fields": {"site": 12, "updated": "2013-06-21T21:17:13.982Z", "deployment": 9, "name": "node19.mpisws.vicci.org", "created": "2013-04-03T23:14:11.072Z"}}, {"pk": 683, "model": "core.node", "fields": {"site": 12, "updated": "2013-06-21T21:17:13.982Z", "deployment": 9, "name": "node20.mpisws.vicci.org", "created": "2013-04-03T23:14:11.072Z"}}, {"pk": 684, "model": "core.node", "fields": {"site": 12, "updated": "2013-06-21T21:17:13.982Z", "deployment": 9, "name": "node21.mpisws.vicci.org", "created": "2013-04-03T23:14:11.072Z"}}, {"pk": 685, "model": "core.node", "fields": {"site": 12, "updated": "2013-06-21T21:17:13.982Z", "deployment": 9, "name": "node22.mpisws.vicci.org", "created": "2013-04-03T23:14:11.072Z"}}, {"pk": 686, "model": "core.node", "fields": {"site": 12, "updated": "2013-06-21T21:17:13.982Z", "deployment": 9, "name": "node23.mpisws.vicci.org", "created": "2013-04-03T23:14:11.072Z"}}, {"pk": 687, "model": "core.node", "fields": {"site": 12, "updated": "2013-06-21T21:17:13.982Z", "deployment": 9, "name": "node24.mpisws.vicci.org", "created": "2013-04-03T23:14:11.072Z"}}, {"pk": 688, "model": "core.node", "fields": {"site": 12, "updated": "2013-06-21T21:17:13.982Z", "deployment": 9, "name": "node25.mpisws.vicci.org", "created": "2013-04-03T23:14:11.072Z"}}, {"pk": 689, "model": "core.node", "fields": {"site": 12, "updated": "2013-06-21T21:17:13.982Z", "deployment": 9, "name": "node26.mpisws.vicci.org", "created": "2013-04-03T23:14:11.072Z"}}, {"pk": 690, "model": "core.node", "fields": {"site": 12, "updated": "2013-06-21T21:17:13.982Z", "deployment": 9, "name": "node27.mpisws.vicci.org", "created": "2013-04-03T23:14:11.072Z"}}, {"pk": 691, "model": "core.node", "fields": {"site": 12, "updated": "2013-06-21T21:17:13.982Z", "deployment": 9, "name": "node28.mpisws.vicci.org", "created": "2013-04-03T23:14:11.072Z"}}, {"pk": 692, "model": "core.node", "fields": {"site": 12, "updated": "2013-06-21T21:17:13.982Z", "deployment": 9, "name": "node29.mpisws.vicci.org", "created": "2013-04-03T23:14:11.072Z"}}, {"pk": 693, "model": "core.node", "fields": {"site": 12, "updated": "2013-06-21T21:17:13.982Z", "deployment": 9, "name": "node30.mpisws.vicci.org", "created": "2013-04-03T23:14:11.072Z"}}, {"pk": 694, "model": "core.node", "fields": {"site": 12, "updated": "2013-06-21T21:17:13.982Z", "deployment": 9, "name": "node31.mpisws.vicci.org", "created": "2013-04-03T23:14:11.072Z"}}, {"pk": 695, "model": "core.node", "fields": {"site": 12, "updated": "2013-06-21T21:17:13.982Z", "deployment": 9, "name": "node32.mpisws.vicci.org", "created": "2013-04-03T23:14:11.072Z"}}, {"pk": 696, "model": "core.node", "fields": {"site": 12, "updated": "2013-06-21T21:17:13.982Z", "deployment": 9, "name": "node33.mpisws.vicci.org", "created": "2013-04-03T23:14:11.072Z"}}, {"pk": 697, "model": "core.node", "fields": {"site": 12, "updated": "2013-06-21T21:17:13.982Z", "deployment": 9, "name": "node34.mpisws.vicci.org", "created": "2013-04-03T23:14:11.072Z"}}, {"pk": 698, "model": "core.node", "fields": {"site": 12, "updated": "2013-06-21T21:17:13.982Z", "deployment": 9, "name": "node35.mpisws.vicci.org", "created": "2013-04-03T23:14:11.072Z"}}, {"pk": 699, "model": "core.node", "fields": {"site": 12, "updated": "2013-06-21T21:17:13.982Z", "deployment": 9, "name": "node36.mpisws.vicci.org", "created": "2013-04-03T23:14:11.072Z"}}, {"pk": 700, "model": "core.node", "fields": {"site": 12, "updated": "2013-06-21T21:17:13.982Z", "deployment": 9, "name": "node37.mpisws.vicci.org", "created": "2013-04-03T23:14:11.072Z"}}, {"pk": 701, "model": "core.node", "fields": {"site": 12, "updated": "2013-06-21T21:17:13.982Z", "deployment": 9, "name": "node38.mpisws.vicci.org", "created": "2013-04-03T23:14:11.072Z"}}, {"pk": 702, "model": "core.node", "fields": {"site": 12, "updated": "2013-06-21T21:17:13.982Z", "deployment": 9, "name": "node39.mpisws.vicci.org", "created": "2013-04-03T23:14:11.072Z"}}, {"pk": 703, "model": "core.node", "fields": {"site": 12, "updated": "2013-06-21T21:17:13.982Z", "deployment": 9, "name": "node40.mpisws.vicci.org", "created": "2013-04-03T23:14:11.072Z"}}, {"pk": 704, "model": "core.node", "fields": {"site": 12, "updated": "2013-06-21T21:17:13.982Z", "deployment": 9, "name": "node41.mpisws.vicci.org", "created": "2013-04-03T23:14:11.072Z"}}, {"pk": 705, "model": "core.node", "fields": {"site": 12, "updated": "2013-06-21T21:17:13.982Z", "deployment": 9, "name": "node42.mpisws.vicci.org", "created": "2013-04-03T23:14:11.072Z"}}, {"pk": 706, "model": "core.node", "fields": {"site": 12, "updated": "2013-06-21T21:17:13.982Z", "deployment": 9, "name": "node43.mpisws.vicci.org", "created": "2013-04-03T23:14:11.072Z"}}, {"pk": 707, "model": "core.node", "fields": {"site": 12, "updated": "2013-06-21T21:17:13.982Z", "deployment": 9, "name": "node44.mpisws.vicci.org", "created": "2013-04-03T23:14:11.072Z"}}, {"pk": 708, "model": "core.node", "fields": {"site": 12, "updated": "2013-06-21T21:17:13.982Z", "deployment": 9, "name": "node45.mpisws.vicci.org", "created": "2013-04-03T23:14:11.072Z"}}, {"pk": 709, "model": "core.node", "fields": {"site": 12, "updated": "2013-06-21T21:17:13.982Z", "deployment": 9, "name": "node46.mpisws.vicci.org", "created": "2013-04-03T23:14:11.072Z"}}, {"pk": 710, "model": "core.node", "fields": {"site": 12, "updated": "2013-06-21T21:17:13.982Z", "deployment": 9, "name": "node47.mpisws.vicci.org", "created": "2013-04-03T23:14:11.072Z"}}, {"pk": 711, "model": "core.node", "fields": {"site": 12, "updated": "2013-06-21T21:17:13.982Z", "deployment": 9, "name": "node48.mpisws.vicci.org", "created": "2013-04-03T23:14:11.072Z"}}, {"pk": 712, "model": "core.node", "fields": {"site": 12, "updated": "2013-06-21T21:17:13.982Z", "deployment": 9, "name": "node49.mpisws.vicci.org", "created": "2013-04-03T23:14:11.072Z"}}, {"pk": 713, "model": "core.node", "fields": {"site": 12, "updated": "2013-06-21T21:17:13.982Z", "deployment": 9, "name": "node50.mpisws.vicci.org", "created": "2013-04-03T23:14:11.072Z"}}, {"pk": 714, "model": "core.node", "fields": {"site": 12, "updated": "2013-06-21T21:17:13.982Z", "deployment": 9, "name": "node51.mpisws.vicci.org", "created": "2013-04-03T23:14:11.072Z"}}, {"pk": 715, "model": "core.node", "fields": {"site": 12, "updated": "2013-06-21T21:17:13.982Z", "deployment": 9, "name": "node52.mpisws.vicci.org", "created": "2013-04-03T23:14:11.072Z"}}, {"pk": 716, "model": "core.node", "fields": {"site": 12, "updated": "2013-06-21T21:17:13.982Z", "deployment": 9, "name": "node53.mpisws.vicci.org", "created": "2013-04-03T23:14:11.072Z"}}, {"pk": 717, "model": "core.node", "fields": {"site": 12, "updated": "2013-06-21T21:17:13.982Z", "deployment": 9, "name": "node54.mpisws.vicci.org", "created": "2013-04-03T23:14:11.072Z"}}, {"pk": 718, "model": "core.node", "fields": {"site": 12, "updated": "2013-06-21T21:17:13.982Z", "deployment": 9, "name": "node55.mpisws.vicci.org", "created": "2013-04-03T23:14:11.072Z"}}, {"pk": 719, "model": "core.node", "fields": {"site": 12, "updated": "2013-06-21T21:17:13.982Z", "deployment": 9, "name": "node56.mpisws.vicci.org", "created": "2013-04-03T23:14:11.072Z"}}, {"pk": 720, "model": "core.node", "fields": {"site": 12, "updated": "2013-06-21T21:17:13.982Z", "deployment": 9, "name": "node57.mpisws.vicci.org", "created": "2013-04-03T23:14:11.072Z"}}, {"pk": 721, "model": "core.node", "fields": {"site": 12, "updated": "2013-06-21T21:17:13.982Z", "deployment": 9, "name": "node58.mpisws.vicci.org", "created": "2013-04-03T23:14:11.072Z"}}, {"pk": 722, "model": "core.node", "fields": {"site": 12, "updated": "2013-06-21T21:17:13.982Z", "deployment": 9, "name": "node59.mpisws.vicci.org", "created": "2013-04-03T23:14:11.072Z"}}, {"pk": 723, "model": "core.node", "fields": {"site": 12, "updated": "2013-06-21T21:17:13.982Z", "deployment": 9, "name": "node60.mpisws.vicci.org", "created": "2013-04-03T23:14:11.072Z"}}, {"pk": 724, "model": "core.node", "fields": {"site": 12, "updated": "2013-06-21T21:17:13.982Z", "deployment": 9, "name": "node61.mpisws.vicci.org", "created": "2013-04-03T23:14:11.072Z"}}, {"pk": 725, "model": "core.node", "fields": {"site": 12, "updated": "2013-06-21T21:17:13.982Z", "deployment": 9, "name": "node62.mpisws.vicci.org", "created": "2013-04-03T23:14:11.072Z"}}, {"pk": 726, "model": "core.node", "fields": {"site": 12, "updated": "2013-06-21T21:17:13.982Z", "deployment": 9, "name": "node63.mpisws.vicci.org", "created": "2013-04-03T23:14:11.072Z"}}, {"pk": 727, "model": "core.node", "fields": {"site": 12, "updated": "2013-06-21T21:17:13.982Z", "deployment": 9, "name": "node64.mpisws.vicci.org", "created": "2013-04-03T23:14:11.072Z"}}, {"pk": 728, "model": "core.node", "fields": {"site": 12, "updated": "2013-06-21T21:17:13.982Z", "deployment": 9, "name": "node65.mpisws.vicci.org", "created": "2013-04-03T23:14:11.072Z"}}, {"pk": 729, "model": "core.node", "fields": {"site": 12, "updated": "2013-06-21T21:17:13.982Z", "deployment": 9, "name": "node66.mpisws.vicci.org", "created": "2013-04-03T23:14:11.072Z"}}, {"pk": 730, "model": "core.node", "fields": {"site": 12, "updated": "2013-06-21T21:17:13.982Z", "deployment": 9, "name": "node67.mpisws.vicci.org", "created": "2013-04-03T23:14:11.072Z"}}, {"pk": 731, "model": "core.node", "fields": {"site": 12, "updated": "2013-06-21T21:17:13.982Z", "deployment": 9, "name": "node68.mpisws.vicci.org", "created": "2013-04-03T23:14:11.072Z"}}, {"pk": 732, "model": "core.node", "fields": {"site": 12, "updated": "2013-06-21T21:17:13.982Z", "deployment": 9, "name": "node69.mpisws.vicci.org", "created": "2013-04-03T23:14:11.072Z"}}, {"pk": 733, "model": "core.node", "fields": {"site": 12, "updated": "2013-06-21T21:17:13.982Z", "deployment": 9, "name": "node70.mpisws.vicci.org", "created": "2013-04-03T23:14:11.072Z"}}, {"pk": 734, "model": "core.node", "fields": {"site": 13, "updated": "2013-06-21T21:17:13.982Z", "deployment": 10, "name": "node1.atla.internet2.vini-veritas.net", "created": "2013-04-03T23:14:11.072Z"}}, {"pk": 735, "model": "core.node", "fields": {"site": 13, "updated": "2013-06-21T21:17:13.982Z", "deployment": 10, "name": "node2.atla.internet2.vini-veritas.net", "created": "2013-04-03T23:14:11.072Z"}}, {"pk": 736, "model": "core.node", "fields": {"site": 14, "updated": "2013-06-21T21:17:13.982Z", "deployment": 10, "name": "node1.chic.internet2.vini-veritas.net", "created": "2013-04-03T23:14:11.072Z"}}, {"pk": 737, "model": "core.node", "fields": {"site": 14, "updated": "2013-06-21T21:17:13.982Z", "deployment": 10, "name": "node2.chic.internet2.vini-veritas.net", "created": "2013-04-03T23:14:11.072Z"}}, {"pk": 738, "model": "core.node", "fields": {"site": 15, "updated": "2013-06-21T21:17:13.982Z", "deployment": 10, "name": "node1.hous.internet2.vini-veritas.net", "created": "2013-04-03T23:14:11.072Z"}}, {"pk": 739, "model": "core.node", "fields": {"site": 15, "updated": "2013-06-21T21:17:13.982Z", "deployment": 10, "name": "node2.hous.internet2.vini-veritas.net", "created": "2013-04-03T23:14:11.072Z"}}, {"pk": 740, "model": "core.node", "fields": {"site": 16, "updated": "2013-06-21T21:17:13.982Z", "deployment": 10, "name": "node1.kans.internet2.vini-veritas.net", "created": "2013-04-03T23:14:11.072Z"}}, {"pk": 741, "model": "core.node", "fields": {"site": 16, "updated": "2013-06-21T21:17:13.982Z", "deployment": 10, "name": "node2.kans.internet2.vini-veritas.net", "created": "2013-04-03T23:14:11.072Z"}}, {"pk": 742, "model": "core.node", "fields": {"site": 17, "updated": "2013-06-21T21:17:13.982Z", "deployment": 10, "name": "node1.losa.internet2.vini-veritas.net", "created": "2013-04-03T23:14:11.072Z"}}, {"pk": 743, "model": "core.node", "fields": {"site": 17, "updated": "2013-06-21T21:17:13.982Z", "deployment": 10, "name": "node2.losa.internet2.vini-veritas.net", "created": "2013-04-03T23:14:11.072Z"}}, {"pk": 744, "model": "core.node", "fields": {"site": 18, "updated": "2013-06-21T21:17:13.982Z", "deployment": 10, "name": "node1.newy.internet2.vini-veritas.net", "created": "2013-04-03T23:14:11.072Z"}}, {"pk": 745, "model": "core.node", "fields": {"site": 18, "updated": "2013-06-21T21:17:13.982Z", "deployment": 10, "name": "node2.newy.internet2.vini-veritas.net", "created": "2013-04-03T23:14:11.072Z"}}, {"pk": 746, "model": "core.node", "fields": {"site": 19, "updated": "2013-06-21T21:17:13.982Z", "deployment": 10, "name": "node1.salt.internet2.vini-veritas.net", "created": "2013-04-03T23:14:11.072Z"}}, {"pk": 747, "model": "core.node", "fields": {"site": 19, "updated": "2013-06-21T21:17:13.982Z", "deployment": 10, "name": "node2.salt.internet2.vini-veritas.net", "created": "2013-04-03T23:14:11.072Z"}}, {"pk": 748, "model": "core.node", "fields": {"site": 20, "updated": "2013-06-21T21:17:13.982Z", "deployment": 10, "name": "node1.seat.internet2.vini-veritas.net", "created": "2013-04-03T23:14:11.072Z"}}, {"pk": 749, "model": "core.node", "fields": {"site": 20, "updated": "2013-06-21T21:17:13.982Z", "deployment": 10, "name": "node2.seat.internet2.vini-veritas.net", "created": "2013-04-03T23:14:11.072Z"}}, {"pk": 750, "model": "core.node", "fields": {"site": 21, "updated": "2013-06-21T21:17:13.982Z", "deployment": 10, "name": "node1.wash.internet2.vini-veritas.net", "created": "2013-04-03T23:14:11.072Z"}}, {"pk": 751, "model": "core.node", "fields": {"site": 21, "updated": "2013-06-21T21:17:13.982Z", "deployment": 10, "name": "node2.wash.internet2.vini-veritas.net", "created": "2013-04-03T23:14:11.072Z"}}, {"pk": 1, "model": "core.networktemplate", "fields": {"guaranteedBandwidth": 0, "description": "Connect a sliver to the public network using dedicated public IPv4 address", "created": "2013-12-09T14:15:16.899Z", "sharedNetworkName": "", "updated": "2013-12-09T14:15:16.899Z", "visibility": "private", "translation": "none", "sharedNetworkId": "", "name": "dedicated-public-IPv4"}}, {"pk": 2, "model": "core.networktemplate", "fields": {"guaranteedBandwidth": 0, "description": "For PlanetLab compatibility: connect to the public network by sharing the node's public IP address.", "created": "2013-12-09T14:16:12.358Z", "sharedNetworkName": "", "updated": "2013-12-09T14:16:12.358Z", "visibility": "public", "translation": "none", "sharedNetworkId": "", "name": "planetlab-legacy"}}, {"pk": 3, "model": "core.networktemplate", "fields": {"guaranteedBandwidth": 0, "description": "Connect a sliver to the public network via NAT", "created": "2013-12-09T14:17:29.551Z", "sharedNetworkName": "nat-net", "updated": "2013-12-09T14:17:29.551Z", "visibility": "private", "translation": "NAT", "sharedNetworkId": "51d641ba-9e1e-46f5-8069-bf4a929f851f", "name": "private-IPv4-plus-NAT"}}, {"pk": 4, "model": "core.networktemplate", "fields": {"guaranteedBandwidth": 0, "description": "A private virtual network", "created": "2013-12-09T14:18:02.336Z", "sharedNetworkName": "", "updated": "2013-12-09T14:18:02.336Z", "visibility": "private", "translation": "none", "sharedNetworkId": "", "name": "private-virtual"}}, {"pk": 1, "model": "core.network", "fields": {"router_id": "", "subnet": "64.57.18.128/28", "updated": "2013-12-09T14:24:19.970Z", "subnet_id": "e1796711-5584-4bc1-b09b-45dff8f59f32", "name": "VINI-I2WashDC-public", "created": "2013-12-09T14:24:19.970Z", "permitAllSlices": false, "permittedSlices": [], "labels": "public-net", "guaranteedBandwidth": 0, "network_id": "7cb4291d-f8d3-4797-83b0-8deefd85bdf5", "template": 1, "owner": 10, "ports": ""}}, {"pk": 2, "model": "core.network", "fields": {"router_id": "", "subnet": "64.57.18.112/28", "updated": "2013-12-09T14:31:41.605Z", "subnet_id": "1afdc262-767b-4736-9403-584265293a81", "name": "VINI-I2Seattle-public", "created": "2013-12-09T14:31:41.605Z", "permitAllSlices": false, "permittedSlices": [], "labels": "public-net", "guaranteedBandwidth": 0, "network_id": "810b4cb8-9d8e-4eee-becc-676785a07725", "template": 1, "owner": 10, "ports": ""}}, {"pk": 3, "model": "core.network", "fields": {"router_id": "", "subnet": "64.57.18.96/28", "updated": "2013-12-09T14:33:10.312Z", "subnet_id": "c3582780-76f1-4979-97b0-e27f39f18daa", "name": "VINI-I2SaltLakeCity-public", "created": "2013-12-09T14:33:10.312Z", "permitAllSlices": false, "permittedSlices": [], "labels": "public-net", "guaranteedBandwidth": 0, "network_id": "4b37f048-11de-4ddd-acaf-2fc5e8716f0e", "template": 1, "owner": 10, "ports": ""}}, {"pk": 4, "model": "core.network", "fields": {"router_id": "", "subnet": "64.57.18.80/28", "updated": "2013-12-09T14:34:55.754Z", "subnet_id": "c0d989f2-f42f-4b3e-a23f-a0063ac4f010", "name": "VINI-I2NewYork-public", "created": "2013-12-09T14:34:55.754Z", "permitAllSlices": false, "permittedSlices": [], "labels": "public-net", "guaranteedBandwidth": 0, "network_id": "684386d7-1286-4e58-acda-8ff45deac99e", "template": 1, "owner": 10, "ports": ""}}, {"pk": 5, "model": "core.network", "fields": {"router_id": "", "subnet": "64.57.18.64/28", "updated": "2013-12-09T14:36:09.261Z", "subnet_id": "d37bab1f-7e01-417c-86c4-ea0d69e2f25d", "name": "VINI-I2LosAngeles-public", "created": "2013-12-09T14:36:09.261Z", "permitAllSlices": false, "permittedSlices": [], "labels": "public-net", "guaranteedBandwidth": 0, "network_id": "fa090174-ec59-4b7a-812b-9206d911fb61", "template": 1, "owner": 10, "ports": ""}}, {"pk": 6, "model": "core.network", "fields": {"router_id": "", "subnet": "64.57.18.48/28", "updated": "2013-12-09T14:37:02.420Z", "subnet_id": "7caa4cfb-846a-4e4c-9984-8ead4091f816", "name": "VINI-I2KansasCity-public", "created": "2013-12-09T14:37:02.420Z", "permitAllSlices": false, "permittedSlices": [], "labels": "public-net", "guaranteedBandwidth": 0, "network_id": "017a3914-5eaf-4bcb-8609-6d17ebcdf075", "template": 1, "owner": 10, "ports": ""}}, {"pk": 7, "model": "core.network", "fields": {"router_id": "", "subnet": "64.57.18.32/28", "updated": "2013-12-09T14:38:11.552Z", "subnet_id": "4438dfbd-099a-4229-bd86-cf29478a009b", "name": "VINI-I2Houston-public", "created": "2013-12-09T14:38:11.552Z", "permitAllSlices": false, "permittedSlices": [], "labels": "public-net", "guaranteedBandwidth": 0, "network_id": "fdf0e3b1-439b-4673-b56e-d9dfe52b2bb7", "template": 1, "owner": 10, "ports": ""}}, {"pk": 8, "model": "core.network", "fields": {"router_id": "", "subnet": "64.57.18.32/28", "updated": "2013-12-09T14:39:51.262Z", "subnet_id": "4438dfbd-099a-4229-bd86-cf29478a009b", "name": "VINI-I2Houston-public", "created": "2013-12-09T14:39:51.262Z", "permitAllSlices": false, "permittedSlices": [], "labels": "public-net", "guaranteedBandwidth": 0, "network_id": "fdf0e3b1-439b-4673-b56e-d9dfe52b2bb7", "template": 1, "owner": 10, "ports": ""}}, {"pk": 9, "model": "core.network", "fields": {"router_id": "", "subnet": "64.57.18.32/28", "updated": "2013-12-09T14:41:00.237Z", "subnet_id": "4438dfbd-099a-4229-bd86-cf29478a009b", "name": "VINI-I2Houston-public", "created": "2013-12-09T14:41:00.237Z", "permitAllSlices": false, "permittedSlices": [], "labels": "public-net", "guaranteedBandwidth": 0, "network_id": "fdf0e3b1-439b-4673-b56e-d9dfe52b2bb7", "template": 1, "owner": 10, "ports": ""}}, {"pk": 10, "model": "core.network", "fields": {"router_id": "", "subnet": "64.57.18.16/28", "updated": "2013-12-09T14:42:03.158Z", "subnet_id": "332113b1-e6f4-492e-ad93-ce21512d3459", "name": "VINI-I2Chicago-public", "created": "2013-12-09T14:42:03.158Z", "permitAllSlices": false, "permittedSlices": [], "labels": "public-net", "guaranteedBandwidth": 0, "network_id": "ecdbaf66-b659-4d59-b0b7-1bf6d232ccba", "template": 1, "owner": 10, "ports": ""}}, {"pk": 11, "model": "core.network", "fields": {"router_id": "", "subnet": "64.57.18.0/28", "updated": "2013-12-09T14:42:49.781Z", "subnet_id": "dafefd4f-2622-4987-9f30-94e9a977cfc3", "name": "VINI-I2Atlanta-public", "created": "2013-12-09T14:42:49.781Z", "permitAllSlices": false, "permittedSlices": [], "labels": "public-net", "guaranteedBandwidth": 0, "network_id": "ae4d42e8-a97c-440d-9533-4bcbd62dfb00", "template": 1, "owner": 10, "ports": ""}}, {"pk": 1, "model": "core.networkparametertype", "fields": {"updated": "2013-12-09T14:43:25.664Z", "description": "End of IPv4 address allocation pool", "name": "allocation-pool-end", "created": "2013-12-09T14:43:25.664Z"}}, {"pk": 2, "model": "core.networkparametertype", "fields": {"updated": "2013-12-09T14:43:45.564Z", "description": "Start of IPv4 address allocation pool", "name": "allocation-pool-start", "created": "2013-12-09T14:43:45.564Z"}}, {"pk": 3, "model": "core.networkparametertype", "fields": {"updated": "2013-12-09T14:44:05.513Z", "description": "CIDR block for network", "name": "cidr", "created": "2013-12-09T14:44:05.513Z"}}]