[
{
    "pk": 3, 
    "model": "core.service", 
    "fields": {
        "updated": "2013-11-26T12:45:24.212Z", 
        "description": "Used to help accelerate delivery of content through the CDN.", 
        "created": "2013-11-26T12:45:24.212Z", 
        "enabled": true, 
        "versionNumber": "1.0", 
        "published": true, 
        "name": "HPC Service"
    }
},
{
    "pk": 4, 
    "model": "core.service", 
    "fields": {
        "updated": "2013-11-26T12:45:59.003Z", 
        "description": "Service to help load balance and direct traffic flow to content within the CDN", 
        "created": "2013-11-26T12:45:59.003Z", 
        "enabled": true, 
        "versionNumber": "1.0", 
        "published": true, 
        "name": "Request Router Service"
    }
},
{
    "pk": 5, 
    "model": "core.service", 
    "fields": {
        "updated": "2013-12-04T22:51:07.137Z", 
        "description": "Syndicate Shared Filesystem.", 
        "created": "2013-12-04T22:51:07.137Z", 
        "enabled": true, 
        "versionNumber": "", 
        "published": true, 
        "name": "Syndicate"
    }
},
{
    "pk": 6, 
    "model": "core.service", 
    "fields": {
        "updated": "2013-12-12T00:00:42.038Z", 
        "description": "HPC Service", 
        "created": "2013-12-12T00:00:42.038Z", 
        "enabled": true, 
        "versionNumber": "2.8", 
        "published": true, 
        "name": "coblitz"
    }
},
{
    "pk": 7, 
    "model": "core.service", 
    "fields": {
        "updated": "2013-12-12T00:04:22.009Z", 
        "description": "Request Router Service", 
        "created": "2013-12-12T00:04:03.740Z", 
        "enabled": true, 
        "versionNumber": "2.8", 
        "published": true, 
        "name": "Request Router"
    }
},
{
    "pk": 8, 
    "model": "core.site", 
    "fields": {
        "updated": "2013-12-05T01:40:10.294Z", 
        "name": "Stanford", 
        "created": "2013-04-03T23:14:11.072Z", 
        "tenant_id": "", 
        "enabled": true, 
        "longitude": null, 
        "site_url": "http://www.stanford.edu/", 
        "login_base": "usstanford", 
        "location": "37.4294,-122.17200000000003", 
        "latitude": null, 
        "is_public": true, 
        "deployments": [
            5
        ], 
        "abbreviated_name": ""
    }
},
{
    "pk": 9, 
    "model": "core.site", 
    "fields": {
        "updated": "2013-12-05T01:39:55.076Z", 
        "name": "Washington", 
        "created": "2013-04-03T23:14:11.072Z", 
        "tenant_id": "", 
        "enabled": true, 
        "longitude": null, 
        "site_url": "https://www.washington.edu/", 
        "login_base": "uswash", 
        "location": "47.6531,-122.31299999999999", 
        "latitude": null, 
        "is_public": true, 
        "deployments": [
            6
        ], 
        "abbreviated_name": ""
    }
},
{
    "pk": 10, 
    "model": "core.site", 
    "fields": {
        "updated": "2013-12-05T01:39:17.419Z", 
        "name": "Princeton", 
        "created": "2013-04-03T23:14:11.072Z", 
        "tenant_id": "", 
        "enabled": true, 
        "longitude": null, 
        "site_url": "http://princeton.edu/", 
        "login_base": "usprinceton", 
        "location": "40.3502,-74.6524", 
        "latitude": null, 
        "is_public": true, 
        "deployments": [
            7
        ], 
        "abbreviated_name": ""
    }
},
{
    "pk": 11, 
    "model": "core.site", 
    "fields": {
        "updated": "2013-12-05T01:40:36.873Z", 
        "name": "GeorgiaTech", 
        "created": "2013-04-03T23:14:11.072Z", 
        "tenant_id": "", 
        "enabled": true, 
        "longitude": null, 
        "site_url": "http://www.gatech.edu/", 
        "login_base": "usgt", 
        "location": "33.7772,-84.39760000000001", 
        "latitude": null, 
        "is_public": true, 
        "deployments": [
            8
        ], 
        "abbreviated_name": ""
    }
},
{
    "pk": 12, 
    "model": "core.site", 
    "fields": {
        "updated": "2013-12-05T01:40:52.585Z", 
        "name": "MaxPlanck", 
        "created": "2013-04-03T23:14:11.072Z", 
        "tenant_id": "", 
        "enabled": true, 
        "longitude": null, 
        "site_url": "http://www.mpi-sws.mpg.de/", 
        "login_base": "eumpisws", 
        "location": "49.14,6.588999999999942", 
        "latitude": null, 
        "is_public": true, 
        "deployments": [
            9
        ], 
        "abbreviated_name": ""
    }
},
{
    "pk": 13, 
    "model": "core.site", 
    "fields": {
        "updated": "2013-06-21T21:17:13.982Z", 
        "name": "I2 Atlanta", 
        "created": "2013-04-03T23:14:11.072Z", 
        "tenant_id": "", 
        "enabled": true, 
        "longitude": null, 
        "site_url": "http://www.internet2.edu", 
        "login_base": "i2atlanta", 
        "location": "33.0075,-84.0038", 
        "latitude": null, 
        "is_public": true, 
        "deployments": [
            10
        ], 
        "abbreviated_name": ""
    }
},
{
    "pk": 14, 
    "model": "core.site", 
    "fields": {
        "updated": "2013-06-21T21:17:13.982Z", 
        "name": "I2 Chicago", 
        "created": "2013-04-03T23:14:11.072Z", 
        "tenant_id": "", 
        "enabled": true, 
        "longitude": null, 
        "site_url": "http://www.internet2.edu", 
        "login_base": "i2chic", 
        "location": "41.0085,-87.0065", 
        "latitude": null, 
        "is_public": true, 
        "deployments": [
            10
        ], 
        "abbreviated_name": ""
    }
},
{
    "pk": 15, 
    "model": "core.site", 
    "fields": {
        "updated": "2013-06-21T21:17:13.982Z", 
        "name": "I2 Houston", 
        "created": "2013-04-03T23:14:11.072Z", 
        "tenant_id": "", 
        "enabled": true, 
        "longitude": null, 
        "site_url": "http://www.internet2.edu", 
        "login_base": "i2hous", 
        "location": "29.0077,-95.0037", 
        "latitude": null, 
        "is_public": true, 
        "deployments": [
            10
        ], 
        "abbreviated_name": ""
    }
},
{
    "pk": 16, 
    "model": "core.site", 
    "fields": {
        "updated": "2013-06-21T21:17:13.982Z", 
        "name": "I2 Kansas City", 
        "created": "2013-04-03T23:14:11.072Z", 
        "tenant_id": "", 
        "enabled": true, 
        "longitude": null, 
        "site_url": "http://www.internet2.edu", 
        "login_base": "i2kans", 
        "location": "39.0012,-94.0063", 
        "latitude": null, 
        "is_public": true, 
        "deployments": [
            10
        ], 
        "abbreviated_name": ""
    }
},
{
    "pk": 17, 
    "model": "core.site", 
    "fields": {
        "updated": "2013-06-21T21:17:13.982Z", 
        "name": "I2 Los Angeles", 
        "created": "2013-04-03T23:14:11.072Z", 
        "tenant_id": "", 
        "enabled": true, 
        "longitude": null, 
        "site_url": "http://www.internet2.edu", 
        "login_base": "i2losa", 
        "location": "33.2505,-117.503", 
        "latitude": null, 
        "is_public": true, 
        "deployments": [
            10
        ], 
        "abbreviated_name": ""
    }
},
{
    "pk": 18, 
    "model": "core.site", 
    "fields": {
        "updated": "2013-06-21T21:17:13.982Z", 
        "name": "I2 New York", 
        "created": "2013-04-03T23:14:11.072Z", 
        "tenant_id": "", 
        "enabled": true, 
        "longitude": null, 
        "site_url": "http://www.internet2.edu", 
        "login_base": "i2newy", 
        "location": "40.72,-73.99", 
        "latitude": null, 
        "is_public": true, 
        "deployments": [
            10
        ], 
        "abbreviated_name": ""
    }
},
{
    "pk": 19, 
    "model": "core.site", 
    "fields": {
        "updated": "2013-06-21T21:17:13.982Z", 
        "name": "I2 Salt Lake City", 
        "created": "2013-04-03T23:14:11.072Z", 
        "tenant_id": "", 
        "enabled": true, 
        "longitude": null, 
        "site_url": "http://www.internet2.edu", 
        "login_base": "i2salt", 
        "location": "40.7659,-111.844", 
        "latitude": null, 
        "is_public": true, 
        "deployments": [
            10
        ], 
        "abbreviated_name": ""
    }
},
{
    "pk": 20, 
    "model": "core.site", 
    "fields": {
        "updated": "2013-06-21T21:17:13.982Z", 
        "name": "I2 Seattle", 
        "created": "2013-04-03T23:14:11.072Z", 
        "tenant_id": "", 
        "enabled": true, 
        "longitude": null, 
        "site_url": "http://www.internet2.edu", 
        "login_base": "i2seat", 
        "location": "47.6531,-122.313", 
        "latitude": null, 
        "is_public": true, 
        "deployments": [
            10
        ], 
        "abbreviated_name": ""
    }
},
{
    "pk": 21, 
    "model": "core.site", 
    "fields": {
        "updated": "2013-06-21T21:17:13.982Z", 
        "name": "I2 Washington DC", 
        "created": "2013-04-03T23:14:11.072Z", 
        "tenant_id": "", 
        "enabled": true, 
        "longitude": null, 
        "site_url": "http://www.internet2.edu", 
        "login_base": "i2wash", 
        "location": "38.009,-77.0003", 
        "latitude": null, 
        "is_public": true, 
        "deployments": [
            10
        ], 
        "abbreviated_name": ""
    }
},
{
    "pk": 22, 
    "model": "core.site", 
    "fields": {
        "updated": "2013-06-21T21:17:13.982Z", 
        "name": "ON.Lab", 
        "created": "2013-04-03T23:14:11.072Z", 
        "tenant_id": "", 
        "enabled": true, 
        "longitude": null, 
        "site_url": "http://www.internet2.edu", 
        "login_base": "onlab", 
        "location": "47.6531,-122.313", 
        "latitude": null, 
        "is_public": true, 
        "deployments": [
            5, 
            6, 
            7, 
            8, 
            9, 
            10
        ], 
        "abbreviated_name": ""
    }
},
{
    "pk": 5, 
    "model": "core.deployment", 
    "fields": {
        "updated": "2013-04-03T22:57:23.015Z", 
        "name": "US-Stanford", 
        "created": "2013-04-03T22:57:23.015Z"
    }
},
{
    "pk": 6, 
    "model": "core.deployment", 
    "fields": {
        "updated": "2013-04-03T22:57:23.015Z", 
        "name": "US-Washington", 
        "created": "2013-04-03T22:57:23.015Z"
    }
},
{
    "pk": 7, 
    "model": "core.deployment", 
    "fields": {
        "updated": "2013-04-03T22:57:23.015Z", 
        "name": "US-Princeton", 
        "created": "2013-04-03T22:57:23.015Z"
    }
},
{
    "pk": 8, 
    "model": "core.deployment", 
    "fields": {
        "updated": "2013-04-03T22:57:23.015Z", 
        "name": "US-GeorgiaTech", 
        "created": "2013-04-03T22:57:23.015Z"
    }
},
{
    "pk": 9, 
    "model": "core.deployment", 
    "fields": {
        "updated": "2013-04-03T22:57:23.015Z", 
        "name": "EU-MaxPlanck", 
        "created": "2013-04-03T22:57:23.015Z"
    }
},
{
    "pk": 10, 
    "model": "core.deployment", 
    "fields": {
        "updated": "2013-04-03T22:57:23.015Z", 
        "name": "Internet2", 
        "created": "2013-04-03T22:57:23.015Z"
    }
},
{
    "pk": 1, 
    "model": "core.user", 
    "fields": {
        "username": "padmin@vicci.org", 
        "public_key": null, 
        "updated": "2013-11-26T12:36:49.829Z", 
        "is_readonly": false, 
        "firstname": "OpenCloud", 
        "user_url": null, 
        "lastname": "Admin", 
        "created": "2013-11-26T12:36:49.816Z", 
        "is_active": true, 
        "site": null, 
        "phone": null, 
        "kuser_id": null, 
        "is_staff": true, 
        "last_login": "2013-12-12T09:51:03.736Z", 
        "timezone": "America/New_York", 
        "is_admin": true, 
        "password": "pbkdf2_sha256$10000$v5qKhIyhSQ2N$V8vh2mkqYdjQib6d2jBkpwV57eMBfhd/9eiXqaDLUWg=", 
        "email": "padmin@vicci.org", 
        "enacted": null
    }
},
{
    "pk": 2, 
    "model": "core.user", 
    "fields": {
        "username": "tony@onlab.us", 
        "public_key": null, 
        "updated": "2013-09-22T21:47:30.993Z", 
        "is_readonly": false, 
        "firstname": "Tony", 
        "user_url": null, 
        "lastname": "Mack", 
        "created": "2013-09-22T21:47:30.959Z", 
        "is_active": true, 
        "site": 22, 
        "phone": null, 
        "kuser_id": null, 
        "is_staff": true, 
        "last_login": "2013-12-09T14:10:24.705Z", 
        "timezone": "America/New_York", 
        "is_admin": true, 
        "password": "pbkdf2_sha256$10000$dLKRXWJlkuvm$Ycamy79oT1lN0Q5R3B3nvlr70n2X50mL86yraDwzuWk=", 
        "email": "tony@onlab.us", 
        "enacted": null
    }
},
{
    "pk": 3, 
    "model": "core.user", 
    "fields": {
        "username": "mike@onlab.us", 
        "public_key": null, 
        "updated": "2013-09-22T21:47:30.993Z", 
        "is_readonly": false, 
        "firstname": "Mike", 
        "user_url": null, 
        "lastname": "Wawrzoniak", 
        "created": "2013-09-22T21:47:30.959Z", 
        "is_active": true, 
        "site": 22, 
        "phone": null, 
        "kuser_id": null, 
        "is_staff": true, 
        "last_login": "2013-12-04T20:46:15.904Z", 
        "timezone": "America/New_York", 
        "is_admin": true, 
        "password": "pbkdf2_sha256$10000$dLKRXWJlkuvm$Ycamy79oT1lN0Q5R3B3nvlr70n2X50mL86yraDwzuWk=", 
        "email": "mike@onlab.us", 
        "enacted": null
    }
},
{
    "pk": 4, 
    "model": "core.user", 
    "fields": {
        "username": "andy@onlab.us", 
        "public_key": null, 
        "updated": "2013-09-22T21:47:30.993Z", 
        "is_readonly": false, 
        "firstname": "Andy", 
        "user_url": null, 
        "lastname": "Bavier", 
        "created": "2013-09-22T21:47:30.959Z", 
        "is_active": true, 
        "site": 22, 
        "phone": null, 
        "kuser_id": null, 
        "is_staff": true, 
        "last_login": "2013-12-04T20:46:13.172Z", 
        "timezone": "America/New_York", 
        "is_admin": true, 
        "password": "pbkdf2_sha256$10000$dLKRXWJlkuvm$Ycamy79oT1lN0Q5R3B3nvlr70n2X50mL86yraDwzuWk=", 
        "email": "andy@onlab.us", 
        "enacted": null
    }
},
{
    "pk": 5, 
    "model": "core.user", 
    "fields": {
        "username": "sapan@onlab.us", 
        "public_key": null, 
        "updated": "2013-09-22T21:47:30.993Z", 
        "is_readonly": false, 
        "firstname": "Sapan", 
        "user_url": null, 
        "lastname": "Bhatia", 
        "created": "2013-09-22T21:47:30.959Z", 
        "is_active": true, 
        "site": 22, 
        "phone": null, 
        "kuser_id": null, 
        "is_staff": true, 
        "last_login": "2013-12-04T20:46:13.536Z", 
        "timezone": "America/New_York", 
        "is_admin": true, 
        "password": "pbkdf2_sha256$10000$dLKRXWJlkuvm$Ycamy79oT1lN0Q5R3B3nvlr70n2X50mL86yraDwzuWk=", 
        "email": "sapan@onlab.us", 
        "enacted": null
    }
},
{
    "pk": 6, 
    "model": "core.user", 
    "fields": {
        "username": "jude@onlab.us", 
        "public_key": null, 
        "updated": "2013-09-22T21:47:30.993Z", 
        "is_readonly": false, 
        "firstname": "Jude", 
        "user_url": null, 
        "lastname": "Nelson", 
        "created": "2013-09-22T21:47:30.959Z", 
        "is_active": true, 
        "site": 22, 
        "phone": null, 
        "kuser_id": null, 
        "is_staff": true, 
        "last_login": "2013-09-22T21:48:01.047Z", 
        "timezone": "America/New_York", 
        "is_admin": true, 
        "password": "pbkdf2_sha256$10000$dLKRXWJlkuvm$Ycamy79oT1lN0Q5R3B3nvlr70n2X50mL86yraDwzuWk=", 
        "email": "jude@onlab.us", 
        "enacted": null
    }
},
{
    "pk": 7, 
    "model": "core.user", 
    "fields": {
        "username": "llp@onlab.us", 
        "public_key": "", 
        "updated": "2013-12-04T20:47:03.679Z", 
        "is_readonly": false, 
        "firstname": "Larry", 
        "user_url": null, 
        "lastname": "Peterson", 
        "created": "2013-09-22T21:47:30.959Z", 
        "is_active": true, 
        "site": 22, 
        "phone": "", 
        "kuser_id": null, 
        "is_staff": true, 
        "last_login": "2013-12-06T21:20:46.483Z", 
        "timezone": "America/New_York", 
        "is_admin": true, 
        "password": "pbkdf2_sha256$10000$dLKRXWJlkuvm$Ycamy79oT1lN0Q5R3B3nvlr70n2X50mL86yraDwzuWk=", 
        "email": "llp@onlab.us", 
        "enacted": null
    }
},
{
    "pk": 8, 
    "model": "core.user", 
    "fields": {
        "username": "scott@onlab.us", 
        "public_key": null, 
        "updated": "2013-09-22T21:47:30.993Z", 
        "is_readonly": false, 
        "firstname": "Scott", 
        "user_url": null, 
        "lastname": "Baker", 
        "created": "2013-09-22T21:47:30.959Z", 
        "is_active": true, 
        "site": 22, 
        "phone": null, 
        "kuser_id": null, 
        "is_staff": true, 
        "last_login": "2013-12-10T00:05:38.242Z", 
        "timezone": "America/New_York", 
        "is_admin": true, 
        "password": "pbkdf2_sha256$10000$dLKRXWJlkuvm$Ycamy79oT1lN0Q5R3B3nvlr70n2X50mL86yraDwzuWk=", 
        "email": "scott@onlab.us", 
        "enacted": null
    }
},
{
    "pk": 9, 
    "model": "core.user", 
    "fields": {
        "username": "ali@onlab.us", 
        "public_key": null, 
        "updated": "2013-09-22T21:47:30.993Z", 
        "is_readonly": false, 
        "firstname": "Ali", 
        "user_url": null, 
        "lastname": "Al-Shabibi", 
        "created": "2013-09-22T21:47:30.959Z", 
        "is_active": true, 
        "site": 22, 
        "phone": null, 
        "kuser_id": null, 
        "is_staff": true, 
        "last_login": "2013-09-22T21:48:01.047Z", 
        "timezone": "America/New_York", 
        "is_admin": true, 
        "password": "pbkdf2_sha256$10000$dLKRXWJlkuvm$Ycamy79oT1lN0Q5R3B3nvlr70n2X50mL86yraDwzuWk=", 
        "email": "ali@onlab.us", 
        "enacted": null
    }
},
{
    "pk": 10, 
    "model": "core.user", 
    "fields": {
        "username": "bill@onlab.us", 
        "public_key": null, 
        "updated": "2013-09-22T21:47:30.993Z", 
        "is_readonly": false, 
        "firstname": "Bill", 
        "user_url": null, 
        "lastname": "Snow", 
        "created": "2013-09-22T21:47:30.959Z", 
        "is_active": true, 
        "site": 22, 
        "phone": null, 
        "kuser_id": null, 
        "is_staff": true, 
        "last_login": "2013-09-22T21:48:01.047Z", 
        "timezone": "America/New_York", 
        "is_admin": true, 
        "password": "pbkdf2_sha256$10000$dLKRXWJlkuvm$Ycamy79oT1lN0Q5R3B3nvlr70n2X50mL86yraDwzuWk=", 
        "email": "bill@onlab.us", 
        "enacted": null
    }
},
{
    "pk": 11, 
    "model": "core.user", 
    "fields": {
        "username": "guru@onlab.us", 
        "public_key": null, 
        "updated": "2013-09-22T21:47:30.993Z", 
        "is_readonly": false, 
        "firstname": "Guru", 
        "user_url": null, 
        "lastname": "Parulkar", 
        "created": "2013-09-22T21:47:30.959Z", 
        "is_active": true, 
        "site": 22, 
        "phone": null, 
        "kuser_id": null, 
        "is_staff": true, 
        "last_login": "2013-09-22T21:48:01.047Z", 
        "timezone": "America/New_York", 
        "is_admin": true, 
        "password": "pbkdf2_sha256$10000$dLKRXWJlkuvm$Ycamy79oT1lN0Q5R3B3nvlr70n2X50mL86yraDwzuWk=", 
        "email": "guru@onlab.us", 
        "enacted": null
    }
},
{
    "pk": 12, 
    "model": "core.user", 
    "fields": {
        "username": "marc@onlab.us", 
        "public_key": null, 
        "updated": "2013-09-22T21:47:30.993Z", 
        "is_readonly": false, 
        "firstname": "Marc", 
        "user_url": null, 
        "lastname": "Fiuczynski", 
        "created": "2013-09-22T21:47:30.959Z", 
        "is_active": true, 
        "site": 22, 
        "phone": null, 
        "kuser_id": null, 
        "is_staff": true, 
        "last_login": "2013-09-22T21:48:01.047Z", 
        "timezone": "America/New_York", 
        "is_admin": true, 
        "password": "pbkdf2_sha256$10000$dLKRXWJlkuvm$Ycamy79oT1lN0Q5R3B3nvlr70n2X50mL86yraDwzuWk=", 
        "email": "marc@onlab.us", 
        "enacted": null
    }
},
{
    "pk": 13, 
    "model": "core.user", 
    "fields": {
        "username": "siobhan@onlab.us", 
        "public_key": null, 
        "updated": "2013-09-22T21:47:30.993Z", 
        "is_readonly": false, 
        "firstname": "Siobhan", 
        "user_url": null, 
        "lastname": "Tully", 
        "created": "2013-09-22T21:47:30.959Z", 
        "is_active": true, 
        "site": 22, 
        "phone": null, 
        "kuser_id": null, 
        "is_staff": true, 
        "last_login": "2013-09-22T21:48:01.047Z", 
        "timezone": "America/New_York", 
        "is_admin": true, 
        "password": "pbkdf2_sha256$10000$dLKRXWJlkuvm$Ycamy79oT1lN0Q5R3B3nvlr70n2X50mL86yraDwzuWk=", 
        "email": "siobhan@onlab.us", 
        "enacted": null
    }
},
{
    "pk": 14, 
    "model": "core.user", 
    "fields": {
        "username": "demo@onlab.us", 
        "public_key": "", 
        "updated": "2013-12-06T11:25:52.457Z", 
        "is_readonly": true, 
        "firstname": "Demo", 
        "user_url": null, 
        "lastname": "OpenCloud", 
        "created": "2013-12-06T11:25:41.211Z", 
        "is_active": true, 
        "site": 22, 
        "phone": "", 
        "kuser_id": null, 
        "is_staff": true, 
        "last_login": "2013-12-06T21:15:43.463Z", 
        "timezone": "America/New_York", 
        "is_admin": true, 
        "password": "pbkdf2_sha256$10000$jaLSTW2ksHEN$HDpjDKieFDjMvtV5wbF/ow3zfq8EqcFtNXLfuo+150s=", 
        "email": "demo@onlab.us", 
        "enacted": null
    }
},
{
    "pk": 1, 
    "model": "core.serviceclass", 
    "fields": {
        "updated": "2013-05-10T23:30:52.931Z", 
        "membershipFee": 0, 
        "membershipFeeMonths": 0, 
        "created": "2013-05-10T23:30:52.931Z", 
        "upgradeFrom": [
            2, 
            3
        ], 
        "commitment": 0, 
        "name": "Best Effort", 
        "upgradeRequiresApproval": false, 
        "description": "Best Effort"
    }
},
{
    "pk": 2, 
    "model": "core.serviceclass", 
    "fields": {
        "updated": "2013-05-10T23:35:51.694Z", 
        "membershipFee": 100, 
        "membershipFeeMonths": 1, 
        "created": "2013-05-10T23:33:24.930Z", 
        "upgradeFrom": [
            1, 
            3
        ], 
        "commitment": 365, 
        "name": "Silver", 
        "upgradeRequiresApproval": false, 
        "description": "Silver"
    }
},
{
    "pk": 3, 
    "model": "core.serviceclass", 
    "fields": {
        "updated": "2013-05-10T23:34:01.320Z", 
        "membershipFee": 18000, 
        "membershipFeeMonths": 12, 
        "created": "2013-05-10T23:34:01.320Z", 
        "upgradeFrom": [
            1, 
            2
        ], 
        "commitment": 365, 
        "name": "Gold", 
        "upgradeRequiresApproval": false, 
        "description": "Gold"
    }
},
{
    "pk": 4, 
    "model": "core.slice", 
    "fields": {
        "router_id": null, 
        "updated": "2013-12-05T01:41:11.410Z", 
        "name": "HyperCache", 
        "service": 3, 
        "created": "2013-04-03T23:14:11.072Z", 
        "network_id": null, 
        "tenant_id": "", 
        "serviceClass": 1, 
        "enabled": true, 
        "site": 22, 
        "omf_friendly": false, 
        "subnet_id": null, 
        "slice_url": "", 
        "creator": 1, 
        "description": "HyperCache slice for HyperCache service."
    }
},
{
    "pk": 6, 
    "model": "core.slice", 
    "fields": {
        "router_id": null, 
        "updated": "2013-12-05T01:41:23.032Z", 
        "name": "Syndicate", 
        "service": 5, 
        "created": "2013-04-03T23:14:11.072Z", 
        "network_id": null, 
        "tenant_id": "", 
        "serviceClass": 1, 
        "enabled": true, 
        "site": 22, 
        "omf_friendly": false, 
        "subnet_id": null, 
        "slice_url": "", 
        "creator": 1, 
        "description": ""
    }
},
{
    "pk": 8, 
    "model": "core.slice", 
    "fields": {
        "router_id": null, 
        "updated": "2013-12-04T22:49:36.839Z", 
        "name": "DnsRedir", 
        "service": 4, 
        "created": "2013-12-04T22:48:35.584Z", 
        "network_id": null, 
        "tenant_id": "", 
        "serviceClass": 2, 
        "enabled": true, 
        "site": 10, 
        "omf_friendly": false, 
        "subnet_id": null, 
        "slice_url": "", 
        "creator": 8, 
        "description": "DNS Redirection slice for RequestRouter service."
    }
},
{
    "pk": 9, 
    "model": "core.slice", 
    "fields": {
        "router_id": null, 
        "updated": "2013-12-05T01:47:29.141Z", 
        "name": "DnsDemux", 
        "service": 4, 
        "created": "2013-12-04T22:49:23.051Z", 
        "network_id": null, 
        "tenant_id": "", 
        "serviceClass": 1, 
        "enabled": true, 
        "site": 10, 
        "omf_friendly": false, 
        "subnet_id": null, 
        "slice_url": "", 
        "creator": 8, 
        "description": "DNS Demultiplexing slice for RequestRouter service. "
    }
},
{
    "pk": 10, 
    "model": "core.slice", 
    "fields": {
        "router_id": null, 
        "updated": "2013-12-09T14:19:28.458Z", 
        "name": "Infrastructure", 
        "service": null, 
        "created": "2013-12-09T14:13:15.392Z", 
        "network_id": null, 
        "tenant_id": "", 
        "serviceClass": 1, 
        "enabled": true, 
        "site": 22, 
        "omf_friendly": false, 
        "subnet_id": null, 
        "slice_url": "", 
        "creator": null, 
        "description": ""
    }
},
{
    "pk": 1, 
    "model": "core.image", 
    "fields": {
        "updated": "2013-12-09T14:26:56.787Z", 
        "name": "Fedora 16 LXC rev 1.3", 
        "created": "2013-12-09T14:26:56.787Z", 
        "container_format": "bare", 
        "disk_format": "raw", 
        "image_id": "d4bdbba2-6883-4232-863a-202fd4c56c21"
    }
},
{
    "pk": 384, 
    "model": "core.node", 
    "fields": {
        "site": 8, 
        "updated": "2013-06-21T21:17:13.982Z", 
        "deployment": 5, 
        "name": "node1.stanford.vicci.org", 
        "created": "2013-04-03T23:14:11.072Z"
    }
},
{
    "pk": 385, 
    "model": "core.node", 
    "fields": {
        "site": 8, 
        "updated": "2013-06-21T21:17:13.982Z", 
        "deployment": 5, 
        "name": "node2.stanford.vicci.org", 
        "created": "2013-04-03T23:14:11.072Z"
    }
},
{
    "pk": 386, 
    "model": "core.node", 
    "fields": {
        "site": 8, 
        "updated": "2013-06-21T21:17:13.982Z", 
        "deployment": 5, 
        "name": "node3.stanford.vicci.org", 
        "created": "2013-04-03T23:14:11.072Z"
    }
},
{
    "pk": 387, 
    "model": "core.node", 
    "fields": {
        "site": 8, 
        "updated": "2013-06-21T21:17:13.982Z", 
        "deployment": 5, 
        "name": "node4.stanford.vicci.org", 
        "created": "2013-04-03T23:14:11.072Z"
    }
},
{
    "pk": 388, 
    "model": "core.node", 
    "fields": {
        "site": 8, 
        "updated": "2013-06-21T21:17:13.982Z", 
        "deployment": 5, 
        "name": "node5.stanford.vicci.org", 
        "created": "2013-04-03T23:14:11.072Z"
    }
},
{
    "pk": 389, 
    "model": "core.node", 
    "fields": {
        "site": 8, 
        "updated": "2013-06-21T21:17:13.982Z", 
        "deployment": 5, 
        "name": "node6.stanford.vicci.org", 
        "created": "2013-04-03T23:14:11.072Z"
    }
},
{
    "pk": 390, 
    "model": "core.node", 
    "fields": {
        "site": 8, 
        "updated": "2013-06-21T21:17:13.982Z", 
        "deployment": 5, 
        "name": "node7.stanford.vicci.org", 
        "created": "2013-04-03T23:14:11.072Z"
    }
},
{
    "pk": 391, 
    "model": "core.node", 
    "fields": {
        "site": 8, 
        "updated": "2013-06-21T21:17:13.982Z", 
        "deployment": 5, 
        "name": "node8.stanford.vicci.org", 
        "created": "2013-04-03T23:14:11.072Z"
    }
},
{
    "pk": 392, 
    "model": "core.node", 
    "fields": {
        "site": 8, 
        "updated": "2013-06-21T21:17:13.982Z", 
        "deployment": 5, 
        "name": "node9.stanford.vicci.org", 
        "created": "2013-04-03T23:14:11.072Z"
    }
},
{
    "pk": 393, 
    "model": "core.node", 
    "fields": {
        "site": 8, 
        "updated": "2013-06-21T21:17:13.982Z", 
        "deployment": 5, 
        "name": "node10.stanford.vicci.org", 
        "created": "2013-04-03T23:14:11.072Z"
    }
},
{
    "pk": 394, 
    "model": "core.node", 
    "fields": {
        "site": 8, 
        "updated": "2013-06-21T21:17:13.982Z", 
        "deployment": 5, 
        "name": "node11.stanford.vicci.org", 
        "created": "2013-04-03T23:14:11.072Z"
    }
},
{
    "pk": 395, 
    "model": "core.node", 
    "fields": {
        "site": 8, 
        "updated": "2013-06-21T21:17:13.982Z", 
        "deployment": 5, 
        "name": "node12.stanford.vicci.org", 
        "created": "2013-04-03T23:14:11.072Z"
    }
},
{
    "pk": 396, 
    "model": "core.node", 
    "fields": {
        "site": 8, 
        "updated": "2013-06-21T21:17:13.982Z", 
        "deployment": 5, 
        "name": "node13.stanford.vicci.org", 
        "created": "2013-04-03T23:14:11.072Z"
    }
},
{
    "pk": 397, 
    "model": "core.node", 
    "fields": {
        "site": 8, 
        "updated": "2013-06-21T21:17:13.982Z", 
        "deployment": 5, 
        "name": "node14.stanford.vicci.org", 
        "created": "2013-04-03T23:14:11.072Z"
    }
},
{
    "pk": 398, 
    "model": "core.node", 
    "fields": {
        "site": 8, 
        "updated": "2013-06-21T21:17:13.982Z", 
        "deployment": 5, 
        "name": "node15.stanford.vicci.org", 
        "created": "2013-04-03T23:14:11.072Z"
    }
},
{
    "pk": 399, 
    "model": "core.node", 
    "fields": {
        "site": 8, 
        "updated": "2013-06-21T21:17:13.982Z", 
        "deployment": 5, 
        "name": "node16.stanford.vicci.org", 
        "created": "2013-04-03T23:14:11.072Z"
    }
},
{
    "pk": 400, 
    "model": "core.node", 
    "fields": {
        "site": 8, 
        "updated": "2013-06-21T21:17:13.982Z", 
        "deployment": 5, 
        "name": "node17.stanford.vicci.org", 
        "created": "2013-04-03T23:14:11.072Z"
    }
},
{
    "pk": 401, 
    "model": "core.node", 
    "fields": {
        "site": 8, 
        "updated": "2013-06-21T21:17:13.982Z", 
        "deployment": 5, 
        "name": "node18.stanford.vicci.org", 
        "created": "2013-04-03T23:14:11.072Z"
    }
},
{
    "pk": 402, 
    "model": "core.node", 
    "fields": {
        "site": 8, 
        "updated": "2013-06-21T21:17:13.982Z", 
        "deployment": 5, 
        "name": "node19.stanford.vicci.org", 
        "created": "2013-04-03T23:14:11.072Z"
    }
},
{
    "pk": 403, 
    "model": "core.node", 
    "fields": {
        "site": 8, 
        "updated": "2013-06-21T21:17:13.982Z", 
        "deployment": 5, 
        "name": "node20.stanford.vicci.org", 
        "created": "2013-04-03T23:14:11.072Z"
    }
},
{
    "pk": 404, 
    "model": "core.node", 
    "fields": {
        "site": 8, 
        "updated": "2013-06-21T21:17:13.982Z", 
        "deployment": 5, 
        "name": "node21.stanford.vicci.org", 
        "created": "2013-04-03T23:14:11.072Z"
    }
},
{
    "pk": 405, 
    "model": "core.node", 
    "fields": {
        "site": 8, 
        "updated": "2013-06-21T21:17:13.982Z", 
        "deployment": 5, 
        "name": "node22.stanford.vicci.org", 
        "created": "2013-04-03T23:14:11.072Z"
    }
},
{
    "pk": 406, 
    "model": "core.node", 
    "fields": {
        "site": 8, 
        "updated": "2013-06-21T21:17:13.982Z", 
        "deployment": 5, 
        "name": "node23.stanford.vicci.org", 
        "created": "2013-04-03T23:14:11.072Z"
    }
},
{
    "pk": 407, 
    "model": "core.node", 
    "fields": {
        "site": 8, 
        "updated": "2013-06-21T21:17:13.982Z", 
        "deployment": 5, 
        "name": "node24.stanford.vicci.org", 
        "created": "2013-04-03T23:14:11.072Z"
    }
},
{
    "pk": 408, 
    "model": "core.node", 
    "fields": {
        "site": 8, 
        "updated": "2013-06-21T21:17:13.982Z", 
        "deployment": 5, 
        "name": "node25.stanford.vicci.org", 
        "created": "2013-04-03T23:14:11.072Z"
    }
},
{
    "pk": 409, 
    "model": "core.node", 
    "fields": {
        "site": 8, 
        "updated": "2013-06-21T21:17:13.982Z", 
        "deployment": 5, 
        "name": "node26.stanford.vicci.org", 
        "created": "2013-04-03T23:14:11.072Z"
    }
},
{
    "pk": 410, 
    "model": "core.node", 
    "fields": {
        "site": 8, 
        "updated": "2013-06-21T21:17:13.982Z", 
        "deployment": 5, 
        "name": "node27.stanford.vicci.org", 
        "created": "2013-04-03T23:14:11.072Z"
    }
},
{
    "pk": 411, 
    "model": "core.node", 
    "fields": {
        "site": 8, 
        "updated": "2013-06-21T21:17:13.982Z", 
        "deployment": 5, 
        "name": "node28.stanford.vicci.org", 
        "created": "2013-04-03T23:14:11.072Z"
    }
},
{
    "pk": 412, 
    "model": "core.node", 
    "fields": {
        "site": 8, 
        "updated": "2013-06-21T21:17:13.982Z", 
        "deployment": 5, 
        "name": "node29.stanford.vicci.org", 
        "created": "2013-04-03T23:14:11.072Z"
    }
},
{
    "pk": 413, 
    "model": "core.node", 
    "fields": {
        "site": 8, 
        "updated": "2013-06-21T21:17:13.982Z", 
        "deployment": 5, 
        "name": "node30.stanford.vicci.org", 
        "created": "2013-04-03T23:14:11.072Z"
    }
},
{
    "pk": 414, 
    "model": "core.node", 
    "fields": {
        "site": 8, 
        "updated": "2013-06-21T21:17:13.982Z", 
        "deployment": 5, 
        "name": "node31.stanford.vicci.org", 
        "created": "2013-04-03T23:14:11.072Z"
    }
},
{
    "pk": 415, 
    "model": "core.node", 
    "fields": {
        "site": 8, 
        "updated": "2013-06-21T21:17:13.982Z", 
        "deployment": 5, 
        "name": "node32.stanford.vicci.org", 
        "created": "2013-04-03T23:14:11.072Z"
    }
},
{
    "pk": 416, 
    "model": "core.node", 
    "fields": {
        "site": 8, 
        "updated": "2013-06-21T21:17:13.982Z", 
        "deployment": 5, 
        "name": "node33.stanford.vicci.org", 
        "created": "2013-04-03T23:14:11.072Z"
    }
},
{
    "pk": 417, 
    "model": "core.node", 
    "fields": {
        "site": 8, 
        "updated": "2013-06-21T21:17:13.982Z", 
        "deployment": 5, 
        "name": "node34.stanford.vicci.org", 
        "created": "2013-04-03T23:14:11.072Z"
    }
},
{
    "pk": 418, 
    "model": "core.node", 
    "fields": {
        "site": 8, 
        "updated": "2013-06-21T21:17:13.982Z", 
        "deployment": 5, 
        "name": "node35.stanford.vicci.org", 
        "created": "2013-04-03T23:14:11.072Z"
    }
},
{
    "pk": 419, 
    "model": "core.node", 
    "fields": {
        "site": 8, 
        "updated": "2013-06-21T21:17:13.982Z", 
        "deployment": 5, 
        "name": "node36.stanford.vicci.org", 
        "created": "2013-04-03T23:14:11.072Z"
    }
},
{
    "pk": 420, 
    "model": "core.node", 
    "fields": {
        "site": 8, 
        "updated": "2013-06-21T21:17:13.982Z", 
        "deployment": 5, 
        "name": "node37.stanford.vicci.org", 
        "created": "2013-04-03T23:14:11.072Z"
    }
},
{
    "pk": 421, 
    "model": "core.node", 
    "fields": {
        "site": 8, 
        "updated": "2013-06-21T21:17:13.982Z", 
        "deployment": 5, 
        "name": "node38.stanford.vicci.org", 
        "created": "2013-04-03T23:14:11.072Z"
    }
},
{
    "pk": 422, 
    "model": "core.node", 
    "fields": {
        "site": 8, 
        "updated": "2013-06-21T21:17:13.982Z", 
        "deployment": 5, 
        "name": "node39.stanford.vicci.org", 
        "created": "2013-04-03T23:14:11.072Z"
    }
},
{
    "pk": 423, 
    "model": "core.node", 
    "fields": {
        "site": 8, 
        "updated": "2013-06-21T21:17:13.982Z", 
        "deployment": 5, 
        "name": "node40.stanford.vicci.org", 
        "created": "2013-04-03T23:14:11.072Z"
    }
},
{
    "pk": 424, 
    "model": "core.node", 
    "fields": {
        "site": 8, 
        "updated": "2013-06-21T21:17:13.982Z", 
        "deployment": 5, 
        "name": "node41.stanford.vicci.org", 
        "created": "2013-04-03T23:14:11.072Z"
    }
},
{
    "pk": 425, 
    "model": "core.node", 
    "fields": {
        "site": 8, 
        "updated": "2013-06-21T21:17:13.982Z", 
        "deployment": 5, 
        "name": "node42.stanford.vicci.org", 
        "created": "2013-04-03T23:14:11.072Z"
    }
},
{
    "pk": 426, 
    "model": "core.node", 
    "fields": {
        "site": 8, 
        "updated": "2013-06-21T21:17:13.982Z", 
        "deployment": 5, 
        "name": "node43.stanford.vicci.org", 
        "created": "2013-04-03T23:14:11.072Z"
    }
},
{
    "pk": 427, 
    "model": "core.node", 
    "fields": {
        "site": 8, 
        "updated": "2013-06-21T21:17:13.982Z", 
        "deployment": 5, 
        "name": "node44.stanford.vicci.org", 
        "created": "2013-04-03T23:14:11.072Z"
    }
},
{
    "pk": 428, 
    "model": "core.node", 
    "fields": {
        "site": 8, 
        "updated": "2013-06-21T21:17:13.982Z", 
        "deployment": 5, 
        "name": "node45.stanford.vicci.org", 
        "created": "2013-04-03T23:14:11.072Z"
    }
},
{
    "pk": 429, 
    "model": "core.node", 
    "fields": {
        "site": 8, 
        "updated": "2013-06-21T21:17:13.982Z", 
        "deployment": 5, 
        "name": "node46.stanford.vicci.org", 
        "created": "2013-04-03T23:14:11.072Z"
    }
},
{
    "pk": 430, 
    "model": "core.node", 
    "fields": {
        "site": 8, 
        "updated": "2013-06-21T21:17:13.982Z", 
        "deployment": 5, 
        "name": "node47.stanford.vicci.org", 
        "created": "2013-04-03T23:14:11.072Z"
    }
},
{
    "pk": 431, 
    "model": "core.node", 
    "fields": {
        "site": 8, 
        "updated": "2013-06-21T21:17:13.982Z", 
        "deployment": 5, 
        "name": "node48.stanford.vicci.org", 
        "created": "2013-04-03T23:14:11.072Z"
    }
},
{
    "pk": 432, 
    "model": "core.node", 
    "fields": {
        "site": 8, 
        "updated": "2013-06-21T21:17:13.982Z", 
        "deployment": 5, 
        "name": "node49.stanford.vicci.org", 
        "created": "2013-04-03T23:14:11.072Z"
    }
},
{
    "pk": 433, 
    "model": "core.node", 
    "fields": {
        "site": 8, 
        "updated": "2013-06-21T21:17:13.982Z", 
        "deployment": 5, 
        "name": "node50.stanford.vicci.org", 
        "created": "2013-04-03T23:14:11.072Z"
    }
},
{
    "pk": 434, 
    "model": "core.node", 
    "fields": {
        "site": 8, 
        "updated": "2013-06-21T21:17:13.982Z", 
        "deployment": 5, 
        "name": "node51.stanford.vicci.org", 
        "created": "2013-04-03T23:14:11.072Z"
    }
},
{
    "pk": 435, 
    "model": "core.node", 
    "fields": {
        "site": 8, 
        "updated": "2013-06-21T21:17:13.982Z", 
        "deployment": 5, 
        "name": "node52.stanford.vicci.org", 
        "created": "2013-04-03T23:14:11.072Z"
    }
},
{
    "pk": 436, 
    "model": "core.node", 
    "fields": {
        "site": 8, 
        "updated": "2013-06-21T21:17:13.982Z", 
        "deployment": 5, 
        "name": "node53.stanford.vicci.org", 
        "created": "2013-04-03T23:14:11.072Z"
    }
},
{
    "pk": 437, 
    "model": "core.node", 
    "fields": {
        "site": 8, 
        "updated": "2013-06-21T21:17:13.982Z", 
        "deployment": 5, 
        "name": "node54.stanford.vicci.org", 
        "created": "2013-04-03T23:14:11.072Z"
    }
},
{
    "pk": 438, 
    "model": "core.node", 
    "fields": {
        "site": 8, 
        "updated": "2013-06-21T21:17:13.982Z", 
        "deployment": 5, 
        "name": "node55.stanford.vicci.org", 
        "created": "2013-04-03T23:14:11.072Z"
    }
},
{
    "pk": 439, 
    "model": "core.node", 
    "fields": {
        "site": 8, 
        "updated": "2013-06-21T21:17:13.982Z", 
        "deployment": 5, 
        "name": "node56.stanford.vicci.org", 
        "created": "2013-04-03T23:14:11.072Z"
    }
},
{
    "pk": 440, 
    "model": "core.node", 
    "fields": {
        "site": 8, 
        "updated": "2013-06-21T21:17:13.982Z", 
        "deployment": 5, 
        "name": "node57.stanford.vicci.org", 
        "created": "2013-04-03T23:14:11.072Z"
    }
},
{
    "pk": 441, 
    "model": "core.node", 
    "fields": {
        "site": 8, 
        "updated": "2013-06-21T21:17:13.982Z", 
        "deployment": 5, 
        "name": "node58.stanford.vicci.org", 
        "created": "2013-04-03T23:14:11.072Z"
    }
},
{
    "pk": 442, 
    "model": "core.node", 
    "fields": {
        "site": 8, 
        "updated": "2013-06-21T21:17:13.982Z", 
        "deployment": 5, 
        "name": "node59.stanford.vicci.org", 
        "created": "2013-04-03T23:14:11.072Z"
    }
},
{
    "pk": 443, 
    "model": "core.node", 
    "fields": {
        "site": 8, 
        "updated": "2013-06-21T21:17:13.982Z", 
        "deployment": 5, 
        "name": "node60.stanford.vicci.org", 
        "created": "2013-04-03T23:14:11.072Z"
    }
},
{
    "pk": 444, 
    "model": "core.node", 
    "fields": {
        "site": 8, 
        "updated": "2013-06-21T21:17:13.982Z", 
        "deployment": 5, 
        "name": "node61.stanford.vicci.org", 
        "created": "2013-04-03T23:14:11.072Z"
    }
},
{
    "pk": 445, 
    "model": "core.node", 
    "fields": {
        "site": 8, 
        "updated": "2013-06-21T21:17:13.982Z", 
        "deployment": 5, 
        "name": "node62.stanford.vicci.org", 
        "created": "2013-04-03T23:14:11.072Z"
    }
},
{
    "pk": 446, 
    "model": "core.node", 
    "fields": {
        "site": 8, 
        "updated": "2013-06-21T21:17:13.982Z", 
        "deployment": 5, 
        "name": "node63.stanford.vicci.org", 
        "created": "2013-04-03T23:14:11.072Z"
    }
},
{
    "pk": 447, 
    "model": "core.node", 
    "fields": {
        "site": 8, 
        "updated": "2013-06-21T21:17:13.982Z", 
        "deployment": 5, 
        "name": "node64.stanford.vicci.org", 
        "created": "2013-04-03T23:14:11.072Z"
    }
},
{
    "pk": 448, 
    "model": "core.node", 
    "fields": {
        "site": 8, 
        "updated": "2013-06-21T21:17:13.982Z", 
        "deployment": 5, 
        "name": "node65.stanford.vicci.org", 
        "created": "2013-04-03T23:14:11.072Z"
    }
},
{
    "pk": 449, 
    "model": "core.node", 
    "fields": {
        "site": 8, 
        "updated": "2013-06-21T21:17:13.982Z", 
        "deployment": 5, 
        "name": "node66.stanford.vicci.org", 
        "created": "2013-04-03T23:14:11.072Z"
    }
},
{
    "pk": 450, 
    "model": "core.node", 
    "fields": {
        "site": 8, 
        "updated": "2013-06-21T21:17:13.982Z", 
        "deployment": 5, 
        "name": "node67.stanford.vicci.org", 
        "created": "2013-04-03T23:14:11.072Z"
    }
},
{
    "pk": 451, 
    "model": "core.node", 
    "fields": {
        "site": 8, 
        "updated": "2013-06-21T21:17:13.982Z", 
        "deployment": 5, 
        "name": "node68.stanford.vicci.org", 
        "created": "2013-04-03T23:14:11.072Z"
    }
},
{
    "pk": 452, 
    "model": "core.node", 
    "fields": {
        "site": 8, 
        "updated": "2013-06-21T21:17:13.982Z", 
        "deployment": 5, 
        "name": "node69.stanford.vicci.org", 
        "created": "2013-04-03T23:14:11.072Z"
    }
},
{
    "pk": 453, 
    "model": "core.node", 
    "fields": {
        "site": 8, 
        "updated": "2013-06-21T21:17:13.982Z", 
        "deployment": 5, 
        "name": "node70.stanford.vicci.org", 
        "created": "2013-04-03T23:14:11.072Z"
    }
},
{
    "pk": 454, 
    "model": "core.node", 
    "fields": {
        "site": 9, 
        "updated": "2013-06-21T21:17:13.982Z", 
        "deployment": 6, 
        "name": "node1.washington.vicci.org", 
        "created": "2013-04-03T23:14:11.072Z"
    }
},
{
    "pk": 455, 
    "model": "core.node", 
    "fields": {
        "site": 9, 
        "updated": "2013-06-21T21:17:13.982Z", 
        "deployment": 6, 
        "name": "node2.washington.vicci.org", 
        "created": "2013-04-03T23:14:11.072Z"
    }
},
{
    "pk": 456, 
    "model": "core.node", 
    "fields": {
        "site": 9, 
        "updated": "2013-06-21T21:17:13.982Z", 
        "deployment": 6, 
        "name": "node3.washington.vicci.org", 
        "created": "2013-04-03T23:14:11.072Z"
    }
},
{
    "pk": 457, 
    "model": "core.node", 
    "fields": {
        "site": 9, 
        "updated": "2013-06-21T21:17:13.982Z", 
        "deployment": 6, 
        "name": "node4.washington.vicci.org", 
        "created": "2013-04-03T23:14:11.072Z"
    }
},
{
    "pk": 458, 
    "model": "core.node", 
    "fields": {
        "site": 9, 
        "updated": "2013-06-21T21:17:13.982Z", 
        "deployment": 6, 
        "name": "node5.washington.vicci.org", 
        "created": "2013-04-03T23:14:11.072Z"
    }
},
{
    "pk": 459, 
    "model": "core.node", 
    "fields": {
        "site": 9, 
        "updated": "2013-06-21T21:17:13.982Z", 
        "deployment": 6, 
        "name": "node6.washington.vicci.org", 
        "created": "2013-04-03T23:14:11.072Z"
    }
},
{
    "pk": 460, 
    "model": "core.node", 
    "fields": {
        "site": 9, 
        "updated": "2013-06-21T21:17:13.982Z", 
        "deployment": 6, 
        "name": "node7.washington.vicci.org", 
        "created": "2013-04-03T23:14:11.072Z"
    }
},
{
    "pk": 461, 
    "model": "core.node", 
    "fields": {
        "site": 9, 
        "updated": "2013-06-21T21:17:13.982Z", 
        "deployment": 6, 
        "name": "node8.washington.vicci.org", 
        "created": "2013-04-03T23:14:11.072Z"
    }
},
{
    "pk": 462, 
    "model": "core.node", 
    "fields": {
        "site": 9, 
        "updated": "2013-06-21T21:17:13.982Z", 
        "deployment": 6, 
        "name": "node9.washington.vicci.org", 
        "created": "2013-04-03T23:14:11.072Z"
    }
},
{
    "pk": 463, 
    "model": "core.node", 
    "fields": {
        "site": 9, 
        "updated": "2013-06-21T21:17:13.982Z", 
        "deployment": 6, 
        "name": "node10.washington.vicci.org", 
        "created": "2013-04-03T23:14:11.072Z"
    }
},
{
    "pk": 464, 
    "model": "core.node", 
    "fields": {
        "site": 9, 
        "updated": "2013-06-21T21:17:13.982Z", 
        "deployment": 6, 
        "name": "node11.washington.vicci.org", 
        "created": "2013-04-03T23:14:11.072Z"
    }
},
{
    "pk": 465, 
    "model": "core.node", 
    "fields": {
        "site": 9, 
        "updated": "2013-06-21T21:17:13.982Z", 
        "deployment": 6, 
        "name": "node12.washington.vicci.org", 
        "created": "2013-04-03T23:14:11.072Z"
    }
},
{
    "pk": 466, 
    "model": "core.node", 
    "fields": {
        "site": 9, 
        "updated": "2013-06-21T21:17:13.982Z", 
        "deployment": 6, 
        "name": "node13.washington.vicci.org", 
        "created": "2013-04-03T23:14:11.072Z"
    }
},
{
    "pk": 467, 
    "model": "core.node", 
    "fields": {
        "site": 9, 
        "updated": "2013-06-21T21:17:13.982Z", 
        "deployment": 6, 
        "name": "node14.washington.vicci.org", 
        "created": "2013-04-03T23:14:11.072Z"
    }
},
{
    "pk": 468, 
    "model": "core.node", 
    "fields": {
        "site": 9, 
        "updated": "2013-06-21T21:17:13.982Z", 
        "deployment": 6, 
        "name": "node15.washington.vicci.org", 
        "created": "2013-04-03T23:14:11.072Z"
    }
},
{
    "pk": 469, 
    "model": "core.node", 
    "fields": {
        "site": 9, 
        "updated": "2013-06-21T21:17:13.982Z", 
        "deployment": 6, 
        "name": "node16.washington.vicci.org", 
        "created": "2013-04-03T23:14:11.072Z"
    }
},
{
    "pk": 470, 
    "model": "core.node", 
    "fields": {
        "site": 9, 
        "updated": "2013-06-21T21:17:13.982Z", 
        "deployment": 6, 
        "name": "node17.washington.vicci.org", 
        "created": "2013-04-03T23:14:11.072Z"
    }
},
{
    "pk": 471, 
    "model": "core.node", 
    "fields": {
        "site": 9, 
        "updated": "2013-06-21T21:17:13.982Z", 
        "deployment": 6, 
        "name": "node18.washington.vicci.org", 
        "created": "2013-04-03T23:14:11.072Z"
    }
},
{
    "pk": 472, 
    "model": "core.node", 
    "fields": {
        "site": 9, 
        "updated": "2013-06-21T21:17:13.982Z", 
        "deployment": 6, 
        "name": "node19.washington.vicci.org", 
        "created": "2013-04-03T23:14:11.072Z"
    }
},
{
    "pk": 473, 
    "model": "core.node", 
    "fields": {
        "site": 9, 
        "updated": "2013-06-21T21:17:13.982Z", 
        "deployment": 6, 
        "name": "node20.washington.vicci.org", 
        "created": "2013-04-03T23:14:11.072Z"
    }
},
{
    "pk": 474, 
    "model": "core.node", 
    "fields": {
        "site": 9, 
        "updated": "2013-06-21T21:17:13.982Z", 
        "deployment": 6, 
        "name": "node21.washington.vicci.org", 
        "created": "2013-04-03T23:14:11.072Z"
    }
},
{
    "pk": 475, 
    "model": "core.node", 
    "fields": {
        "site": 9, 
        "updated": "2013-06-21T21:17:13.982Z", 
        "deployment": 6, 
        "name": "node22.washington.vicci.org", 
        "created": "2013-04-03T23:14:11.072Z"
    }
},
{
    "pk": 476, 
    "model": "core.node", 
    "fields": {
        "site": 9, 
        "updated": "2013-06-21T21:17:13.982Z", 
        "deployment": 6, 
        "name": "node23.washington.vicci.org", 
        "created": "2013-04-03T23:14:11.072Z"
    }
},
{
    "pk": 477, 
    "model": "core.node", 
    "fields": {
        "site": 9, 
        "updated": "2013-06-21T21:17:13.982Z", 
        "deployment": 6, 
        "name": "node24.washington.vicci.org", 
        "created": "2013-04-03T23:14:11.072Z"
    }
},
{
    "pk": 478, 
    "model": "core.node", 
    "fields": {
        "site": 9, 
        "updated": "2013-06-21T21:17:13.982Z", 
        "deployment": 6, 
        "name": "node25.washington.vicci.org", 
        "created": "2013-04-03T23:14:11.072Z"
    }
},
{
    "pk": 479, 
    "model": "core.node", 
    "fields": {
        "site": 9, 
        "updated": "2013-06-21T21:17:13.982Z", 
        "deployment": 6, 
        "name": "node26.washington.vicci.org", 
        "created": "2013-04-03T23:14:11.072Z"
    }
},
{
    "pk": 480, 
    "model": "core.node", 
    "fields": {
        "site": 9, 
        "updated": "2013-06-21T21:17:13.982Z", 
        "deployment": 6, 
        "name": "node27.washington.vicci.org", 
        "created": "2013-04-03T23:14:11.072Z"
    }
},
{
    "pk": 481, 
    "model": "core.node", 
    "fields": {
        "site": 9, 
        "updated": "2013-06-21T21:17:13.982Z", 
        "deployment": 6, 
        "name": "node28.washington.vicci.org", 
        "created": "2013-04-03T23:14:11.072Z"
    }
},
{
    "pk": 482, 
    "model": "core.node", 
    "fields": {
        "site": 9, 
        "updated": "2013-06-21T21:17:13.982Z", 
        "deployment": 6, 
        "name": "node29.washington.vicci.org", 
        "created": "2013-04-03T23:14:11.072Z"
    }
},
{
    "pk": 483, 
    "model": "core.node", 
    "fields": {
        "site": 9, 
        "updated": "2013-06-21T21:17:13.982Z", 
        "deployment": 6, 
        "name": "node30.washington.vicci.org", 
        "created": "2013-04-03T23:14:11.072Z"
    }
},
{
    "pk": 484, 
    "model": "core.node", 
    "fields": {
        "site": 9, 
        "updated": "2013-06-21T21:17:13.982Z", 
        "deployment": 6, 
        "name": "node31.washington.vicci.org", 
        "created": "2013-04-03T23:14:11.072Z"
    }
},
{
    "pk": 485, 
    "model": "core.node", 
    "fields": {
        "site": 9, 
        "updated": "2013-06-21T21:17:13.982Z", 
        "deployment": 6, 
        "name": "node32.washington.vicci.org", 
        "created": "2013-04-03T23:14:11.072Z"
    }
},
{
    "pk": 486, 
    "model": "core.node", 
    "fields": {
        "site": 9, 
        "updated": "2013-06-21T21:17:13.982Z", 
        "deployment": 6, 
        "name": "node33.washington.vicci.org", 
        "created": "2013-04-03T23:14:11.072Z"
    }
},
{
    "pk": 487, 
    "model": "core.node", 
    "fields": {
        "site": 9, 
        "updated": "2013-06-21T21:17:13.982Z", 
        "deployment": 6, 
        "name": "node34.washington.vicci.org", 
        "created": "2013-04-03T23:14:11.072Z"
    }
},
{
    "pk": 488, 
    "model": "core.node", 
    "fields": {
        "site": 9, 
        "updated": "2013-06-21T21:17:13.982Z", 
        "deployment": 6, 
        "name": "node35.washington.vicci.org", 
        "created": "2013-04-03T23:14:11.072Z"
    }
},
{
    "pk": 489, 
    "model": "core.node", 
    "fields": {
        "site": 9, 
        "updated": "2013-06-21T21:17:13.982Z", 
        "deployment": 6, 
        "name": "node36.washington.vicci.org", 
        "created": "2013-04-03T23:14:11.072Z"
    }
},
{
    "pk": 490, 
    "model": "core.node", 
    "fields": {
        "site": 9, 
        "updated": "2013-06-21T21:17:13.982Z", 
        "deployment": 6, 
        "name": "node37.washington.vicci.org", 
        "created": "2013-04-03T23:14:11.072Z"
    }
},
{
    "pk": 491, 
    "model": "core.node", 
    "fields": {
        "site": 9, 
        "updated": "2013-06-21T21:17:13.982Z", 
        "deployment": 6, 
        "name": "node38.washington.vicci.org", 
        "created": "2013-04-03T23:14:11.072Z"
    }
},
{
    "pk": 492, 
    "model": "core.node", 
    "fields": {
        "site": 9, 
        "updated": "2013-06-21T21:17:13.982Z", 
        "deployment": 6, 
        "name": "node39.washington.vicci.org", 
        "created": "2013-04-03T23:14:11.072Z"
    }
},
{
    "pk": 493, 
    "model": "core.node", 
    "fields": {
        "site": 9, 
        "updated": "2013-06-21T21:17:13.982Z", 
        "deployment": 6, 
        "name": "node40.washington.vicci.org", 
        "created": "2013-04-03T23:14:11.072Z"
    }
},
{
    "pk": 494, 
    "model": "core.node", 
    "fields": {
        "site": 9, 
        "updated": "2013-06-21T21:17:13.982Z", 
        "deployment": 6, 
        "name": "node41.washington.vicci.org", 
        "created": "2013-04-03T23:14:11.072Z"
    }
},
{
    "pk": 495, 
    "model": "core.node", 
    "fields": {
        "site": 9, 
        "updated": "2013-06-21T21:17:13.982Z", 
        "deployment": 6, 
        "name": "node42.washington.vicci.org", 
        "created": "2013-04-03T23:14:11.072Z"
    }
},
{
    "pk": 496, 
    "model": "core.node", 
    "fields": {
        "site": 9, 
        "updated": "2013-06-21T21:17:13.982Z", 
        "deployment": 6, 
        "name": "node43.washington.vicci.org", 
        "created": "2013-04-03T23:14:11.072Z"
    }
},
{
    "pk": 497, 
    "model": "core.node", 
    "fields": {
        "site": 9, 
        "updated": "2013-06-21T21:17:13.982Z", 
        "deployment": 6, 
        "name": "node44.washington.vicci.org", 
        "created": "2013-04-03T23:14:11.072Z"
    }
},
{
    "pk": 498, 
    "model": "core.node", 
    "fields": {
        "site": 9, 
        "updated": "2013-06-21T21:17:13.982Z", 
        "deployment": 6, 
        "name": "node45.washington.vicci.org", 
        "created": "2013-04-03T23:14:11.072Z"
    }
},
{
    "pk": 499, 
    "model": "core.node", 
    "fields": {
        "site": 9, 
        "updated": "2013-06-21T21:17:13.982Z", 
        "deployment": 6, 
        "name": "node46.washington.vicci.org", 
        "created": "2013-04-03T23:14:11.072Z"
    }
},
{
    "pk": 500, 
    "model": "core.node", 
    "fields": {
        "site": 9, 
        "updated": "2013-06-21T21:17:13.982Z", 
        "deployment": 6, 
        "name": "node47.washington.vicci.org", 
        "created": "2013-04-03T23:14:11.072Z"
    }
},
{
    "pk": 501, 
    "model": "core.node", 
    "fields": {
        "site": 9, 
        "updated": "2013-06-21T21:17:13.982Z", 
        "deployment": 6, 
        "name": "node48.washington.vicci.org", 
        "created": "2013-04-03T23:14:11.072Z"
    }
},
{
    "pk": 502, 
    "model": "core.node", 
    "fields": {
        "site": 9, 
        "updated": "2013-06-21T21:17:13.982Z", 
        "deployment": 6, 
        "name": "node49.washington.vicci.org", 
        "created": "2013-04-03T23:14:11.072Z"
    }
},
{
    "pk": 503, 
    "model": "core.node", 
    "fields": {
        "site": 9, 
        "updated": "2013-06-21T21:17:13.982Z", 
        "deployment": 6, 
        "name": "node50.washington.vicci.org", 
        "created": "2013-04-03T23:14:11.072Z"
    }
},
{
    "pk": 504, 
    "model": "core.node", 
    "fields": {
        "site": 9, 
        "updated": "2013-06-21T21:17:13.982Z", 
        "deployment": 6, 
        "name": "node51.washington.vicci.org", 
        "created": "2013-04-03T23:14:11.072Z"
    }
},
{
    "pk": 505, 
    "model": "core.node", 
    "fields": {
        "site": 9, 
        "updated": "2013-06-21T21:17:13.982Z", 
        "deployment": 6, 
        "name": "node52.washington.vicci.org", 
        "created": "2013-04-03T23:14:11.072Z"
    }
},
{
    "pk": 506, 
    "model": "core.node", 
    "fields": {
        "site": 9, 
        "updated": "2013-06-21T21:17:13.982Z", 
        "deployment": 6, 
        "name": "node53.washington.vicci.org", 
        "created": "2013-04-03T23:14:11.072Z"
    }
},
{
    "pk": 507, 
    "model": "core.node", 
    "fields": {
        "site": 9, 
        "updated": "2013-06-21T21:17:13.982Z", 
        "deployment": 6, 
        "name": "node54.washington.vicci.org", 
        "created": "2013-04-03T23:14:11.072Z"
    }
},
{
    "pk": 508, 
    "model": "core.node", 
    "fields": {
        "site": 9, 
        "updated": "2013-06-21T21:17:13.982Z", 
        "deployment": 6, 
        "name": "node55.washington.vicci.org", 
        "created": "2013-04-03T23:14:11.072Z"
    }
},
{
    "pk": 509, 
    "model": "core.node", 
    "fields": {
        "site": 9, 
        "updated": "2013-06-21T21:17:13.982Z", 
        "deployment": 6, 
        "name": "node56.washington.vicci.org", 
        "created": "2013-04-03T23:14:11.072Z"
    }
},
{
    "pk": 510, 
    "model": "core.node", 
    "fields": {
        "site": 9, 
        "updated": "2013-06-21T21:17:13.982Z", 
        "deployment": 6, 
        "name": "node57.washington.vicci.org", 
        "created": "2013-04-03T23:14:11.072Z"
    }
},
{
    "pk": 511, 
    "model": "core.node", 
    "fields": {
        "site": 9, 
        "updated": "2013-06-21T21:17:13.982Z", 
        "deployment": 6, 
        "name": "node58.washington.vicci.org", 
        "created": "2013-04-03T23:14:11.072Z"
    }
},
{
    "pk": 512, 
    "model": "core.node", 
    "fields": {
        "site": 9, 
        "updated": "2013-06-21T21:17:13.982Z", 
        "deployment": 6, 
        "name": "node59.washington.vicci.org", 
        "created": "2013-04-03T23:14:11.072Z"
    }
},
{
    "pk": 513, 
    "model": "core.node", 
    "fields": {
        "site": 9, 
        "updated": "2013-06-21T21:17:13.982Z", 
        "deployment": 6, 
        "name": "node60.washington.vicci.org", 
        "created": "2013-04-03T23:14:11.072Z"
    }
},
{
    "pk": 514, 
    "model": "core.node", 
    "fields": {
        "site": 9, 
        "updated": "2013-06-21T21:17:13.982Z", 
        "deployment": 6, 
        "name": "node61.washington.vicci.org", 
        "created": "2013-04-03T23:14:11.072Z"
    }
},
{
    "pk": 515, 
    "model": "core.node", 
    "fields": {
        "site": 9, 
        "updated": "2013-06-21T21:17:13.982Z", 
        "deployment": 6, 
        "name": "node62.washington.vicci.org", 
        "created": "2013-04-03T23:14:11.072Z"
    }
},
{
    "pk": 516, 
    "model": "core.node", 
    "fields": {
        "site": 9, 
        "updated": "2013-06-21T21:17:13.982Z", 
        "deployment": 6, 
        "name": "node63.washington.vicci.org", 
        "created": "2013-04-03T23:14:11.072Z"
    }
},
{
    "pk": 517, 
    "model": "core.node", 
    "fields": {
        "site": 9, 
        "updated": "2013-06-21T21:17:13.982Z", 
        "deployment": 6, 
        "name": "node64.washington.vicci.org", 
        "created": "2013-04-03T23:14:11.072Z"
    }
},
{
    "pk": 518, 
    "model": "core.node", 
    "fields": {
        "site": 9, 
        "updated": "2013-06-21T21:17:13.982Z", 
        "deployment": 6, 
        "name": "node65.washington.vicci.org", 
        "created": "2013-04-03T23:14:11.072Z"
    }
},
{
    "pk": 519, 
    "model": "core.node", 
    "fields": {
        "site": 9, 
        "updated": "2013-06-21T21:17:13.982Z", 
        "deployment": 6, 
        "name": "node66.washington.vicci.org", 
        "created": "2013-04-03T23:14:11.072Z"
    }
},
{
    "pk": 520, 
    "model": "core.node", 
    "fields": {
        "site": 9, 
        "updated": "2013-06-21T21:17:13.982Z", 
        "deployment": 6, 
        "name": "node67.washington.vicci.org", 
        "created": "2013-04-03T23:14:11.072Z"
    }
},
{
    "pk": 521, 
    "model": "core.node", 
    "fields": {
        "site": 9, 
        "updated": "2013-06-21T21:17:13.982Z", 
        "deployment": 6, 
        "name": "node68.washington.vicci.org", 
        "created": "2013-04-03T23:14:11.072Z"
    }
},
{
    "pk": 522, 
    "model": "core.node", 
    "fields": {
        "site": 9, 
        "updated": "2013-06-21T21:17:13.982Z", 
        "deployment": 6, 
        "name": "node69.washington.vicci.org", 
        "created": "2013-04-03T23:14:11.072Z"
    }
},
{
    "pk": 523, 
    "model": "core.node", 
    "fields": {
        "site": 9, 
        "updated": "2013-06-21T21:17:13.982Z", 
        "deployment": 6, 
        "name": "node70.washington.vicci.org", 
        "created": "2013-04-03T23:14:11.072Z"
    }
},
{
    "pk": 524, 
    "model": "core.node", 
    "fields": {
        "site": 10, 
        "updated": "2013-06-21T21:17:13.982Z", 
        "deployment": 7, 
        "name": "node1.princeton.vicci.org", 
        "created": "2013-04-03T23:14:11.072Z"
    }
},
{
    "pk": 525, 
    "model": "core.node", 
    "fields": {
        "site": 10, 
        "updated": "2013-06-21T21:17:13.982Z", 
        "deployment": 7, 
        "name": "node2.princeton.vicci.org", 
        "created": "2013-04-03T23:14:11.072Z"
    }
},
{
    "pk": 526, 
    "model": "core.node", 
    "fields": {
        "site": 10, 
        "updated": "2013-06-21T21:17:13.982Z", 
        "deployment": 7, 
        "name": "node3.princeton.vicci.org", 
        "created": "2013-04-03T23:14:11.072Z"
    }
},
{
    "pk": 527, 
    "model": "core.node", 
    "fields": {
        "site": 10, 
        "updated": "2013-06-21T21:17:13.982Z", 
        "deployment": 7, 
        "name": "node4.princeton.vicci.org", 
        "created": "2013-04-03T23:14:11.072Z"
    }
},
{
    "pk": 528, 
    "model": "core.node", 
    "fields": {
        "site": 10, 
        "updated": "2013-06-21T21:17:13.982Z", 
        "deployment": 7, 
        "name": "node5.princeton.vicci.org", 
        "created": "2013-04-03T23:14:11.072Z"
    }
},
{
    "pk": 529, 
    "model": "core.node", 
    "fields": {
        "site": 10, 
        "updated": "2013-06-21T21:17:13.982Z", 
        "deployment": 7, 
        "name": "node6.princeton.vicci.org", 
        "created": "2013-04-03T23:14:11.072Z"
    }
},
{
    "pk": 530, 
    "model": "core.node", 
    "fields": {
        "site": 10, 
        "updated": "2013-06-21T21:17:13.982Z", 
        "deployment": 7, 
        "name": "node7.princeton.vicci.org", 
        "created": "2013-04-03T23:14:11.072Z"
    }
},
{
    "pk": 531, 
    "model": "core.node", 
    "fields": {
        "site": 10, 
        "updated": "2013-06-21T21:17:13.982Z", 
        "deployment": 7, 
        "name": "node8.princeton.vicci.org", 
        "created": "2013-04-03T23:14:11.072Z"
    }
},
{
    "pk": 532, 
    "model": "core.node", 
    "fields": {
        "site": 10, 
        "updated": "2013-06-21T21:17:13.982Z", 
        "deployment": 7, 
        "name": "node9.princeton.vicci.org", 
        "created": "2013-04-03T23:14:11.072Z"
    }
},
{
    "pk": 533, 
    "model": "core.node", 
    "fields": {
        "site": 10, 
        "updated": "2013-06-21T21:17:13.982Z", 
        "deployment": 7, 
        "name": "node10.princeton.vicci.org", 
        "created": "2013-04-03T23:14:11.072Z"
    }
},
{
    "pk": 534, 
    "model": "core.node", 
    "fields": {
        "site": 10, 
        "updated": "2013-06-21T21:17:13.982Z", 
        "deployment": 7, 
        "name": "node11.princeton.vicci.org", 
        "created": "2013-04-03T23:14:11.072Z"
    }
},
{
    "pk": 535, 
    "model": "core.node", 
    "fields": {
        "site": 10, 
        "updated": "2013-06-21T21:17:13.982Z", 
        "deployment": 7, 
        "name": "node12.princeton.vicci.org", 
        "created": "2013-04-03T23:14:11.072Z"
    }
},
{
    "pk": 536, 
    "model": "core.node", 
    "fields": {
        "site": 10, 
        "updated": "2013-06-21T21:17:13.982Z", 
        "deployment": 7, 
        "name": "node13.princeton.vicci.org", 
        "created": "2013-04-03T23:14:11.072Z"
    }
},
{
    "pk": 537, 
    "model": "core.node", 
    "fields": {
        "site": 10, 
        "updated": "2013-06-21T21:17:13.982Z", 
        "deployment": 7, 
        "name": "node14.princeton.vicci.org", 
        "created": "2013-04-03T23:14:11.072Z"
    }
},
{
    "pk": 538, 
    "model": "core.node", 
    "fields": {
        "site": 10, 
        "updated": "2013-06-21T21:17:13.982Z", 
        "deployment": 7, 
        "name": "node15.princeton.vicci.org", 
        "created": "2013-04-03T23:14:11.072Z"
    }
},
{
    "pk": 539, 
    "model": "core.node", 
    "fields": {
        "site": 10, 
        "updated": "2013-06-21T21:17:13.982Z", 
        "deployment": 7, 
        "name": "node16.princeton.vicci.org", 
        "created": "2013-04-03T23:14:11.072Z"
    }
},
{
    "pk": 540, 
    "model": "core.node", 
    "fields": {
        "site": 10, 
        "updated": "2013-06-21T21:17:13.982Z", 
        "deployment": 7, 
        "name": "node17.princeton.vicci.org", 
        "created": "2013-04-03T23:14:11.072Z"
    }
},
{
    "pk": 541, 
    "model": "core.node", 
    "fields": {
        "site": 10, 
        "updated": "2013-06-21T21:17:13.982Z", 
        "deployment": 7, 
        "name": "node18.princeton.vicci.org", 
        "created": "2013-04-03T23:14:11.072Z"
    }
},
{
    "pk": 542, 
    "model": "core.node", 
    "fields": {
        "site": 10, 
        "updated": "2013-06-21T21:17:13.982Z", 
        "deployment": 7, 
        "name": "node19.princeton.vicci.org", 
        "created": "2013-04-03T23:14:11.072Z"
    }
},
{
    "pk": 543, 
    "model": "core.node", 
    "fields": {
        "site": 10, 
        "updated": "2013-06-21T21:17:13.982Z", 
        "deployment": 7, 
        "name": "node20.princeton.vicci.org", 
        "created": "2013-04-03T23:14:11.072Z"
    }
},
{
    "pk": 544, 
    "model": "core.node", 
    "fields": {
        "site": 10, 
        "updated": "2013-06-21T21:17:13.982Z", 
        "deployment": 7, 
        "name": "node21.princeton.vicci.org", 
        "created": "2013-04-03T23:14:11.072Z"
    }
},
{
    "pk": 545, 
    "model": "core.node", 
    "fields": {
        "site": 10, 
        "updated": "2013-06-21T21:17:13.982Z", 
        "deployment": 7, 
        "name": "node22.princeton.vicci.org", 
        "created": "2013-04-03T23:14:11.072Z"
    }
},
{
    "pk": 546, 
    "model": "core.node", 
    "fields": {
        "site": 10, 
        "updated": "2013-06-21T21:17:13.982Z", 
        "deployment": 7, 
        "name": "node23.princeton.vicci.org", 
        "created": "2013-04-03T23:14:11.072Z"
    }
},
{
    "pk": 547, 
    "model": "core.node", 
    "fields": {
        "site": 10, 
        "updated": "2013-06-21T21:17:13.982Z", 
        "deployment": 7, 
        "name": "node24.princeton.vicci.org", 
        "created": "2013-04-03T23:14:11.072Z"
    }
},
{
    "pk": 548, 
    "model": "core.node", 
    "fields": {
        "site": 10, 
        "updated": "2013-06-21T21:17:13.982Z", 
        "deployment": 7, 
        "name": "node25.princeton.vicci.org", 
        "created": "2013-04-03T23:14:11.072Z"
    }
},
{
    "pk": 549, 
    "model": "core.node", 
    "fields": {
        "site": 10, 
        "updated": "2013-06-21T21:17:13.982Z", 
        "deployment": 7, 
        "name": "node26.princeton.vicci.org", 
        "created": "2013-04-03T23:14:11.072Z"
    }
},
{
    "pk": 550, 
    "model": "core.node", 
    "fields": {
        "site": 10, 
        "updated": "2013-06-21T21:17:13.982Z", 
        "deployment": 7, 
        "name": "node27.princeton.vicci.org", 
        "created": "2013-04-03T23:14:11.072Z"
    }
},
{
    "pk": 551, 
    "model": "core.node", 
    "fields": {
        "site": 10, 
        "updated": "2013-06-21T21:17:13.982Z", 
        "deployment": 7, 
        "name": "node28.princeton.vicci.org", 
        "created": "2013-04-03T23:14:11.072Z"
    }
},
{
    "pk": 552, 
    "model": "core.node", 
    "fields": {
        "site": 10, 
        "updated": "2013-06-21T21:17:13.982Z", 
        "deployment": 7, 
        "name": "node29.princeton.vicci.org", 
        "created": "2013-04-03T23:14:11.072Z"
    }
},
{
    "pk": 553, 
    "model": "core.node", 
    "fields": {
        "site": 10, 
        "updated": "2013-06-21T21:17:13.982Z", 
        "deployment": 7, 
        "name": "node30.princeton.vicci.org", 
        "created": "2013-04-03T23:14:11.072Z"
    }
},
{
    "pk": 554, 
    "model": "core.node", 
    "fields": {
        "site": 10, 
        "updated": "2013-06-21T21:17:13.982Z", 
        "deployment": 7, 
        "name": "node31.princeton.vicci.org", 
        "created": "2013-04-03T23:14:11.072Z"
    }
},
{
    "pk": 555, 
    "model": "core.node", 
    "fields": {
        "site": 10, 
        "updated": "2013-06-21T21:17:13.982Z", 
        "deployment": 7, 
        "name": "node32.princeton.vicci.org", 
        "created": "2013-04-03T23:14:11.072Z"
    }
},
{
    "pk": 556, 
    "model": "core.node", 
    "fields": {
        "site": 10, 
        "updated": "2013-06-21T21:17:13.982Z", 
        "deployment": 7, 
        "name": "node33.princeton.vicci.org", 
        "created": "2013-04-03T23:14:11.072Z"
    }
},
{
    "pk": 557, 
    "model": "core.node", 
    "fields": {
        "site": 10, 
        "updated": "2013-06-21T21:17:13.982Z", 
        "deployment": 7, 
        "name": "node34.princeton.vicci.org", 
        "created": "2013-04-03T23:14:11.072Z"
    }
},
{
    "pk": 558, 
    "model": "core.node", 
    "fields": {
        "site": 10, 
        "updated": "2013-06-21T21:17:13.982Z", 
        "deployment": 7, 
        "name": "node35.princeton.vicci.org", 
        "created": "2013-04-03T23:14:11.072Z"
    }
},
{
    "pk": 559, 
    "model": "core.node", 
    "fields": {
        "site": 10, 
        "updated": "2013-06-21T21:17:13.982Z", 
        "deployment": 7, 
        "name": "node36.princeton.vicci.org", 
        "created": "2013-04-03T23:14:11.072Z"
    }
},
{
    "pk": 560, 
    "model": "core.node", 
    "fields": {
        "site": 10, 
        "updated": "2013-06-21T21:17:13.982Z", 
        "deployment": 7, 
        "name": "node37.princeton.vicci.org", 
        "created": "2013-04-03T23:14:11.072Z"
    }
},
{
    "pk": 561, 
    "model": "core.node", 
    "fields": {
        "site": 10, 
        "updated": "2013-06-21T21:17:13.982Z", 
        "deployment": 7, 
        "name": "node38.princeton.vicci.org", 
        "created": "2013-04-03T23:14:11.072Z"
    }
},
{
    "pk": 562, 
    "model": "core.node", 
    "fields": {
        "site": 10, 
        "updated": "2013-06-21T21:17:13.982Z", 
        "deployment": 7, 
        "name": "node39.princeton.vicci.org", 
        "created": "2013-04-03T23:14:11.072Z"
    }
},
{
    "pk": 563, 
    "model": "core.node", 
    "fields": {
        "site": 10, 
        "updated": "2013-06-21T21:17:13.982Z", 
        "deployment": 7, 
        "name": "node40.princeton.vicci.org", 
        "created": "2013-04-03T23:14:11.072Z"
    }
},
{
    "pk": 564, 
    "model": "core.node", 
    "fields": {
        "site": 10, 
        "updated": "2013-06-21T21:17:13.982Z", 
        "deployment": 7, 
        "name": "node41.princeton.vicci.org", 
        "created": "2013-04-03T23:14:11.072Z"
    }
},
{
    "pk": 565, 
    "model": "core.node", 
    "fields": {
        "site": 10, 
        "updated": "2013-06-21T21:17:13.982Z", 
        "deployment": 7, 
        "name": "node42.princeton.vicci.org", 
        "created": "2013-04-03T23:14:11.072Z"
    }
},
{
    "pk": 566, 
    "model": "core.node", 
    "fields": {
        "site": 10, 
        "updated": "2013-06-21T21:17:13.982Z", 
        "deployment": 7, 
        "name": "node43.princeton.vicci.org", 
        "created": "2013-04-03T23:14:11.072Z"
    }
},
{
    "pk": 567, 
    "model": "core.node", 
    "fields": {
        "site": 10, 
        "updated": "2013-06-21T21:17:13.982Z", 
        "deployment": 7, 
        "name": "node44.princeton.vicci.org", 
        "created": "2013-04-03T23:14:11.072Z"
    }
},
{
    "pk": 568, 
    "model": "core.node", 
    "fields": {
        "site": 10, 
        "updated": "2013-06-21T21:17:13.982Z", 
        "deployment": 7, 
        "name": "node45.princeton.vicci.org", 
        "created": "2013-04-03T23:14:11.072Z"
    }
},
{
    "pk": 569, 
    "model": "core.node", 
    "fields": {
        "site": 10, 
        "updated": "2013-06-21T21:17:13.982Z", 
        "deployment": 7, 
        "name": "node46.princeton.vicci.org", 
        "created": "2013-04-03T23:14:11.072Z"
    }
},
{
    "pk": 570, 
    "model": "core.node", 
    "fields": {
        "site": 10, 
        "updated": "2013-06-21T21:17:13.982Z", 
        "deployment": 7, 
        "name": "node47.princeton.vicci.org", 
        "created": "2013-04-03T23:14:11.072Z"
    }
},
{
    "pk": 571, 
    "model": "core.node", 
    "fields": {
        "site": 10, 
        "updated": "2013-06-21T21:17:13.982Z", 
        "deployment": 7, 
        "name": "node48.princeton.vicci.org", 
        "created": "2013-04-03T23:14:11.072Z"
    }
},
{
    "pk": 572, 
    "model": "core.node", 
    "fields": {
        "site": 10, 
        "updated": "2013-06-21T21:17:13.982Z", 
        "deployment": 7, 
        "name": "node49.princeton.vicci.org", 
        "created": "2013-04-03T23:14:11.072Z"
    }
},
{
    "pk": 573, 
    "model": "core.node", 
    "fields": {
        "site": 10, 
        "updated": "2013-06-21T21:17:13.982Z", 
        "deployment": 7, 
        "name": "node50.princeton.vicci.org", 
        "created": "2013-04-03T23:14:11.072Z"
    }
},
{
    "pk": 574, 
    "model": "core.node", 
    "fields": {
        "site": 10, 
        "updated": "2013-06-21T21:17:13.982Z", 
        "deployment": 7, 
        "name": "node51.princeton.vicci.org", 
        "created": "2013-04-03T23:14:11.072Z"
    }
},
{
    "pk": 575, 
    "model": "core.node", 
    "fields": {
        "site": 10, 
        "updated": "2013-06-21T21:17:13.982Z", 
        "deployment": 7, 
        "name": "node52.princeton.vicci.org", 
        "created": "2013-04-03T23:14:11.072Z"
    }
},
{
    "pk": 576, 
    "model": "core.node", 
    "fields": {
        "site": 10, 
        "updated": "2013-06-21T21:17:13.982Z", 
        "deployment": 7, 
        "name": "node53.princeton.vicci.org", 
        "created": "2013-04-03T23:14:11.072Z"
    }
},
{
    "pk": 577, 
    "model": "core.node", 
    "fields": {
        "site": 10, 
        "updated": "2013-06-21T21:17:13.982Z", 
        "deployment": 7, 
        "name": "node54.princeton.vicci.org", 
        "created": "2013-04-03T23:14:11.072Z"
    }
},
{
    "pk": 578, 
    "model": "core.node", 
    "fields": {
        "site": 10, 
        "updated": "2013-06-21T21:17:13.982Z", 
        "deployment": 7, 
        "name": "node55.princeton.vicci.org", 
        "created": "2013-04-03T23:14:11.072Z"
    }
},
{
    "pk": 579, 
    "model": "core.node", 
    "fields": {
        "site": 10, 
        "updated": "2013-06-21T21:17:13.982Z", 
        "deployment": 7, 
        "name": "node56.princeton.vicci.org", 
        "created": "2013-04-03T23:14:11.072Z"
    }
},
{
    "pk": 580, 
    "model": "core.node", 
    "fields": {
        "site": 10, 
        "updated": "2013-06-21T21:17:13.982Z", 
        "deployment": 7, 
        "name": "node57.princeton.vicci.org", 
        "created": "2013-04-03T23:14:11.072Z"
    }
},
{
    "pk": 581, 
    "model": "core.node", 
    "fields": {
        "site": 10, 
        "updated": "2013-06-21T21:17:13.982Z", 
        "deployment": 7, 
        "name": "node58.princeton.vicci.org", 
        "created": "2013-04-03T23:14:11.072Z"
    }
},
{
    "pk": 582, 
    "model": "core.node", 
    "fields": {
        "site": 10, 
        "updated": "2013-06-21T21:17:13.982Z", 
        "deployment": 7, 
        "name": "node59.princeton.vicci.org", 
        "created": "2013-04-03T23:14:11.072Z"
    }
},
{
    "pk": 583, 
    "model": "core.node", 
    "fields": {
        "site": 10, 
        "updated": "2013-06-21T21:17:13.982Z", 
        "deployment": 7, 
        "name": "node60.princeton.vicci.org", 
        "created": "2013-04-03T23:14:11.072Z"
    }
},
{
    "pk": 584, 
    "model": "core.node", 
    "fields": {
        "site": 10, 
        "updated": "2013-06-21T21:17:13.982Z", 
        "deployment": 7, 
        "name": "node61.princeton.vicci.org", 
        "created": "2013-04-03T23:14:11.072Z"
    }
},
{
    "pk": 585, 
    "model": "core.node", 
    "fields": {
        "site": 10, 
        "updated": "2013-06-21T21:17:13.982Z", 
        "deployment": 7, 
        "name": "node62.princeton.vicci.org", 
        "created": "2013-04-03T23:14:11.072Z"
    }
},
{
    "pk": 586, 
    "model": "core.node", 
    "fields": {
        "site": 10, 
        "updated": "2013-06-21T21:17:13.982Z", 
        "deployment": 7, 
        "name": "node63.princeton.vicci.org", 
        "created": "2013-04-03T23:14:11.072Z"
    }
},
{
    "pk": 587, 
    "model": "core.node", 
    "fields": {
        "site": 10, 
        "updated": "2013-06-21T21:17:13.982Z", 
        "deployment": 7, 
        "name": "node64.princeton.vicci.org", 
        "created": "2013-04-03T23:14:11.072Z"
    }
},
{
    "pk": 588, 
    "model": "core.node", 
    "fields": {
        "site": 10, 
        "updated": "2013-06-21T21:17:13.982Z", 
        "deployment": 7, 
        "name": "node65.princeton.vicci.org", 
        "created": "2013-04-03T23:14:11.072Z"
    }
},
{
    "pk": 589, 
    "model": "core.node", 
    "fields": {
        "site": 10, 
        "updated": "2013-06-21T21:17:13.982Z", 
        "deployment": 7, 
        "name": "node66.princeton.vicci.org", 
        "created": "2013-04-03T23:14:11.072Z"
    }
},
{
    "pk": 590, 
    "model": "core.node", 
    "fields": {
        "site": 10, 
        "updated": "2013-06-21T21:17:13.982Z", 
        "deployment": 7, 
        "name": "node67.princeton.vicci.org", 
        "created": "2013-04-03T23:14:11.072Z"
    }
},
{
    "pk": 591, 
    "model": "core.node", 
    "fields": {
        "site": 10, 
        "updated": "2013-06-21T21:17:13.982Z", 
        "deployment": 7, 
        "name": "node68.princeton.vicci.org", 
        "created": "2013-04-03T23:14:11.072Z"
    }
},
{
    "pk": 592, 
    "model": "core.node", 
    "fields": {
        "site": 10, 
        "updated": "2013-06-21T21:17:13.982Z", 
        "deployment": 7, 
        "name": "node69.princeton.vicci.org", 
        "created": "2013-04-03T23:14:11.072Z"
    }
},
{
    "pk": 593, 
    "model": "core.node", 
    "fields": {
        "site": 10, 
        "updated": "2013-06-21T21:17:13.982Z", 
        "deployment": 7, 
        "name": "node70.princeton.vicci.org", 
        "created": "2013-04-03T23:14:11.072Z"
    }
},
{
    "pk": 594, 
    "model": "core.node", 
    "fields": {
        "site": 11, 
        "updated": "2013-06-21T21:17:13.982Z", 
        "deployment": 8, 
        "name": "node1.gt.vicci.org", 
        "created": "2013-04-03T23:14:11.072Z"
    }
},
{
    "pk": 595, 
    "model": "core.node", 
    "fields": {
        "site": 11, 
        "updated": "2013-06-21T21:17:13.982Z", 
        "deployment": 8, 
        "name": "node2.gt.vicci.org", 
        "created": "2013-04-03T23:14:11.072Z"
    }
},
{
    "pk": 596, 
    "model": "core.node", 
    "fields": {
        "site": 11, 
        "updated": "2013-06-21T21:17:13.982Z", 
        "deployment": 8, 
        "name": "node3.gt.vicci.org", 
        "created": "2013-04-03T23:14:11.072Z"
    }
},
{
    "pk": 597, 
    "model": "core.node", 
    "fields": {
        "site": 11, 
        "updated": "2013-06-21T21:17:13.982Z", 
        "deployment": 8, 
        "name": "node4.gt.vicci.org", 
        "created": "2013-04-03T23:14:11.072Z"
    }
},
{
    "pk": 598, 
    "model": "core.node", 
    "fields": {
        "site": 11, 
        "updated": "2013-06-21T21:17:13.982Z", 
        "deployment": 8, 
        "name": "node5.gt.vicci.org", 
        "created": "2013-04-03T23:14:11.072Z"
    }
},
{
    "pk": 599, 
    "model": "core.node", 
    "fields": {
        "site": 11, 
        "updated": "2013-06-21T21:17:13.982Z", 
        "deployment": 8, 
        "name": "node6.gt.vicci.org", 
        "created": "2013-04-03T23:14:11.072Z"
    }
},
{
    "pk": 600, 
    "model": "core.node", 
    "fields": {
        "site": 11, 
        "updated": "2013-06-21T21:17:13.982Z", 
        "deployment": 8, 
        "name": "node7.gt.vicci.org", 
        "created": "2013-04-03T23:14:11.072Z"
    }
},
{
    "pk": 601, 
    "model": "core.node", 
    "fields": {
        "site": 11, 
        "updated": "2013-06-21T21:17:13.982Z", 
        "deployment": 8, 
        "name": "node8.gt.vicci.org", 
        "created": "2013-04-03T23:14:11.072Z"
    }
},
{
    "pk": 602, 
    "model": "core.node", 
    "fields": {
        "site": 11, 
        "updated": "2013-06-21T21:17:13.982Z", 
        "deployment": 8, 
        "name": "node9.gt.vicci.org", 
        "created": "2013-04-03T23:14:11.072Z"
    }
},
{
    "pk": 603, 
    "model": "core.node", 
    "fields": {
        "site": 11, 
        "updated": "2013-06-21T21:17:13.982Z", 
        "deployment": 8, 
        "name": "node10.gt.vicci.org", 
        "created": "2013-04-03T23:14:11.072Z"
    }
},
{
    "pk": 604, 
    "model": "core.node", 
    "fields": {
        "site": 11, 
        "updated": "2013-06-21T21:17:13.982Z", 
        "deployment": 8, 
        "name": "node11.gt.vicci.org", 
        "created": "2013-04-03T23:14:11.072Z"
    }
},
{
    "pk": 605, 
    "model": "core.node", 
    "fields": {
        "site": 11, 
        "updated": "2013-06-21T21:17:13.982Z", 
        "deployment": 8, 
        "name": "node12.gt.vicci.org", 
        "created": "2013-04-03T23:14:11.072Z"
    }
},
{
    "pk": 606, 
    "model": "core.node", 
    "fields": {
        "site": 11, 
        "updated": "2013-06-21T21:17:13.982Z", 
        "deployment": 8, 
        "name": "node13.gt.vicci.org", 
        "created": "2013-04-03T23:14:11.072Z"
    }
},
{
    "pk": 607, 
    "model": "core.node", 
    "fields": {
        "site": 11, 
        "updated": "2013-06-21T21:17:13.982Z", 
        "deployment": 8, 
        "name": "node14.gt.vicci.org", 
        "created": "2013-04-03T23:14:11.072Z"
    }
},
{
    "pk": 608, 
    "model": "core.node", 
    "fields": {
        "site": 11, 
        "updated": "2013-06-21T21:17:13.982Z", 
        "deployment": 8, 
        "name": "node15.gt.vicci.org", 
        "created": "2013-04-03T23:14:11.072Z"
    }
},
{
    "pk": 609, 
    "model": "core.node", 
    "fields": {
        "site": 11, 
        "updated": "2013-06-21T21:17:13.982Z", 
        "deployment": 8, 
        "name": "node16.gt.vicci.org", 
        "created": "2013-04-03T23:14:11.072Z"
    }
},
{
    "pk": 610, 
    "model": "core.node", 
    "fields": {
        "site": 11, 
        "updated": "2013-06-21T21:17:13.982Z", 
        "deployment": 8, 
        "name": "node17.gt.vicci.org", 
        "created": "2013-04-03T23:14:11.072Z"
    }
},
{
    "pk": 611, 
    "model": "core.node", 
    "fields": {
        "site": 11, 
        "updated": "2013-06-21T21:17:13.982Z", 
        "deployment": 8, 
        "name": "node18.gt.vicci.org", 
        "created": "2013-04-03T23:14:11.072Z"
    }
},
{
    "pk": 612, 
    "model": "core.node", 
    "fields": {
        "site": 11, 
        "updated": "2013-06-21T21:17:13.982Z", 
        "deployment": 8, 
        "name": "node19.gt.vicci.org", 
        "created": "2013-04-03T23:14:11.072Z"
    }
},
{
    "pk": 613, 
    "model": "core.node", 
    "fields": {
        "site": 11, 
        "updated": "2013-06-21T21:17:13.982Z", 
        "deployment": 8, 
        "name": "node20.gt.vicci.org", 
        "created": "2013-04-03T23:14:11.072Z"
    }
},
{
    "pk": 614, 
    "model": "core.node", 
    "fields": {
        "site": 11, 
        "updated": "2013-06-21T21:17:13.982Z", 
        "deployment": 8, 
        "name": "node21.gt.vicci.org", 
        "created": "2013-04-03T23:14:11.072Z"
    }
},
{
    "pk": 615, 
    "model": "core.node", 
    "fields": {
        "site": 11, 
        "updated": "2013-06-21T21:17:13.982Z", 
        "deployment": 8, 
        "name": "node22.gt.vicci.org", 
        "created": "2013-04-03T23:14:11.072Z"
    }
},
{
    "pk": 616, 
    "model": "core.node", 
    "fields": {
        "site": 11, 
        "updated": "2013-06-21T21:17:13.982Z", 
        "deployment": 8, 
        "name": "node23.gt.vicci.org", 
        "created": "2013-04-03T23:14:11.072Z"
    }
},
{
    "pk": 617, 
    "model": "core.node", 
    "fields": {
        "site": 11, 
        "updated": "2013-06-21T21:17:13.982Z", 
        "deployment": 8, 
        "name": "node24.gt.vicci.org", 
        "created": "2013-04-03T23:14:11.072Z"
    }
},
{
    "pk": 618, 
    "model": "core.node", 
    "fields": {
        "site": 11, 
        "updated": "2013-06-21T21:17:13.982Z", 
        "deployment": 8, 
        "name": "node25.gt.vicci.org", 
        "created": "2013-04-03T23:14:11.072Z"
    }
},
{
    "pk": 619, 
    "model": "core.node", 
    "fields": {
        "site": 11, 
        "updated": "2013-06-21T21:17:13.982Z", 
        "deployment": 8, 
        "name": "node26.gt.vicci.org", 
        "created": "2013-04-03T23:14:11.072Z"
    }
},
{
    "pk": 620, 
    "model": "core.node", 
    "fields": {
        "site": 11, 
        "updated": "2013-06-21T21:17:13.982Z", 
        "deployment": 8, 
        "name": "node27.gt.vicci.org", 
        "created": "2013-04-03T23:14:11.072Z"
    }
},
{
    "pk": 621, 
    "model": "core.node", 
    "fields": {
        "site": 11, 
        "updated": "2013-06-21T21:17:13.982Z", 
        "deployment": 8, 
        "name": "node28.gt.vicci.org", 
        "created": "2013-04-03T23:14:11.072Z"
    }
},
{
    "pk": 622, 
    "model": "core.node", 
    "fields": {
        "site": 11, 
        "updated": "2013-06-21T21:17:13.982Z", 
        "deployment": 8, 
        "name": "node29.gt.vicci.org", 
        "created": "2013-04-03T23:14:11.072Z"
    }
},
{
    "pk": 623, 
    "model": "core.node", 
    "fields": {
        "site": 11, 
        "updated": "2013-06-21T21:17:13.982Z", 
        "deployment": 8, 
        "name": "node30.gt.vicci.org", 
        "created": "2013-04-03T23:14:11.072Z"
    }
},
{
    "pk": 624, 
    "model": "core.node", 
    "fields": {
        "site": 11, 
        "updated": "2013-06-21T21:17:13.982Z", 
        "deployment": 8, 
        "name": "node31.gt.vicci.org", 
        "created": "2013-04-03T23:14:11.072Z"
    }
},
{
    "pk": 625, 
    "model": "core.node", 
    "fields": {
        "site": 11, 
        "updated": "2013-06-21T21:17:13.982Z", 
        "deployment": 8, 
        "name": "node32.gt.vicci.org", 
        "created": "2013-04-03T23:14:11.072Z"
    }
},
{
    "pk": 626, 
    "model": "core.node", 
    "fields": {
        "site": 11, 
        "updated": "2013-06-21T21:17:13.982Z", 
        "deployment": 8, 
        "name": "node33.gt.vicci.org", 
        "created": "2013-04-03T23:14:11.072Z"
    }
},
{
    "pk": 627, 
    "model": "core.node", 
    "fields": {
        "site": 11, 
        "updated": "2013-06-21T21:17:13.982Z", 
        "deployment": 8, 
        "name": "node34.gt.vicci.org", 
        "created": "2013-04-03T23:14:11.072Z"
    }
},
{
    "pk": 628, 
    "model": "core.node", 
    "fields": {
        "site": 11, 
        "updated": "2013-06-21T21:17:13.982Z", 
        "deployment": 8, 
        "name": "node35.gt.vicci.org", 
        "created": "2013-04-03T23:14:11.072Z"
    }
},
{
    "pk": 629, 
    "model": "core.node", 
    "fields": {
        "site": 11, 
        "updated": "2013-06-21T21:17:13.982Z", 
        "deployment": 8, 
        "name": "node36.gt.vicci.org", 
        "created": "2013-04-03T23:14:11.072Z"
    }
},
{
    "pk": 630, 
    "model": "core.node", 
    "fields": {
        "site": 11, 
        "updated": "2013-06-21T21:17:13.982Z", 
        "deployment": 8, 
        "name": "node37.gt.vicci.org", 
        "created": "2013-04-03T23:14:11.072Z"
    }
},
{
    "pk": 631, 
    "model": "core.node", 
    "fields": {
        "site": 11, 
        "updated": "2013-06-21T21:17:13.982Z", 
        "deployment": 8, 
        "name": "node38.gt.vicci.org", 
        "created": "2013-04-03T23:14:11.072Z"
    }
},
{
    "pk": 632, 
    "model": "core.node", 
    "fields": {
        "site": 11, 
        "updated": "2013-06-21T21:17:13.982Z", 
        "deployment": 8, 
        "name": "node39.gt.vicci.org", 
        "created": "2013-04-03T23:14:11.072Z"
    }
},
{
    "pk": 633, 
    "model": "core.node", 
    "fields": {
        "site": 11, 
        "updated": "2013-06-21T21:17:13.982Z", 
        "deployment": 8, 
        "name": "node40.gt.vicci.org", 
        "created": "2013-04-03T23:14:11.072Z"
    }
},
{
    "pk": 634, 
    "model": "core.node", 
    "fields": {
        "site": 11, 
        "updated": "2013-06-21T21:17:13.982Z", 
        "deployment": 8, 
        "name": "node41.gt.vicci.org", 
        "created": "2013-04-03T23:14:11.072Z"
    }
},
{
    "pk": 635, 
    "model": "core.node", 
    "fields": {
        "site": 11, 
        "updated": "2013-06-21T21:17:13.982Z", 
        "deployment": 8, 
        "name": "node42.gt.vicci.org", 
        "created": "2013-04-03T23:14:11.072Z"
    }
},
{
    "pk": 636, 
    "model": "core.node", 
    "fields": {
        "site": 11, 
        "updated": "2013-06-21T21:17:13.982Z", 
        "deployment": 8, 
        "name": "node43.gt.vicci.org", 
        "created": "2013-04-03T23:14:11.072Z"
    }
},
{
    "pk": 637, 
    "model": "core.node", 
    "fields": {
        "site": 11, 
        "updated": "2013-06-21T21:17:13.982Z", 
        "deployment": 8, 
        "name": "node44.gt.vicci.org", 
        "created": "2013-04-03T23:14:11.072Z"
    }
},
{
    "pk": 638, 
    "model": "core.node", 
    "fields": {
        "site": 11, 
        "updated": "2013-06-21T21:17:13.982Z", 
        "deployment": 8, 
        "name": "node45.gt.vicci.org", 
        "created": "2013-04-03T23:14:11.072Z"
    }
},
{
    "pk": 639, 
    "model": "core.node", 
    "fields": {
        "site": 11, 
        "updated": "2013-06-21T21:17:13.982Z", 
        "deployment": 8, 
        "name": "node46.gt.vicci.org", 
        "created": "2013-04-03T23:14:11.072Z"
    }
},
{
    "pk": 640, 
    "model": "core.node", 
    "fields": {
        "site": 11, 
        "updated": "2013-06-21T21:17:13.982Z", 
        "deployment": 8, 
        "name": "node47.gt.vicci.org", 
        "created": "2013-04-03T23:14:11.072Z"
    }
},
{
    "pk": 641, 
    "model": "core.node", 
    "fields": {
        "site": 11, 
        "updated": "2013-06-21T21:17:13.982Z", 
        "deployment": 8, 
        "name": "node48.gt.vicci.org", 
        "created": "2013-04-03T23:14:11.072Z"
    }
},
{
    "pk": 642, 
    "model": "core.node", 
    "fields": {
        "site": 11, 
        "updated": "2013-06-21T21:17:13.982Z", 
        "deployment": 8, 
        "name": "node49.gt.vicci.org", 
        "created": "2013-04-03T23:14:11.072Z"
    }
},
{
    "pk": 643, 
    "model": "core.node", 
    "fields": {
        "site": 11, 
        "updated": "2013-06-21T21:17:13.982Z", 
        "deployment": 8, 
        "name": "node50.gt.vicci.org", 
        "created": "2013-04-03T23:14:11.072Z"
    }
},
{
    "pk": 644, 
    "model": "core.node", 
    "fields": {
        "site": 11, 
        "updated": "2013-06-21T21:17:13.982Z", 
        "deployment": 8, 
        "name": "node51.gt.vicci.org", 
        "created": "2013-04-03T23:14:11.072Z"
    }
},
{
    "pk": 645, 
    "model": "core.node", 
    "fields": {
        "site": 11, 
        "updated": "2013-06-21T21:17:13.982Z", 
        "deployment": 8, 
        "name": "node52.gt.vicci.org", 
        "created": "2013-04-03T23:14:11.072Z"
    }
},
{
    "pk": 646, 
    "model": "core.node", 
    "fields": {
        "site": 11, 
        "updated": "2013-06-21T21:17:13.982Z", 
        "deployment": 8, 
        "name": "node53.gt.vicci.org", 
        "created": "2013-04-03T23:14:11.072Z"
    }
},
{
    "pk": 647, 
    "model": "core.node", 
    "fields": {
        "site": 11, 
        "updated": "2013-06-21T21:17:13.982Z", 
        "deployment": 8, 
        "name": "node54.gt.vicci.org", 
        "created": "2013-04-03T23:14:11.072Z"
    }
},
{
    "pk": 648, 
    "model": "core.node", 
    "fields": {
        "site": 11, 
        "updated": "2013-06-21T21:17:13.982Z", 
        "deployment": 8, 
        "name": "node55.gt.vicci.org", 
        "created": "2013-04-03T23:14:11.072Z"
    }
},
{
    "pk": 649, 
    "model": "core.node", 
    "fields": {
        "site": 11, 
        "updated": "2013-06-21T21:17:13.982Z", 
        "deployment": 8, 
        "name": "node56.gt.vicci.org", 
        "created": "2013-04-03T23:14:11.072Z"
    }
},
{
    "pk": 650, 
    "model": "core.node", 
    "fields": {
        "site": 11, 
        "updated": "2013-06-21T21:17:13.982Z", 
        "deployment": 8, 
        "name": "node57.gt.vicci.org", 
        "created": "2013-04-03T23:14:11.072Z"
    }
},
{
    "pk": 651, 
    "model": "core.node", 
    "fields": {
        "site": 11, 
        "updated": "2013-06-21T21:17:13.982Z", 
        "deployment": 8, 
        "name": "node58.gt.vicci.org", 
        "created": "2013-04-03T23:14:11.072Z"
    }
},
{
    "pk": 652, 
    "model": "core.node", 
    "fields": {
        "site": 11, 
        "updated": "2013-06-21T21:17:13.982Z", 
        "deployment": 8, 
        "name": "node59.gt.vicci.org", 
        "created": "2013-04-03T23:14:11.072Z"
    }
},
{
    "pk": 653, 
    "model": "core.node", 
    "fields": {
        "site": 11, 
        "updated": "2013-06-21T21:17:13.982Z", 
        "deployment": 8, 
        "name": "node60.gt.vicci.org", 
        "created": "2013-04-03T23:14:11.072Z"
    }
},
{
    "pk": 654, 
    "model": "core.node", 
    "fields": {
        "site": 11, 
        "updated": "2013-06-21T21:17:13.982Z", 
        "deployment": 8, 
        "name": "node61.gt.vicci.org", 
        "created": "2013-04-03T23:14:11.072Z"
    }
},
{
    "pk": 655, 
    "model": "core.node", 
    "fields": {
        "site": 11, 
        "updated": "2013-06-21T21:17:13.982Z", 
        "deployment": 8, 
        "name": "node62.gt.vicci.org", 
        "created": "2013-04-03T23:14:11.072Z"
    }
},
{
    "pk": 656, 
    "model": "core.node", 
    "fields": {
        "site": 11, 
        "updated": "2013-06-21T21:17:13.982Z", 
        "deployment": 8, 
        "name": "node63.gt.vicci.org", 
        "created": "2013-04-03T23:14:11.072Z"
    }
},
{
    "pk": 657, 
    "model": "core.node", 
    "fields": {
        "site": 11, 
        "updated": "2013-06-21T21:17:13.982Z", 
        "deployment": 8, 
        "name": "node64.gt.vicci.org", 
        "created": "2013-04-03T23:14:11.072Z"
    }
},
{
    "pk": 658, 
    "model": "core.node", 
    "fields": {
        "site": 11, 
        "updated": "2013-06-21T21:17:13.982Z", 
        "deployment": 8, 
        "name": "node65.gt.vicci.org", 
        "created": "2013-04-03T23:14:11.072Z"
    }
},
{
    "pk": 659, 
    "model": "core.node", 
    "fields": {
        "site": 11, 
        "updated": "2013-06-21T21:17:13.982Z", 
        "deployment": 8, 
        "name": "node66.gt.vicci.org", 
        "created": "2013-04-03T23:14:11.072Z"
    }
},
{
    "pk": 660, 
    "model": "core.node", 
    "fields": {
        "site": 11, 
        "updated": "2013-06-21T21:17:13.982Z", 
        "deployment": 8, 
        "name": "node67.gt.vicci.org", 
        "created": "2013-04-03T23:14:11.072Z"
    }
},
{
    "pk": 661, 
    "model": "core.node", 
    "fields": {
        "site": 11, 
        "updated": "2013-06-21T21:17:13.982Z", 
        "deployment": 8, 
        "name": "node68.gt.vicci.org", 
        "created": "2013-04-03T23:14:11.072Z"
    }
},
{
    "pk": 662, 
    "model": "core.node", 
    "fields": {
        "site": 11, 
        "updated": "2013-06-21T21:17:13.982Z", 
        "deployment": 8, 
        "name": "node69.gt.vicci.org", 
        "created": "2013-04-03T23:14:11.072Z"
    }
},
{
    "pk": 663, 
    "model": "core.node", 
    "fields": {
        "site": 11, 
        "updated": "2013-06-21T21:17:13.982Z", 
        "deployment": 8, 
        "name": "node70.gt.vicci.org", 
        "created": "2013-04-03T23:14:11.072Z"
    }
},
{
    "pk": 664, 
    "model": "core.node", 
    "fields": {
        "site": 12, 
        "updated": "2013-06-21T21:17:13.982Z", 
        "deployment": 9, 
        "name": "node1.mpisws.vicci.org", 
        "created": "2013-04-03T23:14:11.072Z"
    }
},
{
    "pk": 665, 
    "model": "core.node", 
    "fields": {
        "site": 12, 
        "updated": "2013-06-21T21:17:13.982Z", 
        "deployment": 9, 
        "name": "node2.mpisws.vicci.org", 
        "created": "2013-04-03T23:14:11.072Z"
    }
},
{
    "pk": 666, 
    "model": "core.node", 
    "fields": {
        "site": 12, 
        "updated": "2013-06-21T21:17:13.982Z", 
        "deployment": 9, 
        "name": "node3.mpisws.vicci.org", 
        "created": "2013-04-03T23:14:11.072Z"
    }
},
{
    "pk": 667, 
    "model": "core.node", 
    "fields": {
        "site": 12, 
        "updated": "2013-06-21T21:17:13.982Z", 
        "deployment": 9, 
        "name": "node4.mpisws.vicci.org", 
        "created": "2013-04-03T23:14:11.072Z"
    }
},
{
    "pk": 668, 
    "model": "core.node", 
    "fields": {
        "site": 12, 
        "updated": "2013-06-21T21:17:13.982Z", 
        "deployment": 9, 
        "name": "node5.mpisws.vicci.org", 
        "created": "2013-04-03T23:14:11.072Z"
    }
},
{
    "pk": 669, 
    "model": "core.node", 
    "fields": {
        "site": 12, 
        "updated": "2013-06-21T21:17:13.982Z", 
        "deployment": 9, 
        "name": "node6.mpisws.vicci.org", 
        "created": "2013-04-03T23:14:11.072Z"
    }
},
{
    "pk": 670, 
    "model": "core.node", 
    "fields": {
        "site": 12, 
        "updated": "2013-06-21T21:17:13.982Z", 
        "deployment": 9, 
        "name": "node7.mpisws.vicci.org", 
        "created": "2013-04-03T23:14:11.072Z"
    }
},
{
    "pk": 671, 
    "model": "core.node", 
    "fields": {
        "site": 12, 
        "updated": "2013-06-21T21:17:13.982Z", 
        "deployment": 9, 
        "name": "node8.mpisws.vicci.org", 
        "created": "2013-04-03T23:14:11.072Z"
    }
},
{
    "pk": 672, 
    "model": "core.node", 
    "fields": {
        "site": 12, 
        "updated": "2013-06-21T21:17:13.982Z", 
        "deployment": 9, 
        "name": "node9.mpisws.vicci.org", 
        "created": "2013-04-03T23:14:11.072Z"
    }
},
{
    "pk": 673, 
    "model": "core.node", 
    "fields": {
        "site": 12, 
        "updated": "2013-06-21T21:17:13.982Z", 
        "deployment": 9, 
        "name": "node10.mpisws.vicci.org", 
        "created": "2013-04-03T23:14:11.072Z"
    }
},
{
    "pk": 674, 
    "model": "core.node", 
    "fields": {
        "site": 12, 
        "updated": "2013-06-21T21:17:13.982Z", 
        "deployment": 9, 
        "name": "node11.mpisws.vicci.org", 
        "created": "2013-04-03T23:14:11.072Z"
    }
},
{
    "pk": 675, 
    "model": "core.node", 
    "fields": {
        "site": 12, 
        "updated": "2013-06-21T21:17:13.982Z", 
        "deployment": 9, 
        "name": "node12.mpisws.vicci.org", 
        "created": "2013-04-03T23:14:11.072Z"
    }
},
{
    "pk": 676, 
    "model": "core.node", 
    "fields": {
        "site": 12, 
        "updated": "2013-06-21T21:17:13.982Z", 
        "deployment": 9, 
        "name": "node13.mpisws.vicci.org", 
        "created": "2013-04-03T23:14:11.072Z"
    }
},
{
    "pk": 677, 
    "model": "core.node", 
    "fields": {
        "site": 12, 
        "updated": "2013-06-21T21:17:13.982Z", 
        "deployment": 9, 
        "name": "node14.mpisws.vicci.org", 
        "created": "2013-04-03T23:14:11.072Z"
    }
},
{
    "pk": 678, 
    "model": "core.node", 
    "fields": {
        "site": 12, 
        "updated": "2013-06-21T21:17:13.982Z", 
        "deployment": 9, 
        "name": "node15.mpisws.vicci.org", 
        "created": "2013-04-03T23:14:11.072Z"
    }
},
{
    "pk": 679, 
    "model": "core.node", 
    "fields": {
        "site": 12, 
        "updated": "2013-06-21T21:17:13.982Z", 
        "deployment": 9, 
        "name": "node16.mpisws.vicci.org", 
        "created": "2013-04-03T23:14:11.072Z"
    }
},
{
    "pk": 680, 
    "model": "core.node", 
    "fields": {
        "site": 12, 
        "updated": "2013-06-21T21:17:13.982Z", 
        "deployment": 9, 
        "name": "node17.mpisws.vicci.org", 
        "created": "2013-04-03T23:14:11.072Z"
    }
},
{
    "pk": 681, 
    "model": "core.node", 
    "fields": {
        "site": 12, 
        "updated": "2013-06-21T21:17:13.982Z", 
        "deployment": 9, 
        "name": "node18.mpisws.vicci.org", 
        "created": "2013-04-03T23:14:11.072Z"
    }
},
{
    "pk": 682, 
    "model": "core.node", 
    "fields": {
        "site": 12, 
        "updated": "2013-06-21T21:17:13.982Z", 
        "deployment": 9, 
        "name": "node19.mpisws.vicci.org", 
        "created": "2013-04-03T23:14:11.072Z"
    }
},
{
    "pk": 683, 
    "model": "core.node", 
    "fields": {
        "site": 12, 
        "updated": "2013-06-21T21:17:13.982Z", 
        "deployment": 9, 
        "name": "node20.mpisws.vicci.org", 
        "created": "2013-04-03T23:14:11.072Z"
    }
},
{
    "pk": 684, 
    "model": "core.node", 
    "fields": {
        "site": 12, 
        "updated": "2013-06-21T21:17:13.982Z", 
        "deployment": 9, 
        "name": "node21.mpisws.vicci.org", 
        "created": "2013-04-03T23:14:11.072Z"
    }
},
{
    "pk": 685, 
    "model": "core.node", 
    "fields": {
        "site": 12, 
        "updated": "2013-06-21T21:17:13.982Z", 
        "deployment": 9, 
        "name": "node22.mpisws.vicci.org", 
        "created": "2013-04-03T23:14:11.072Z"
    }
},
{
    "pk": 686, 
    "model": "core.node", 
    "fields": {
        "site": 12, 
        "updated": "2013-06-21T21:17:13.982Z", 
        "deployment": 9, 
        "name": "node23.mpisws.vicci.org", 
        "created": "2013-04-03T23:14:11.072Z"
    }
},
{
    "pk": 687, 
    "model": "core.node", 
    "fields": {
        "site": 12, 
        "updated": "2013-06-21T21:17:13.982Z", 
        "deployment": 9, 
        "name": "node24.mpisws.vicci.org", 
        "created": "2013-04-03T23:14:11.072Z"
    }
},
{
    "pk": 688, 
    "model": "core.node", 
    "fields": {
        "site": 12, 
        "updated": "2013-06-21T21:17:13.982Z", 
        "deployment": 9, 
        "name": "node25.mpisws.vicci.org", 
        "created": "2013-04-03T23:14:11.072Z"
    }
},
{
    "pk": 689, 
    "model": "core.node", 
    "fields": {
        "site": 12, 
        "updated": "2013-06-21T21:17:13.982Z", 
        "deployment": 9, 
        "name": "node26.mpisws.vicci.org", 
        "created": "2013-04-03T23:14:11.072Z"
    }
},
{
    "pk": 690, 
    "model": "core.node", 
    "fields": {
        "site": 12, 
        "updated": "2013-06-21T21:17:13.982Z", 
        "deployment": 9, 
        "name": "node27.mpisws.vicci.org", 
        "created": "2013-04-03T23:14:11.072Z"
    }
},
{
    "pk": 691, 
    "model": "core.node", 
    "fields": {
        "site": 12, 
        "updated": "2013-06-21T21:17:13.982Z", 
        "deployment": 9, 
        "name": "node28.mpisws.vicci.org", 
        "created": "2013-04-03T23:14:11.072Z"
    }
},
{
    "pk": 692, 
    "model": "core.node", 
    "fields": {
        "site": 12, 
        "updated": "2013-06-21T21:17:13.982Z", 
        "deployment": 9, 
        "name": "node29.mpisws.vicci.org", 
        "created": "2013-04-03T23:14:11.072Z"
    }
},
{
    "pk": 693, 
    "model": "core.node", 
    "fields": {
        "site": 12, 
        "updated": "2013-06-21T21:17:13.982Z", 
        "deployment": 9, 
        "name": "node30.mpisws.vicci.org", 
        "created": "2013-04-03T23:14:11.072Z"
    }
},
{
    "pk": 694, 
    "model": "core.node", 
    "fields": {
        "site": 12, 
        "updated": "2013-06-21T21:17:13.982Z", 
        "deployment": 9, 
        "name": "node31.mpisws.vicci.org", 
        "created": "2013-04-03T23:14:11.072Z"
    }
},
{
    "pk": 695, 
    "model": "core.node", 
    "fields": {
        "site": 12, 
        "updated": "2013-06-21T21:17:13.982Z", 
        "deployment": 9, 
        "name": "node32.mpisws.vicci.org", 
        "created": "2013-04-03T23:14:11.072Z"
    }
},
{
    "pk": 696, 
    "model": "core.node", 
    "fields": {
        "site": 12, 
        "updated": "2013-06-21T21:17:13.982Z", 
        "deployment": 9, 
        "name": "node33.mpisws.vicci.org", 
        "created": "2013-04-03T23:14:11.072Z"
    }
},
{
    "pk": 697, 
    "model": "core.node", 
    "fields": {
        "site": 12, 
        "updated": "2013-06-21T21:17:13.982Z", 
        "deployment": 9, 
        "name": "node34.mpisws.vicci.org", 
        "created": "2013-04-03T23:14:11.072Z"
    }
},
{
    "pk": 698, 
    "model": "core.node", 
    "fields": {
        "site": 12, 
        "updated": "2013-06-21T21:17:13.982Z", 
        "deployment": 9, 
        "name": "node35.mpisws.vicci.org", 
        "created": "2013-04-03T23:14:11.072Z"
    }
},
{
    "pk": 699, 
    "model": "core.node", 
    "fields": {
        "site": 12, 
        "updated": "2013-06-21T21:17:13.982Z", 
        "deployment": 9, 
        "name": "node36.mpisws.vicci.org", 
        "created": "2013-04-03T23:14:11.072Z"
    }
},
{
    "pk": 700, 
    "model": "core.node", 
    "fields": {
        "site": 12, 
        "updated": "2013-06-21T21:17:13.982Z", 
        "deployment": 9, 
        "name": "node37.mpisws.vicci.org", 
        "created": "2013-04-03T23:14:11.072Z"
    }
},
{
    "pk": 701, 
    "model": "core.node", 
    "fields": {
        "site": 12, 
        "updated": "2013-06-21T21:17:13.982Z", 
        "deployment": 9, 
        "name": "node38.mpisws.vicci.org", 
        "created": "2013-04-03T23:14:11.072Z"
    }
},
{
    "pk": 702, 
    "model": "core.node", 
    "fields": {
        "site": 12, 
        "updated": "2013-06-21T21:17:13.982Z", 
        "deployment": 9, 
        "name": "node39.mpisws.vicci.org", 
        "created": "2013-04-03T23:14:11.072Z"
    }
},
{
    "pk": 703, 
    "model": "core.node", 
    "fields": {
        "site": 12, 
        "updated": "2013-06-21T21:17:13.982Z", 
        "deployment": 9, 
        "name": "node40.mpisws.vicci.org", 
        "created": "2013-04-03T23:14:11.072Z"
    }
},
{
    "pk": 704, 
    "model": "core.node", 
    "fields": {
        "site": 12, 
        "updated": "2013-06-21T21:17:13.982Z", 
        "deployment": 9, 
        "name": "node41.mpisws.vicci.org", 
        "created": "2013-04-03T23:14:11.072Z"
    }
},
{
    "pk": 705, 
    "model": "core.node", 
    "fields": {
        "site": 12, 
        "updated": "2013-06-21T21:17:13.982Z", 
        "deployment": 9, 
        "name": "node42.mpisws.vicci.org", 
        "created": "2013-04-03T23:14:11.072Z"
    }
},
{
    "pk": 706, 
    "model": "core.node", 
    "fields": {
        "site": 12, 
        "updated": "2013-06-21T21:17:13.982Z", 
        "deployment": 9, 
        "name": "node43.mpisws.vicci.org", 
        "created": "2013-04-03T23:14:11.072Z"
    }
},
{
    "pk": 707, 
    "model": "core.node", 
    "fields": {
        "site": 12, 
        "updated": "2013-06-21T21:17:13.982Z", 
        "deployment": 9, 
        "name": "node44.mpisws.vicci.org", 
        "created": "2013-04-03T23:14:11.072Z"
    }
},
{
    "pk": 708, 
    "model": "core.node", 
    "fields": {
        "site": 12, 
        "updated": "2013-06-21T21:17:13.982Z", 
        "deployment": 9, 
        "name": "node45.mpisws.vicci.org", 
        "created": "2013-04-03T23:14:11.072Z"
    }
},
{
    "pk": 709, 
    "model": "core.node", 
    "fields": {
        "site": 12, 
        "updated": "2013-06-21T21:17:13.982Z", 
        "deployment": 9, 
        "name": "node46.mpisws.vicci.org", 
        "created": "2013-04-03T23:14:11.072Z"
    }
},
{
    "pk": 710, 
    "model": "core.node", 
    "fields": {
        "site": 12, 
        "updated": "2013-06-21T21:17:13.982Z", 
        "deployment": 9, 
        "name": "node47.mpisws.vicci.org", 
        "created": "2013-04-03T23:14:11.072Z"
    }
},
{
    "pk": 711, 
    "model": "core.node", 
    "fields": {
        "site": 12, 
        "updated": "2013-06-21T21:17:13.982Z", 
        "deployment": 9, 
        "name": "node48.mpisws.vicci.org", 
        "created": "2013-04-03T23:14:11.072Z"
    }
},
{
    "pk": 712, 
    "model": "core.node", 
    "fields": {
        "site": 12, 
        "updated": "2013-06-21T21:17:13.982Z", 
        "deployment": 9, 
        "name": "node49.mpisws.vicci.org", 
        "created": "2013-04-03T23:14:11.072Z"
    }
},
{
    "pk": 713, 
    "model": "core.node", 
    "fields": {
        "site": 12, 
        "updated": "2013-06-21T21:17:13.982Z", 
        "deployment": 9, 
        "name": "node50.mpisws.vicci.org", 
        "created": "2013-04-03T23:14:11.072Z"
    }
},
{
    "pk": 714, 
    "model": "core.node", 
    "fields": {
        "site": 12, 
        "updated": "2013-06-21T21:17:13.982Z", 
        "deployment": 9, 
        "name": "node51.mpisws.vicci.org", 
        "created": "2013-04-03T23:14:11.072Z"
    }
},
{
    "pk": 715, 
    "model": "core.node", 
    "fields": {
        "site": 12, 
        "updated": "2013-06-21T21:17:13.982Z", 
        "deployment": 9, 
        "name": "node52.mpisws.vicci.org", 
        "created": "2013-04-03T23:14:11.072Z"
    }
},
{
    "pk": 716, 
    "model": "core.node", 
    "fields": {
        "site": 12, 
        "updated": "2013-06-21T21:17:13.982Z", 
        "deployment": 9, 
        "name": "node53.mpisws.vicci.org", 
        "created": "2013-04-03T23:14:11.072Z"
    }
},
{
    "pk": 717, 
    "model": "core.node", 
    "fields": {
        "site": 12, 
        "updated": "2013-06-21T21:17:13.982Z", 
        "deployment": 9, 
        "name": "node54.mpisws.vicci.org", 
        "created": "2013-04-03T23:14:11.072Z"
    }
},
{
    "pk": 718, 
    "model": "core.node", 
    "fields": {
        "site": 12, 
        "updated": "2013-06-21T21:17:13.982Z", 
        "deployment": 9, 
        "name": "node55.mpisws.vicci.org", 
        "created": "2013-04-03T23:14:11.072Z"
    }
},
{
    "pk": 719, 
    "model": "core.node", 
    "fields": {
        "site": 12, 
        "updated": "2013-06-21T21:17:13.982Z", 
        "deployment": 9, 
        "name": "node56.mpisws.vicci.org", 
        "created": "2013-04-03T23:14:11.072Z"
    }
},
{
    "pk": 720, 
    "model": "core.node", 
    "fields": {
        "site": 12, 
        "updated": "2013-06-21T21:17:13.982Z", 
        "deployment": 9, 
        "name": "node57.mpisws.vicci.org", 
        "created": "2013-04-03T23:14:11.072Z"
    }
},
{
    "pk": 721, 
    "model": "core.node", 
    "fields": {
        "site": 12, 
        "updated": "2013-06-21T21:17:13.982Z", 
        "deployment": 9, 
        "name": "node58.mpisws.vicci.org", 
        "created": "2013-04-03T23:14:11.072Z"
    }
},
{
    "pk": 722, 
    "model": "core.node", 
    "fields": {
        "site": 12, 
        "updated": "2013-06-21T21:17:13.982Z", 
        "deployment": 9, 
        "name": "node59.mpisws.vicci.org", 
        "created": "2013-04-03T23:14:11.072Z"
    }
},
{
    "pk": 723, 
    "model": "core.node", 
    "fields": {
        "site": 12, 
        "updated": "2013-06-21T21:17:13.982Z", 
        "deployment": 9, 
        "name": "node60.mpisws.vicci.org", 
        "created": "2013-04-03T23:14:11.072Z"
    }
},
{
    "pk": 724, 
    "model": "core.node", 
    "fields": {
        "site": 12, 
        "updated": "2013-06-21T21:17:13.982Z", 
        "deployment": 9, 
        "name": "node61.mpisws.vicci.org", 
        "created": "2013-04-03T23:14:11.072Z"
    }
},
{
    "pk": 725, 
    "model": "core.node", 
    "fields": {
        "site": 12, 
        "updated": "2013-06-21T21:17:13.982Z", 
        "deployment": 9, 
        "name": "node62.mpisws.vicci.org", 
        "created": "2013-04-03T23:14:11.072Z"
    }
},
{
    "pk": 726, 
    "model": "core.node", 
    "fields": {
        "site": 12, 
        "updated": "2013-06-21T21:17:13.982Z", 
        "deployment": 9, 
        "name": "node63.mpisws.vicci.org", 
        "created": "2013-04-03T23:14:11.072Z"
    }
},
{
    "pk": 727, 
    "model": "core.node", 
    "fields": {
        "site": 12, 
        "updated": "2013-06-21T21:17:13.982Z", 
        "deployment": 9, 
        "name": "node64.mpisws.vicci.org", 
        "created": "2013-04-03T23:14:11.072Z"
    }
},
{
    "pk": 728, 
    "model": "core.node", 
    "fields": {
        "site": 12, 
        "updated": "2013-06-21T21:17:13.982Z", 
        "deployment": 9, 
        "name": "node65.mpisws.vicci.org", 
        "created": "2013-04-03T23:14:11.072Z"
    }
},
{
    "pk": 729, 
    "model": "core.node", 
    "fields": {
        "site": 12, 
        "updated": "2013-06-21T21:17:13.982Z", 
        "deployment": 9, 
        "name": "node66.mpisws.vicci.org", 
        "created": "2013-04-03T23:14:11.072Z"
    }
},
{
    "pk": 730, 
    "model": "core.node", 
    "fields": {
        "site": 12, 
        "updated": "2013-06-21T21:17:13.982Z", 
        "deployment": 9, 
        "name": "node67.mpisws.vicci.org", 
        "created": "2013-04-03T23:14:11.072Z"
    }
},
{
    "pk": 731, 
    "model": "core.node", 
    "fields": {
        "site": 12, 
        "updated": "2013-06-21T21:17:13.982Z", 
        "deployment": 9, 
        "name": "node68.mpisws.vicci.org", 
        "created": "2013-04-03T23:14:11.072Z"
    }
},
{
    "pk": 732, 
    "model": "core.node", 
    "fields": {
        "site": 12, 
        "updated": "2013-06-21T21:17:13.982Z", 
        "deployment": 9, 
        "name": "node69.mpisws.vicci.org", 
        "created": "2013-04-03T23:14:11.072Z"
    }
},
{
    "pk": 733, 
    "model": "core.node", 
    "fields": {
        "site": 12, 
        "updated": "2013-06-21T21:17:13.982Z", 
        "deployment": 9, 
        "name": "node70.mpisws.vicci.org", 
        "created": "2013-04-03T23:14:11.072Z"
    }
},
{
    "pk": 734, 
    "model": "core.node", 
    "fields": {
        "site": 13, 
        "updated": "2013-06-21T21:17:13.982Z", 
        "deployment": 10, 
        "name": "node1.atla.internet2.vini-veritas.net", 
        "created": "2013-04-03T23:14:11.072Z"
    }
},
{
    "pk": 735, 
    "model": "core.node", 
    "fields": {
        "site": 13, 
        "updated": "2013-06-21T21:17:13.982Z", 
        "deployment": 10, 
        "name": "node2.atla.internet2.vini-veritas.net", 
        "created": "2013-04-03T23:14:11.072Z"
    }
},
{
    "pk": 736, 
    "model": "core.node", 
    "fields": {
        "site": 14, 
        "updated": "2013-06-21T21:17:13.982Z", 
        "deployment": 10, 
        "name": "node1.chic.internet2.vini-veritas.net", 
        "created": "2013-04-03T23:14:11.072Z"
    }
},
{
    "pk": 737, 
    "model": "core.node", 
    "fields": {
        "site": 14, 
        "updated": "2013-06-21T21:17:13.982Z", 
        "deployment": 10, 
        "name": "node2.chic.internet2.vini-veritas.net", 
        "created": "2013-04-03T23:14:11.072Z"
    }
},
{
    "pk": 738, 
    "model": "core.node", 
    "fields": {
        "site": 15, 
        "updated": "2013-06-21T21:17:13.982Z", 
        "deployment": 10, 
        "name": "node1.hous.internet2.vini-veritas.net", 
        "created": "2013-04-03T23:14:11.072Z"
    }
},
{
    "pk": 739, 
    "model": "core.node", 
    "fields": {
        "site": 15, 
        "updated": "2013-06-21T21:17:13.982Z", 
        "deployment": 10, 
        "name": "node2.hous.internet2.vini-veritas.net", 
        "created": "2013-04-03T23:14:11.072Z"
    }
},
{
    "pk": 740, 
    "model": "core.node", 
    "fields": {
        "site": 16, 
        "updated": "2013-06-21T21:17:13.982Z", 
        "deployment": 10, 
        "name": "node1.kans.internet2.vini-veritas.net", 
        "created": "2013-04-03T23:14:11.072Z"
    }
},
{
    "pk": 741, 
    "model": "core.node", 
    "fields": {
        "site": 16, 
        "updated": "2013-06-21T21:17:13.982Z", 
        "deployment": 10, 
        "name": "node2.kans.internet2.vini-veritas.net", 
        "created": "2013-04-03T23:14:11.072Z"
    }
},
{
    "pk": 742, 
    "model": "core.node", 
    "fields": {
        "site": 17, 
        "updated": "2013-06-21T21:17:13.982Z", 
        "deployment": 10, 
        "name": "node1.losa.internet2.vini-veritas.net", 
        "created": "2013-04-03T23:14:11.072Z"
    }
},
{
    "pk": 743, 
    "model": "core.node", 
    "fields": {
        "site": 17, 
        "updated": "2013-06-21T21:17:13.982Z", 
        "deployment": 10, 
        "name": "node2.losa.internet2.vini-veritas.net", 
        "created": "2013-04-03T23:14:11.072Z"
    }
},
{
    "pk": 744, 
    "model": "core.node", 
    "fields": {
        "site": 18, 
        "updated": "2013-06-21T21:17:13.982Z", 
        "deployment": 10, 
        "name": "node1.newy.internet2.vini-veritas.net", 
        "created": "2013-04-03T23:14:11.072Z"
    }
},
{
    "pk": 745, 
    "model": "core.node", 
    "fields": {
        "site": 18, 
        "updated": "2013-06-21T21:17:13.982Z", 
        "deployment": 10, 
        "name": "node2.newy.internet2.vini-veritas.net", 
        "created": "2013-04-03T23:14:11.072Z"
    }
},
{
    "pk": 746, 
    "model": "core.node", 
    "fields": {
        "site": 19, 
        "updated": "2013-06-21T21:17:13.982Z", 
        "deployment": 10, 
        "name": "node1.salt.internet2.vini-veritas.net", 
        "created": "2013-04-03T23:14:11.072Z"
    }
},
{
    "pk": 747, 
    "model": "core.node", 
    "fields": {
        "site": 19, 
        "updated": "2013-06-21T21:17:13.982Z", 
        "deployment": 10, 
        "name": "node2.salt.internet2.vini-veritas.net", 
        "created": "2013-04-03T23:14:11.072Z"
    }
},
{
    "pk": 748, 
    "model": "core.node", 
    "fields": {
        "site": 20, 
        "updated": "2013-06-21T21:17:13.982Z", 
        "deployment": 10, 
        "name": "node1.seat.internet2.vini-veritas.net", 
        "created": "2013-04-03T23:14:11.072Z"
    }
},
{
    "pk": 749, 
    "model": "core.node", 
    "fields": {
        "site": 20, 
        "updated": "2013-06-21T21:17:13.982Z", 
        "deployment": 10, 
        "name": "node2.seat.internet2.vini-veritas.net", 
        "created": "2013-04-03T23:14:11.072Z"
    }
},
{
    "pk": 750, 
    "model": "core.node", 
    "fields": {
        "site": 21, 
        "updated": "2013-06-21T21:17:13.982Z", 
        "deployment": 10, 
        "name": "node1.wash.internet2.vini-veritas.net", 
        "created": "2013-04-03T23:14:11.072Z"
    }
},
{
    "pk": 751, 
    "model": "core.node", 
    "fields": {
        "site": 21, 
        "updated": "2013-06-21T21:17:13.982Z", 
        "deployment": 10, 
        "name": "node2.wash.internet2.vini-veritas.net", 
        "created": "2013-04-03T23:14:11.072Z"
    }
},
{
    "pk": 4, 
    "model": "core.serviceresource", 
    "fields": {
        "updated": "2013-12-11T22:18:00.040Z", 
        "name": "Cycles", 
        "bucketMaxSize": 0, 
        "created": "2013-12-11T22:18:00.040Z", 
        "serviceClass": 1, 
        "maxUnitsDeployment": 0, 
        "bucketInRate": 0, 
        "cost": 7, 
        "calendarReservable": false, 
        "maxDuration": 0, 
        "maxUnitsNode": 0
    }
},
{
    "pk": 5, 
    "model": "core.serviceresource", 
    "fields": {
        "updated": "2013-12-11T22:18:00.045Z", 
        "name": "Cycles", 
        "bucketMaxSize": 0, 
        "created": "2013-12-11T22:18:00.045Z", 
        "serviceClass": 2, 
        "maxUnitsDeployment": 0, 
        "bucketInRate": 0, 
        "cost": 7, 
        "calendarReservable": false, 
        "maxDuration": 0, 
        "maxUnitsNode": 0
    }
},
{
    "pk": 6, 
    "model": "core.serviceresource", 
    "fields": {
        "updated": "2013-12-11T22:18:00.053Z", 
        "name": "Cycles", 
        "bucketMaxSize": 0, 
        "created": "2013-12-11T22:18:00.053Z", 
        "serviceClass": 3, 
        "maxUnitsDeployment": 0, 
        "bucketInRate": 0, 
        "cost": 7, 
        "calendarReservable": false, 
        "maxDuration": 0, 
        "maxUnitsNode": 0
    }
},
{
    "pk": 7, 
    "model": "core.serviceresource", 
    "fields": {
        "updated": "2013-12-11T22:18:00.064Z", 
        "name": "numberCores", 
        "bucketMaxSize": 0, 
        "created": "2013-12-11T22:18:00.064Z", 
        "serviceClass": 3, 
        "maxUnitsDeployment": 210, 
        "bucketInRate": 0, 
        "cost": 0, 
        "calendarReservable": true, 
        "maxDuration": 8760, 
        "maxUnitsNode": 6
    }
},
{
    "pk": 8, 
    "model": "core.serviceresource", 
    "fields": {
        "updated": "2013-12-11T22:18:00.072Z", 
        "name": "numberCores", 
        "bucketMaxSize": 210, 
        "created": "2013-12-11T22:18:00.072Z", 
        "serviceClass": 2, 
        "maxUnitsDeployment": 210, 
        "bucketInRate": 10, 
        "cost": 7, 
        "calendarReservable": true, 
        "maxDuration": 168, 
        "maxUnitsNode": 6
    }
},
{
    "pk": 1, 
    "model": "core.networktemplate", 
    "fields": {
        "guaranteedBandwidth": 0, 
        "description": "Connect a sliver to the public network using dedicated public IPv4 address", 
        "created": "2013-12-09T14:15:16.899Z", 
        "sharedNetworkName": "", 
        "updated": "2013-12-09T14:15:16.899Z", 
        "visibility": "private", 
        "translation": "none", 
        "sharedNetworkId": "", 
        "name": "dedicated-public-IPv4"
    }
},
{
    "pk": 2, 
    "model": "core.networktemplate", 
    "fields": {
        "guaranteedBandwidth": 0, 
        "description": "For PlanetLab compatibility: connect to the public network by sharing the node's public IP address.", 
        "created": "2013-12-09T14:16:12.358Z", 
        "sharedNetworkName": "", 
        "updated": "2013-12-09T14:16:12.358Z", 
        "visibility": "public", 
        "translation": "none", 
        "sharedNetworkId": "", 
        "name": "planetlab-legacy"
    }
},
{
    "pk": 3, 
    "model": "core.networktemplate", 
    "fields": {
        "guaranteedBandwidth": 0, 
        "description": "Connect a sliver to the public network via NAT", 
        "created": "2013-12-09T14:17:29.551Z", 
        "sharedNetworkName": "nat-net", 
        "updated": "2013-12-09T14:17:29.551Z", 
        "visibility": "private", 
        "translation": "NAT", 
        "sharedNetworkId": "51d641ba-9e1e-46f5-8069-bf4a929f851f", 
        "name": "private-IPv4-plus-NAT"
    }
},
{
    "pk": 4, 
    "model": "core.networktemplate", 
    "fields": {
        "guaranteedBandwidth": 0, 
        "description": "A private virtual network", 
        "created": "2013-12-09T14:18:02.336Z", 
        "sharedNetworkName": "", 
        "updated": "2013-12-09T14:18:02.336Z", 
        "visibility": "private", 
        "translation": "none", 
        "sharedNetworkId": "", 
        "name": "private-virtual"
    }
},
{
    "pk": 1, 
    "model": "core.network", 
    "fields": {
        "router_id": "", 
        "subnet": "64.57.18.128/28", 
        "updated": "2013-12-09T14:24:19.970Z", 
        "subnet_id": "e1796711-5584-4bc1-b09b-45dff8f59f32", 
        "name": "VINI-I2WashDC-public", 
        "created": "2013-12-09T14:24:19.970Z", 
        "permitAllSlices": false, 
        "permittedSlices": [], 
        "labels": "public-net", 
        "guaranteedBandwidth": 0, 
        "network_id": "7cb4291d-f8d3-4797-83b0-8deefd85bdf5", 
        "template": 1, 
        "owner": 10, 
        "ports": ""
    }
},
{
    "pk": 2, 
    "model": "core.network", 
    "fields": {
        "router_id": "", 
        "subnet": "64.57.18.112/28", 
        "updated": "2013-12-09T14:31:41.605Z", 
        "subnet_id": "1afdc262-767b-4736-9403-584265293a81", 
        "name": "VINI-I2Seattle-public", 
        "created": "2013-12-09T14:31:41.605Z", 
        "permitAllSlices": false, 
        "permittedSlices": [], 
        "labels": "public-net", 
        "guaranteedBandwidth": 0, 
        "network_id": "810b4cb8-9d8e-4eee-becc-676785a07725", 
        "template": 1, 
        "owner": 10, 
        "ports": ""
    }
},
{
    "pk": 3, 
    "model": "core.network", 
    "fields": {
        "router_id": "", 
        "subnet": "64.57.18.96/28", 
        "updated": "2013-12-09T14:33:10.312Z", 
        "subnet_id": "c3582780-76f1-4979-97b0-e27f39f18daa", 
        "name": "VINI-I2SaltLakeCity-public", 
        "created": "2013-12-09T14:33:10.312Z", 
        "permitAllSlices": false, 
        "permittedSlices": [], 
        "labels": "public-net", 
        "guaranteedBandwidth": 0, 
        "network_id": "4b37f048-11de-4ddd-acaf-2fc5e8716f0e", 
        "template": 1, 
        "owner": 10, 
        "ports": ""
    }
},
{
    "pk": 4, 
    "model": "core.network", 
    "fields": {
        "router_id": "", 
        "subnet": "64.57.18.80/28", 
        "updated": "2013-12-09T14:34:55.754Z", 
        "subnet_id": "c0d989f2-f42f-4b3e-a23f-a0063ac4f010", 
        "name": "VINI-I2NewYork-public", 
        "created": "2013-12-09T14:34:55.754Z", 
        "permitAllSlices": false, 
        "permittedSlices": [], 
        "labels": "public-net", 
        "guaranteedBandwidth": 0, 
        "network_id": "684386d7-1286-4e58-acda-8ff45deac99e", 
        "template": 1, 
        "owner": 10, 
        "ports": ""
    }
},
{
    "pk": 5, 
    "model": "core.network", 
    "fields": {
        "router_id": "", 
        "subnet": "64.57.18.64/28", 
        "updated": "2013-12-09T14:36:09.261Z", 
        "subnet_id": "d37bab1f-7e01-417c-86c4-ea0d69e2f25d", 
        "name": "VINI-I2LosAngeles-public", 
        "created": "2013-12-09T14:36:09.261Z", 
        "permitAllSlices": false, 
        "permittedSlices": [], 
        "labels": "public-net", 
        "guaranteedBandwidth": 0, 
        "network_id": "fa090174-ec59-4b7a-812b-9206d911fb61", 
        "template": 1, 
        "owner": 10, 
        "ports": ""
    }
},
{
    "pk": 6, 
    "model": "core.network", 
    "fields": {
        "router_id": "", 
        "subnet": "64.57.18.48/28", 
        "updated": "2013-12-09T14:37:02.420Z", 
        "subnet_id": "7caa4cfb-846a-4e4c-9984-8ead4091f816", 
        "name": "VINI-I2KansasCity-public", 
        "created": "2013-12-09T14:37:02.420Z", 
        "permitAllSlices": false, 
        "permittedSlices": [], 
        "labels": "public-net", 
        "guaranteedBandwidth": 0, 
        "network_id": "017a3914-5eaf-4bcb-8609-6d17ebcdf075", 
        "template": 1, 
        "owner": 10, 
        "ports": ""
    }
},
{
    "pk": 7, 
    "model": "core.network", 
    "fields": {
        "router_id": "", 
        "subnet": "64.57.18.32/28", 
        "updated": "2013-12-09T14:38:11.552Z", 
        "subnet_id": "4438dfbd-099a-4229-bd86-cf29478a009b", 
        "name": "VINI-I2Houston-public", 
        "created": "2013-12-09T14:38:11.552Z", 
        "permitAllSlices": false, 
        "permittedSlices": [], 
        "labels": "public-net", 
        "guaranteedBandwidth": 0, 
        "network_id": "fdf0e3b1-439b-4673-b56e-d9dfe52b2bb7", 
        "template": 1, 
        "owner": 10, 
        "ports": ""
    }
},
{
    "pk": 8, 
    "model": "core.network", 
    "fields": {
        "router_id": "", 
        "subnet": "64.57.18.32/28", 
        "updated": "2013-12-09T14:39:51.262Z", 
        "subnet_id": "4438dfbd-099a-4229-bd86-cf29478a009b", 
        "name": "VINI-I2Houston-public", 
        "created": "2013-12-09T14:39:51.262Z", 
        "permitAllSlices": false, 
        "permittedSlices": [], 
        "labels": "public-net", 
        "guaranteedBandwidth": 0, 
        "network_id": "fdf0e3b1-439b-4673-b56e-d9dfe52b2bb7", 
        "template": 1, 
        "owner": 10, 
        "ports": ""
    }
},
{
    "pk": 9, 
    "model": "core.network", 
    "fields": {
        "router_id": "", 
        "subnet": "64.57.18.32/28", 
        "updated": "2013-12-09T14:41:00.237Z", 
        "subnet_id": "4438dfbd-099a-4229-bd86-cf29478a009b", 
        "name": "VINI-I2Houston-public", 
        "created": "2013-12-09T14:41:00.237Z", 
        "permitAllSlices": false, 
        "permittedSlices": [], 
        "labels": "public-net", 
        "guaranteedBandwidth": 0, 
        "network_id": "fdf0e3b1-439b-4673-b56e-d9dfe52b2bb7", 
        "template": 1, 
        "owner": 10, 
        "ports": ""
    }
},
{
    "pk": 10, 
    "model": "core.network", 
    "fields": {
        "router_id": "", 
        "subnet": "64.57.18.16/28", 
        "updated": "2013-12-09T14:42:03.158Z", 
        "subnet_id": "332113b1-e6f4-492e-ad93-ce21512d3459", 
        "name": "VINI-I2Chicago-public", 
        "created": "2013-12-09T14:42:03.158Z", 
        "permitAllSlices": false, 
        "permittedSlices": [], 
        "labels": "public-net", 
        "guaranteedBandwidth": 0, 
        "network_id": "ecdbaf66-b659-4d59-b0b7-1bf6d232ccba", 
        "template": 1, 
        "owner": 10, 
        "ports": ""
    }
},
{
    "pk": 11, 
    "model": "core.network", 
    "fields": {
        "router_id": "", 
        "subnet": "64.57.18.0/28", 
        "updated": "2013-12-09T14:42:49.781Z", 
        "subnet_id": "dafefd4f-2622-4987-9f30-94e9a977cfc3", 
        "name": "VINI-I2Atlanta-public", 
        "created": "2013-12-09T14:42:49.781Z", 
        "permitAllSlices": false, 
        "permittedSlices": [], 
        "labels": "public-net", 
        "guaranteedBandwidth": 0, 
        "network_id": "ae4d42e8-a97c-440d-9533-4bcbd62dfb00", 
        "template": 1, 
        "owner": 10, 
        "ports": ""
    }
},
{
    "pk": 1, 
    "model": "core.networkparametertype", 
    "fields": {
        "updated": "2013-12-09T14:43:25.664Z", 
        "description": "End of IPv4 address allocation pool", 
        "name": "allocation-pool-end", 
        "created": "2013-12-09T14:43:25.664Z"
    }
},
{
    "pk": 2, 
    "model": "core.networkparametertype", 
    "fields": {
        "updated": "2013-12-09T14:43:45.564Z", 
        "description": "Start of IPv4 address allocation pool", 
        "name": "allocation-pool-start", 
        "created": "2013-12-09T14:43:45.564Z"
    }
},
{
    "pk": 3, 
    "model": "core.networkparametertype", 
    "fields": {
        "updated": "2013-12-09T14:44:05.513Z", 
        "description": "CIDR block for network", 
        "name": "cidr", 
        "created": "2013-12-09T14:44:05.513Z"
    }
},
{
    "pk": 7, 
    "model": "requestrouter.requestrouterservice", 
    "fields": {
        "behindNat": false, 
        "defaultAction": "best", 
        "defaultTTL": 30, 
        "lastResortAction": "random", 
        "maxAnswers": 3
    }
},
{
    "pk": 6, 
    "model": "hpc.hpcservice", 
    "fields": {}
},
{
    "pk": 1, 
    "model": "hpc.serviceprovider", 
    "fields": {
        "updated": "2013-12-11T18:11:43.757Z", 
        "description": "", 
        "enabled": true, 
        "name": "internet2", 
        "created": "2013-12-11T18:11:43.757Z"
    }
},
{
    "pk": 2, 
    "model": "hpc.serviceprovider", 
    "fields": {
        "updated": "2013-12-11T18:13:38.024Z", 
        "description": "", 
        "enabled": true, 
        "name": "Syndicate", 
        "created": "2013-12-11T18:11:52.622Z"
    }
},
{
    "pk": 29, 
    "model": "hpc.contentprovider", 
    "fields": {
        "updated": "2013-12-11T23:57:17.472Z", 
        "description": "Peer-to-peer content sharing for Syndicate distributed filesystem", 
        "created": "2013-12-11T23:57:17.472Z", 
        "serviceProvider": 2, 
        "enabled": true, 
        "users": [], 
        "name": "Syndicate"
    }
},
{
    "pk": 30, 
    "model": "hpc.contentprovider", 
    "fields": {
        "updated": "2013-12-11T23:57:20.586Z", 
        "description": "Content Provider for Georgia Tech", 
        "created": "2013-12-11T23:57:20.586Z", 
        "serviceProvider": 1, 
        "enabled": true, 
        "users": [], 
        "name": "Georgia Tech"
    }
},
{
    "pk": 31, 
    "model": "hpc.contentprovider", 
    "fields": {
        "updated": "2013-12-11T23:57:20.611Z", 
        "description": "Content Provider for Stanford University", 
        "created": "2013-12-11T23:57:20.611Z", 
        "serviceProvider": 1, 
        "enabled": true, 
        "users": [], 
        "name": "Stanford University"
    }
},
{
    "pk": 32, 
    "model": "hpc.contentprovider", 
    "fields": {
        "updated": "2013-12-11T23:57:20.636Z", 
        "description": "Content Provider for University of Washington", 
        "created": "2013-12-11T23:57:20.636Z", 
        "serviceProvider": 1, 
        "enabled": true, 
        "users": [], 
        "name": "University of Washington"
    }
},
{
    "pk": 33, 
    "model": "hpc.contentprovider", 
    "fields": {
        "updated": "2013-12-11T23:57:20.660Z", 
        "description": "Content Provider for Max Planck Institute", 
        "created": "2013-12-11T23:57:20.660Z", 
        "serviceProvider": 1, 
        "enabled": true, 
        "users": [], 
        "name": "Max Planck Institute"
    }
},
{
    "pk": 34, 
    "model": "hpc.contentprovider", 
    "fields": {
        "updated": "2013-12-11T23:57:20.685Z", 
        "description": "Content Provider for Princeton University", 
        "created": "2013-12-11T23:57:20.685Z", 
        "serviceProvider": 1, 
        "enabled": true, 
        "users": [], 
        "name": "Princeton University"
    }
},
{
    "pk": 35, 
    "model": "hpc.contentprovider", 
    "fields": {
        "updated": "2013-12-11T23:57:20.710Z", 
        "description": "Open Networking Lab", 
        "created": "2013-12-11T23:57:20.710Z", 
        "serviceProvider": 1, 
        "enabled": true, 
        "users": [], 
        "name": "ON.LAB"
    }
},
{
    "pk": 3527, 
    "model": "hpc.originserver", 
    "fields": {
        "updated": "2013-12-11T23:57:17.496Z", 
        "authenticated": false, 
        "description": "syndicate origin server", 
        "created": "2013-12-11T23:57:17.496Z", 
        "url": "node70.stanford.vicci.org:32780", 
        "enabled": true, 
        "redirects": true, 
        "protocol": "http", 
        "contentProvider": 29
    }
},
{
    "pk": 3528, 
    "model": "hpc.originserver", 
    "fields": {
        "updated": "2013-12-11T23:57:17.503Z", 
        "authenticated": false, 
        "description": "syndicate origin server", 
        "created": "2013-12-11T23:57:17.503Z", 
        "url": "node69.stanford.vicci.org:32780", 
        "enabled": true, 
        "redirects": true, 
        "protocol": "http", 
        "contentProvider": 29
    }
},
{
    "pk": 3529, 
    "model": "hpc.originserver", 
    "fields": {
        "updated": "2013-12-11T23:57:17.512Z", 
        "authenticated": false, 
        "description": "syndicate origin server", 
        "created": "2013-12-11T23:57:17.512Z", 
        "url": "node68.stanford.vicci.org:32780", 
        "enabled": true, 
        "redirects": true, 
        "protocol": "http", 
        "contentProvider": 29
    }
},
{
    "pk": 3530, 
    "model": "hpc.originserver", 
    "fields": {
        "updated": "2013-12-11T23:57:17.520Z", 
        "authenticated": false, 
        "description": "syndicate origin server", 
        "created": "2013-12-11T23:57:17.520Z", 
        "url": "node67.stanford.vicci.org:32780", 
        "enabled": true, 
        "redirects": true, 
        "protocol": "http", 
        "contentProvider": 29
    }
},
{
    "pk": 3531, 
    "model": "hpc.originserver", 
    "fields": {
        "updated": "2013-12-11T23:57:17.528Z", 
        "authenticated": false, 
        "description": "syndicate origin server", 
        "created": "2013-12-11T23:57:17.528Z", 
        "url": "node66.stanford.vicci.org:32780", 
        "enabled": true, 
        "redirects": true, 
        "protocol": "http", 
        "contentProvider": 29
    }
},
{
    "pk": 3532, 
    "model": "hpc.originserver", 
    "fields": {
        "updated": "2013-12-11T23:57:17.537Z", 
        "authenticated": false, 
        "description": "syndicate origin server", 
        "created": "2013-12-11T23:57:17.537Z", 
        "url": "node65.stanford.vicci.org:32780", 
        "enabled": true, 
        "redirects": true, 
        "protocol": "http", 
        "contentProvider": 29
    }
},
{
    "pk": 3533, 
    "model": "hpc.originserver", 
    "fields": {
        "updated": "2013-12-11T23:57:17.545Z", 
        "authenticated": false, 
        "description": "syndicate origin server", 
        "created": "2013-12-11T23:57:17.545Z", 
        "url": "node64.stanford.vicci.org:32780", 
        "enabled": true, 
        "redirects": true, 
        "protocol": "http", 
        "contentProvider": 29
    }
},
{
    "pk": 3534, 
    "model": "hpc.originserver", 
    "fields": {
        "updated": "2013-12-11T23:57:17.553Z", 
        "authenticated": false, 
        "description": "syndicate origin server", 
        "created": "2013-12-11T23:57:17.553Z", 
        "url": "node63.stanford.vicci.org:32780", 
        "enabled": true, 
        "redirects": true, 
        "protocol": "http", 
        "contentProvider": 29
    }
},
{
    "pk": 3535, 
    "model": "hpc.originserver", 
    "fields": {
        "updated": "2013-12-11T23:57:17.561Z", 
        "authenticated": false, 
        "description": "syndicate origin server", 
        "created": "2013-12-11T23:57:17.561Z", 
        "url": "node62.stanford.vicci.org:32780", 
        "enabled": true, 
        "redirects": true, 
        "protocol": "http", 
        "contentProvider": 29
    }
},
{
    "pk": 3536, 
    "model": "hpc.originserver", 
    "fields": {
        "updated": "2013-12-11T23:57:17.570Z", 
        "authenticated": false, 
        "description": "syndicate origin server", 
        "created": "2013-12-11T23:57:17.570Z", 
        "url": "node61.stanford.vicci.org:32780", 
        "enabled": true, 
        "redirects": true, 
        "protocol": "http", 
        "contentProvider": 29
    }
},
{
    "pk": 3537, 
    "model": "hpc.originserver", 
    "fields": {
        "updated": "2013-12-11T23:57:17.578Z", 
        "authenticated": false, 
        "description": "syndicate origin server", 
        "created": "2013-12-11T23:57:17.578Z", 
        "url": "node60.stanford.vicci.org:32780", 
        "enabled": true, 
        "redirects": true, 
        "protocol": "http", 
        "contentProvider": 29
    }
},
{
    "pk": 3538, 
    "model": "hpc.originserver", 
    "fields": {
        "updated": "2013-12-11T23:57:17.586Z", 
        "authenticated": false, 
        "description": "syndicate origin server", 
        "created": "2013-12-11T23:57:17.586Z", 
        "url": "node59.stanford.vicci.org:32780", 
        "enabled": true, 
        "redirects": true, 
        "protocol": "http", 
        "contentProvider": 29
    }
},
{
    "pk": 3539, 
    "model": "hpc.originserver", 
    "fields": {
        "updated": "2013-12-11T23:57:17.595Z", 
        "authenticated": false, 
        "description": "syndicate origin server", 
        "created": "2013-12-11T23:57:17.595Z", 
        "url": "node58.stanford.vicci.org:32780", 
        "enabled": true, 
        "redirects": true, 
        "protocol": "http", 
        "contentProvider": 29
    }
},
{
    "pk": 3540, 
    "model": "hpc.originserver", 
    "fields": {
        "updated": "2013-12-11T23:57:17.603Z", 
        "authenticated": false, 
        "description": "syndicate origin server", 
        "created": "2013-12-11T23:57:17.603Z", 
        "url": "node57.stanford.vicci.org:32780", 
        "enabled": true, 
        "redirects": true, 
        "protocol": "http", 
        "contentProvider": 29
    }
},
{
    "pk": 3541, 
    "model": "hpc.originserver", 
    "fields": {
        "updated": "2013-12-11T23:57:17.611Z", 
        "authenticated": false, 
        "description": "syndicate origin server", 
        "created": "2013-12-11T23:57:17.611Z", 
        "url": "node56.stanford.vicci.org:32780", 
        "enabled": true, 
        "redirects": true, 
        "protocol": "http", 
        "contentProvider": 29
    }
},
{
    "pk": 3542, 
    "model": "hpc.originserver", 
    "fields": {
        "updated": "2013-12-11T23:57:17.619Z", 
        "authenticated": false, 
        "description": "syndicate origin server", 
        "created": "2013-12-11T23:57:17.619Z", 
        "url": "node55.stanford.vicci.org:32780", 
        "enabled": true, 
        "redirects": true, 
        "protocol": "http", 
        "contentProvider": 29
    }
},
{
    "pk": 3543, 
    "model": "hpc.originserver", 
    "fields": {
        "updated": "2013-12-11T23:57:17.628Z", 
        "authenticated": false, 
        "description": "syndicate origin server", 
        "created": "2013-12-11T23:57:17.628Z", 
        "url": "node54.stanford.vicci.org:32780", 
        "enabled": true, 
        "redirects": true, 
        "protocol": "http", 
        "contentProvider": 29
    }
},
{
    "pk": 3544, 
    "model": "hpc.originserver", 
    "fields": {
        "updated": "2013-12-11T23:57:17.636Z", 
        "authenticated": false, 
        "description": "syndicate origin server", 
        "created": "2013-12-11T23:57:17.636Z", 
        "url": "node53.stanford.vicci.org:32780", 
        "enabled": true, 
        "redirects": true, 
        "protocol": "http", 
        "contentProvider": 29
    }
},
{
    "pk": 3545, 
    "model": "hpc.originserver", 
    "fields": {
        "updated": "2013-12-11T23:57:17.644Z", 
        "authenticated": false, 
        "description": "syndicate origin server", 
        "created": "2013-12-11T23:57:17.644Z", 
        "url": "node52.stanford.vicci.org:32780", 
        "enabled": true, 
        "redirects": true, 
        "protocol": "http", 
        "contentProvider": 29
    }
},
{
    "pk": 3546, 
    "model": "hpc.originserver", 
    "fields": {
        "updated": "2013-12-11T23:57:17.653Z", 
        "authenticated": false, 
        "description": "syndicate origin server", 
        "created": "2013-12-11T23:57:17.653Z", 
        "url": "node51.stanford.vicci.org:32780", 
        "enabled": true, 
        "redirects": true, 
        "protocol": "http", 
        "contentProvider": 29
    }
},
{
    "pk": 3547, 
    "model": "hpc.originserver", 
    "fields": {
        "updated": "2013-12-11T23:57:17.661Z", 
        "authenticated": false, 
        "description": "syndicate origin server", 
        "created": "2013-12-11T23:57:17.661Z", 
        "url": "node50.stanford.vicci.org:32780", 
        "enabled": true, 
        "redirects": true, 
        "protocol": "http", 
        "contentProvider": 29
    }
},
{
    "pk": 3548, 
    "model": "hpc.originserver", 
    "fields": {
        "updated": "2013-12-11T23:57:17.669Z", 
        "authenticated": false, 
        "description": "syndicate origin server", 
        "created": "2013-12-11T23:57:17.669Z", 
        "url": "node49.stanford.vicci.org:32780", 
        "enabled": true, 
        "redirects": true, 
        "protocol": "http", 
        "contentProvider": 29
    }
},
{
    "pk": 3549, 
    "model": "hpc.originserver", 
    "fields": {
        "updated": "2013-12-11T23:57:17.677Z", 
        "authenticated": false, 
        "description": "syndicate origin server", 
        "created": "2013-12-11T23:57:17.677Z", 
        "url": "node48.stanford.vicci.org:32780", 
        "enabled": true, 
        "redirects": true, 
        "protocol": "http", 
        "contentProvider": 29
    }
},
{
    "pk": 3550, 
    "model": "hpc.originserver", 
    "fields": {
        "updated": "2013-12-11T23:57:17.686Z", 
        "authenticated": false, 
        "description": "syndicate origin server", 
        "created": "2013-12-11T23:57:17.686Z", 
        "url": "node47.stanford.vicci.org:32780", 
        "enabled": true, 
        "redirects": true, 
        "protocol": "http", 
        "contentProvider": 29
    }
},
{
    "pk": 3551, 
    "model": "hpc.originserver", 
    "fields": {
        "updated": "2013-12-11T23:57:17.694Z", 
        "authenticated": false, 
        "description": "syndicate origin server", 
        "created": "2013-12-11T23:57:17.694Z", 
        "url": "node46.stanford.vicci.org:32780", 
        "enabled": true, 
        "redirects": true, 
        "protocol": "http", 
        "contentProvider": 29
    }
},
{
    "pk": 3552, 
    "model": "hpc.originserver", 
    "fields": {
        "updated": "2013-12-11T23:57:17.702Z", 
        "authenticated": false, 
        "description": "syndicate origin server", 
        "created": "2013-12-11T23:57:17.702Z", 
        "url": "node45.stanford.vicci.org:32780", 
        "enabled": true, 
        "redirects": true, 
        "protocol": "http", 
        "contentProvider": 29
    }
},
{
    "pk": 3553, 
    "model": "hpc.originserver", 
    "fields": {
        "updated": "2013-12-11T23:57:17.711Z", 
        "authenticated": false, 
        "description": "syndicate origin server", 
        "created": "2013-12-11T23:57:17.711Z", 
        "url": "node44.stanford.vicci.org:32780", 
        "enabled": true, 
        "redirects": true, 
        "protocol": "http", 
        "contentProvider": 29
    }
},
{
    "pk": 3554, 
    "model": "hpc.originserver", 
    "fields": {
        "updated": "2013-12-11T23:57:17.719Z", 
        "authenticated": false, 
        "description": "syndicate origin server", 
        "created": "2013-12-11T23:57:17.719Z", 
        "url": "node43.stanford.vicci.org:32780", 
        "enabled": true, 
        "redirects": true, 
        "protocol": "http", 
        "contentProvider": 29
    }
},
{
    "pk": 3555, 
    "model": "hpc.originserver", 
    "fields": {
        "updated": "2013-12-11T23:57:17.727Z", 
        "authenticated": false, 
        "description": "syndicate origin server", 
        "created": "2013-12-11T23:57:17.727Z", 
        "url": "node42.stanford.vicci.org:32780", 
        "enabled": true, 
        "redirects": true, 
        "protocol": "http", 
        "contentProvider": 29
    }
},
{
    "pk": 3556, 
    "model": "hpc.originserver", 
    "fields": {
        "updated": "2013-12-11T23:57:17.735Z", 
        "authenticated": false, 
        "description": "syndicate origin server", 
        "created": "2013-12-11T23:57:17.735Z", 
        "url": "node41.stanford.vicci.org:32780", 
        "enabled": true, 
        "redirects": true, 
        "protocol": "http", 
        "contentProvider": 29
    }
},
{
    "pk": 3557, 
    "model": "hpc.originserver", 
    "fields": {
        "updated": "2013-12-11T23:57:17.744Z", 
        "authenticated": false, 
        "description": "syndicate origin server", 
        "created": "2013-12-11T23:57:17.744Z", 
        "url": "node40.stanford.vicci.org:32780", 
        "enabled": true, 
        "redirects": true, 
        "protocol": "http", 
        "contentProvider": 29
    }
},
{
    "pk": 3558, 
    "model": "hpc.originserver", 
    "fields": {
        "updated": "2013-12-11T23:57:17.752Z", 
        "authenticated": false, 
        "description": "syndicate origin server", 
        "created": "2013-12-11T23:57:17.752Z", 
        "url": "node39.stanford.vicci.org:32780", 
        "enabled": true, 
        "redirects": true, 
        "protocol": "http", 
        "contentProvider": 29
    }
},
{
    "pk": 3559, 
    "model": "hpc.originserver", 
    "fields": {
        "updated": "2013-12-11T23:57:17.760Z", 
        "authenticated": false, 
        "description": "syndicate origin server", 
        "created": "2013-12-11T23:57:17.760Z", 
        "url": "node38.stanford.vicci.org:32780", 
        "enabled": true, 
        "redirects": true, 
        "protocol": "http", 
        "contentProvider": 29
    }
},
{
    "pk": 3560, 
    "model": "hpc.originserver", 
    "fields": {
        "updated": "2013-12-11T23:57:17.768Z", 
        "authenticated": false, 
        "description": "syndicate origin server", 
        "created": "2013-12-11T23:57:17.768Z", 
        "url": "node37.stanford.vicci.org:32780", 
        "enabled": true, 
        "redirects": true, 
        "protocol": "http", 
        "contentProvider": 29
    }
},
{
    "pk": 3561, 
    "model": "hpc.originserver", 
    "fields": {
        "updated": "2013-12-11T23:57:17.777Z", 
        "authenticated": false, 
        "description": "syndicate origin server", 
        "created": "2013-12-11T23:57:17.777Z", 
        "url": "node36.stanford.vicci.org:32780", 
        "enabled": true, 
        "redirects": true, 
        "protocol": "http", 
        "contentProvider": 29
    }
},
{
    "pk": 3562, 
    "model": "hpc.originserver", 
    "fields": {
        "updated": "2013-12-11T23:57:17.785Z", 
        "authenticated": false, 
        "description": "syndicate origin server", 
        "created": "2013-12-11T23:57:17.785Z", 
        "url": "node35.stanford.vicci.org:32780", 
        "enabled": true, 
        "redirects": true, 
        "protocol": "http", 
        "contentProvider": 29
    }
},
{
    "pk": 3563, 
    "model": "hpc.originserver", 
    "fields": {
        "updated": "2013-12-11T23:57:17.793Z", 
        "authenticated": false, 
        "description": "syndicate origin server", 
        "created": "2013-12-11T23:57:17.793Z", 
        "url": "node34.stanford.vicci.org:32780", 
        "enabled": true, 
        "redirects": true, 
        "protocol": "http", 
        "contentProvider": 29
    }
},
{
    "pk": 3564, 
    "model": "hpc.originserver", 
    "fields": {
        "updated": "2013-12-11T23:57:17.802Z", 
        "authenticated": false, 
        "description": "syndicate origin server", 
        "created": "2013-12-11T23:57:17.802Z", 
        "url": "node33.stanford.vicci.org:32780", 
        "enabled": true, 
        "redirects": true, 
        "protocol": "http", 
        "contentProvider": 29
    }
},
{
    "pk": 3565, 
    "model": "hpc.originserver", 
    "fields": {
        "updated": "2013-12-11T23:57:17.810Z", 
        "authenticated": false, 
        "description": "syndicate origin server", 
        "created": "2013-12-11T23:57:17.810Z", 
        "url": "node32.stanford.vicci.org:32780", 
        "enabled": true, 
        "redirects": true, 
        "protocol": "http", 
        "contentProvider": 29
    }
},
{
    "pk": 3566, 
    "model": "hpc.originserver", 
    "fields": {
        "updated": "2013-12-11T23:57:17.818Z", 
        "authenticated": false, 
        "description": "syndicate origin server", 
        "created": "2013-12-11T23:57:17.818Z", 
        "url": "node31.stanford.vicci.org:32780", 
        "enabled": true, 
        "redirects": true, 
        "protocol": "http", 
        "contentProvider": 29
    }
},
{
    "pk": 3567, 
    "model": "hpc.originserver", 
    "fields": {
        "updated": "2013-12-11T23:57:17.826Z", 
        "authenticated": false, 
        "description": "syndicate origin server", 
        "created": "2013-12-11T23:57:17.826Z", 
        "url": "node30.stanford.vicci.org:32780", 
        "enabled": true, 
        "redirects": true, 
        "protocol": "http", 
        "contentProvider": 29
    }
},
{
    "pk": 3568, 
    "model": "hpc.originserver", 
    "fields": {
        "updated": "2013-12-11T23:57:17.835Z", 
        "authenticated": false, 
        "description": "syndicate origin server", 
        "created": "2013-12-11T23:57:17.835Z", 
        "url": "node29.stanford.vicci.org:32780", 
        "enabled": true, 
        "redirects": true, 
        "protocol": "http", 
        "contentProvider": 29
    }
},
{
    "pk": 3569, 
    "model": "hpc.originserver", 
    "fields": {
        "updated": "2013-12-11T23:57:17.843Z", 
        "authenticated": false, 
        "description": "syndicate origin server", 
        "created": "2013-12-11T23:57:17.843Z", 
        "url": "node28.stanford.vicci.org:32780", 
        "enabled": true, 
        "redirects": true, 
        "protocol": "http", 
        "contentProvider": 29
    }
},
{
    "pk": 3570, 
    "model": "hpc.originserver", 
    "fields": {
        "updated": "2013-12-11T23:57:17.851Z", 
        "authenticated": false, 
        "description": "syndicate origin server", 
        "created": "2013-12-11T23:57:17.851Z", 
        "url": "node27.stanford.vicci.org:32780", 
        "enabled": true, 
        "redirects": true, 
        "protocol": "http", 
        "contentProvider": 29
    }
},
{
    "pk": 3571, 
    "model": "hpc.originserver", 
    "fields": {
        "updated": "2013-12-11T23:57:17.860Z", 
        "authenticated": false, 
        "description": "syndicate origin server", 
        "created": "2013-12-11T23:57:17.860Z", 
        "url": "node26.stanford.vicci.org:32780", 
        "enabled": true, 
        "redirects": true, 
        "protocol": "http", 
        "contentProvider": 29
    }
},
{
    "pk": 3572, 
    "model": "hpc.originserver", 
    "fields": {
        "updated": "2013-12-11T23:57:17.868Z", 
        "authenticated": false, 
        "description": "syndicate origin server", 
        "created": "2013-12-11T23:57:17.868Z", 
        "url": "node25.stanford.vicci.org:32780", 
        "enabled": true, 
        "redirects": true, 
        "protocol": "http", 
        "contentProvider": 29
    }
},
{
    "pk": 3573, 
    "model": "hpc.originserver", 
    "fields": {
        "updated": "2013-12-11T23:57:17.876Z", 
        "authenticated": false, 
        "description": "syndicate origin server", 
        "created": "2013-12-11T23:57:17.876Z", 
        "url": "node24.stanford.vicci.org:32780", 
        "enabled": true, 
        "redirects": true, 
        "protocol": "http", 
        "contentProvider": 29
    }
},
{
    "pk": 3574, 
    "model": "hpc.originserver", 
    "fields": {
        "updated": "2013-12-11T23:57:17.884Z", 
        "authenticated": false, 
        "description": "syndicate origin server", 
        "created": "2013-12-11T23:57:17.884Z", 
        "url": "node23.stanford.vicci.org:32780", 
        "enabled": true, 
        "redirects": true, 
        "protocol": "http", 
        "contentProvider": 29
    }
},
{
    "pk": 3575, 
    "model": "hpc.originserver", 
    "fields": {
        "updated": "2013-12-11T23:57:17.893Z", 
        "authenticated": false, 
        "description": "syndicate origin server", 
        "created": "2013-12-11T23:57:17.893Z", 
        "url": "node22.stanford.vicci.org:32780", 
        "enabled": true, 
        "redirects": true, 
        "protocol": "http", 
        "contentProvider": 29
    }
},
{
    "pk": 3576, 
    "model": "hpc.originserver", 
    "fields": {
        "updated": "2013-12-11T23:57:17.901Z", 
        "authenticated": false, 
        "description": "syndicate origin server", 
        "created": "2013-12-11T23:57:17.901Z", 
        "url": "node21.stanford.vicci.org:32780", 
        "enabled": true, 
        "redirects": true, 
        "protocol": "http", 
        "contentProvider": 29
    }
},
{
    "pk": 3577, 
    "model": "hpc.originserver", 
    "fields": {
        "updated": "2013-12-11T23:57:17.909Z", 
        "authenticated": false, 
        "description": "syndicate origin server", 
        "created": "2013-12-11T23:57:17.909Z", 
        "url": "node20.stanford.vicci.org:32780", 
        "enabled": true, 
        "redirects": true, 
        "protocol": "http", 
        "contentProvider": 29
    }
},
{
    "pk": 3578, 
    "model": "hpc.originserver", 
    "fields": {
        "updated": "2013-12-11T23:57:17.918Z", 
        "authenticated": false, 
        "description": "syndicate origin server", 
        "created": "2013-12-11T23:57:17.918Z", 
        "url": "node19.stanford.vicci.org:32780", 
        "enabled": true, 
        "redirects": true, 
        "protocol": "http", 
        "contentProvider": 29
    }
},
{
    "pk": 3579, 
    "model": "hpc.originserver", 
    "fields": {
        "updated": "2013-12-11T23:57:17.926Z", 
        "authenticated": false, 
        "description": "syndicate origin server", 
        "created": "2013-12-11T23:57:17.926Z", 
        "url": "node18.stanford.vicci.org:32780", 
        "enabled": true, 
        "redirects": true, 
        "protocol": "http", 
        "contentProvider": 29
    }
},
{
    "pk": 3580, 
    "model": "hpc.originserver", 
    "fields": {
        "updated": "2013-12-11T23:57:17.934Z", 
        "authenticated": false, 
        "description": "syndicate origin server", 
        "created": "2013-12-11T23:57:17.934Z", 
        "url": "node17.stanford.vicci.org:32780", 
        "enabled": true, 
        "redirects": true, 
        "protocol": "http", 
        "contentProvider": 29
    }
},
{
    "pk": 3581, 
    "model": "hpc.originserver", 
    "fields": {
        "updated": "2013-12-11T23:57:17.942Z", 
        "authenticated": false, 
        "description": "syndicate origin server", 
        "created": "2013-12-11T23:57:17.942Z", 
        "url": "node16.stanford.vicci.org:32780", 
        "enabled": true, 
        "redirects": true, 
        "protocol": "http", 
        "contentProvider": 29
    }
},
{
    "pk": 3582, 
    "model": "hpc.originserver", 
    "fields": {
        "updated": "2013-12-11T23:57:17.951Z", 
        "authenticated": false, 
        "description": "syndicate origin server", 
        "created": "2013-12-11T23:57:17.951Z", 
        "url": "node15.stanford.vicci.org:32780", 
        "enabled": true, 
        "redirects": true, 
        "protocol": "http", 
        "contentProvider": 29
    }
},
{
    "pk": 3583, 
    "model": "hpc.originserver", 
    "fields": {
        "updated": "2013-12-11T23:57:17.959Z", 
        "authenticated": false, 
        "description": "syndicate origin server", 
        "created": "2013-12-11T23:57:17.959Z", 
        "url": "node14.stanford.vicci.org:32780", 
        "enabled": true, 
        "redirects": true, 
        "protocol": "http", 
        "contentProvider": 29
    }
},
{
    "pk": 3584, 
    "model": "hpc.originserver", 
    "fields": {
        "updated": "2013-12-11T23:57:17.967Z", 
        "authenticated": false, 
        "description": "syndicate origin server", 
        "created": "2013-12-11T23:57:17.967Z", 
        "url": "node13.stanford.vicci.org:32780", 
        "enabled": true, 
        "redirects": true, 
        "protocol": "http", 
        "contentProvider": 29
    }
},
{
    "pk": 3585, 
    "model": "hpc.originserver", 
    "fields": {
        "updated": "2013-12-11T23:57:17.975Z", 
        "authenticated": false, 
        "description": "syndicate origin server", 
        "created": "2013-12-11T23:57:17.975Z", 
        "url": "node12.stanford.vicci.org:32780", 
        "enabled": true, 
        "redirects": true, 
        "protocol": "http", 
        "contentProvider": 29
    }
},
{
    "pk": 3586, 
    "model": "hpc.originserver", 
    "fields": {
        "updated": "2013-12-11T23:57:17.984Z", 
        "authenticated": false, 
        "description": "syndicate origin server", 
        "created": "2013-12-11T23:57:17.984Z", 
        "url": "node11.stanford.vicci.org:32780", 
        "enabled": true, 
        "redirects": true, 
        "protocol": "http", 
        "contentProvider": 29
    }
},
{
    "pk": 3587, 
    "model": "hpc.originserver", 
    "fields": {
        "updated": "2013-12-11T23:57:17.992Z", 
        "authenticated": false, 
        "description": "syndicate origin server", 
        "created": "2013-12-11T23:57:17.992Z", 
        "url": "node10.stanford.vicci.org:32780", 
        "enabled": true, 
        "redirects": true, 
        "protocol": "http", 
        "contentProvider": 29
    }
},
{
    "pk": 3588, 
    "model": "hpc.originserver", 
    "fields": {
        "updated": "2013-12-11T23:57:18Z", 
        "authenticated": false, 
        "description": "syndicate origin server", 
        "created": "2013-12-11T23:57:18Z", 
        "url": "node9.stanford.vicci.org:32780", 
        "enabled": true, 
        "redirects": true, 
        "protocol": "http", 
        "contentProvider": 29
    }
},
{
    "pk": 3589, 
    "model": "hpc.originserver", 
    "fields": {
        "updated": "2013-12-11T23:57:18.009Z", 
        "authenticated": false, 
        "description": "syndicate origin server", 
        "created": "2013-12-11T23:57:18.009Z", 
        "url": "node8.stanford.vicci.org:32780", 
        "enabled": true, 
        "redirects": true, 
        "protocol": "http", 
        "contentProvider": 29
    }
},
{
    "pk": 3590, 
    "model": "hpc.originserver", 
    "fields": {
        "updated": "2013-12-11T23:57:18.017Z", 
        "authenticated": false, 
        "description": "syndicate origin server", 
        "created": "2013-12-11T23:57:18.017Z", 
        "url": "node7.stanford.vicci.org:32780", 
        "enabled": true, 
        "redirects": true, 
        "protocol": "http", 
        "contentProvider": 29
    }
},
{
    "pk": 3591, 
    "model": "hpc.originserver", 
    "fields": {
        "updated": "2013-12-11T23:57:18.025Z", 
        "authenticated": false, 
        "description": "syndicate origin server", 
        "created": "2013-12-11T23:57:18.025Z", 
        "url": "node6.stanford.vicci.org:32780", 
        "enabled": true, 
        "redirects": true, 
        "protocol": "http", 
        "contentProvider": 29
    }
},
{
    "pk": 3592, 
    "model": "hpc.originserver", 
    "fields": {
        "updated": "2013-12-11T23:57:18.034Z", 
        "authenticated": false, 
        "description": "syndicate origin server", 
        "created": "2013-12-11T23:57:18.034Z", 
        "url": "node5.stanford.vicci.org:32780", 
        "enabled": true, 
        "redirects": true, 
        "protocol": "http", 
        "contentProvider": 29
    }
},
{
    "pk": 3593, 
    "model": "hpc.originserver", 
    "fields": {
        "updated": "2013-12-11T23:57:18.042Z", 
        "authenticated": false, 
        "description": "syndicate origin server", 
        "created": "2013-12-11T23:57:18.042Z", 
        "url": "node4.stanford.vicci.org:32780", 
        "enabled": true, 
        "redirects": true, 
        "protocol": "http", 
        "contentProvider": 29
    }
},
{
    "pk": 3594, 
    "model": "hpc.originserver", 
    "fields": {
        "updated": "2013-12-11T23:57:18.050Z", 
        "authenticated": false, 
        "description": "syndicate origin server", 
        "created": "2013-12-11T23:57:18.050Z", 
        "url": "node3.stanford.vicci.org:32780", 
        "enabled": true, 
        "redirects": true, 
        "protocol": "http", 
        "contentProvider": 29
    }
},
{
    "pk": 3595, 
    "model": "hpc.originserver", 
    "fields": {
        "updated": "2013-12-11T23:57:18.058Z", 
        "authenticated": false, 
        "description": "syndicate origin server", 
        "created": "2013-12-11T23:57:18.058Z", 
        "url": "node2.stanford.vicci.org:32780", 
        "enabled": true, 
        "redirects": true, 
        "protocol": "http", 
        "contentProvider": 29
    }
},
{
    "pk": 3596, 
    "model": "hpc.originserver", 
    "fields": {
        "updated": "2013-12-11T23:57:18.067Z", 
        "authenticated": false, 
        "description": "syndicate origin server", 
        "created": "2013-12-11T23:57:18.067Z", 
        "url": "node1.stanford.vicci.org:32780", 
        "enabled": true, 
        "redirects": true, 
        "protocol": "http", 
        "contentProvider": 29
    }
},
{
    "pk": 3597, 
    "model": "hpc.originserver", 
    "fields": {
        "updated": "2013-12-11T23:57:18.084Z", 
        "authenticated": false, 
        "description": "syndicate origin server", 
        "created": "2013-12-11T23:57:18.084Z", 
        "url": "node70.washington.vicci.org:32780", 
        "enabled": true, 
        "redirects": true, 
        "protocol": "http", 
        "contentProvider": 29
    }
},
{
    "pk": 3598, 
    "model": "hpc.originserver", 
    "fields": {
        "updated": "2013-12-11T23:57:18.092Z", 
        "authenticated": false, 
        "description": "syndicate origin server", 
        "created": "2013-12-11T23:57:18.092Z", 
        "url": "node69.washington.vicci.org:32780", 
        "enabled": true, 
        "redirects": true, 
        "protocol": "http", 
        "contentProvider": 29
    }
},
{
    "pk": 3599, 
    "model": "hpc.originserver", 
    "fields": {
        "updated": "2013-12-11T23:57:18.100Z", 
        "authenticated": false, 
        "description": "syndicate origin server", 
        "created": "2013-12-11T23:57:18.100Z", 
        "url": "node68.washington.vicci.org:32780", 
        "enabled": true, 
        "redirects": true, 
        "protocol": "http", 
        "contentProvider": 29
    }
},
{
    "pk": 3600, 
    "model": "hpc.originserver", 
    "fields": {
        "updated": "2013-12-11T23:57:18.108Z", 
        "authenticated": false, 
        "description": "syndicate origin server", 
        "created": "2013-12-11T23:57:18.108Z", 
        "url": "node67.washington.vicci.org:32780", 
        "enabled": true, 
        "redirects": true, 
        "protocol": "http", 
        "contentProvider": 29
    }
},
{
    "pk": 3601, 
    "model": "hpc.originserver", 
    "fields": {
        "updated": "2013-12-11T23:57:18.116Z", 
        "authenticated": false, 
        "description": "syndicate origin server", 
        "created": "2013-12-11T23:57:18.116Z", 
        "url": "node66.washington.vicci.org:32780", 
        "enabled": true, 
        "redirects": true, 
        "protocol": "http", 
        "contentProvider": 29
    }
},
{
    "pk": 3602, 
    "model": "hpc.originserver", 
    "fields": {
        "updated": "2013-12-11T23:57:18.125Z", 
        "authenticated": false, 
        "description": "syndicate origin server", 
        "created": "2013-12-11T23:57:18.125Z", 
        "url": "node65.washington.vicci.org:32780", 
        "enabled": true, 
        "redirects": true, 
        "protocol": "http", 
        "contentProvider": 29
    }
},
{
    "pk": 3603, 
    "model": "hpc.originserver", 
    "fields": {
        "updated": "2013-12-11T23:57:18.133Z", 
        "authenticated": false, 
        "description": "syndicate origin server", 
        "created": "2013-12-11T23:57:18.133Z", 
        "url": "node64.washington.vicci.org:32780", 
        "enabled": true, 
        "redirects": true, 
        "protocol": "http", 
        "contentProvider": 29
    }
},
{
    "pk": 3604, 
    "model": "hpc.originserver", 
    "fields": {
        "updated": "2013-12-11T23:57:18.141Z", 
        "authenticated": false, 
        "description": "syndicate origin server", 
        "created": "2013-12-11T23:57:18.141Z", 
        "url": "node63.washington.vicci.org:32780", 
        "enabled": true, 
        "redirects": true, 
        "protocol": "http", 
        "contentProvider": 29
    }
},
{
    "pk": 3605, 
    "model": "hpc.originserver", 
    "fields": {
        "updated": "2013-12-11T23:57:18.149Z", 
        "authenticated": false, 
        "description": "syndicate origin server", 
        "created": "2013-12-11T23:57:18.149Z", 
        "url": "node62.washington.vicci.org:32780", 
        "enabled": true, 
        "redirects": true, 
        "protocol": "http", 
        "contentProvider": 29
    }
},
{
    "pk": 3606, 
    "model": "hpc.originserver", 
    "fields": {
        "updated": "2013-12-11T23:57:18.158Z", 
        "authenticated": false, 
        "description": "syndicate origin server", 
        "created": "2013-12-11T23:57:18.158Z", 
        "url": "node61.washington.vicci.org:32780", 
        "enabled": true, 
        "redirects": true, 
        "protocol": "http", 
        "contentProvider": 29
    }
},
{
    "pk": 3607, 
    "model": "hpc.originserver", 
    "fields": {
        "updated": "2013-12-11T23:57:18.166Z", 
        "authenticated": false, 
        "description": "syndicate origin server", 
        "created": "2013-12-11T23:57:18.166Z", 
        "url": "node60.washington.vicci.org:32780", 
        "enabled": true, 
        "redirects": true, 
        "protocol": "http", 
        "contentProvider": 29
    }
},
{
    "pk": 3608, 
    "model": "hpc.originserver", 
    "fields": {
        "updated": "2013-12-11T23:57:18.174Z", 
        "authenticated": false, 
        "description": "syndicate origin server", 
        "created": "2013-12-11T23:57:18.174Z", 
        "url": "node59.washington.vicci.org:32780", 
        "enabled": true, 
        "redirects": true, 
        "protocol": "http", 
        "contentProvider": 29
    }
},
{
    "pk": 3609, 
    "model": "hpc.originserver", 
    "fields": {
        "updated": "2013-12-11T23:57:18.183Z", 
        "authenticated": false, 
        "description": "syndicate origin server", 
        "created": "2013-12-11T23:57:18.183Z", 
        "url": "node58.washington.vicci.org:32780", 
        "enabled": true, 
        "redirects": true, 
        "protocol": "http", 
        "contentProvider": 29
    }
},
{
    "pk": 3610, 
    "model": "hpc.originserver", 
    "fields": {
        "updated": "2013-12-11T23:57:18.191Z", 
        "authenticated": false, 
        "description": "syndicate origin server", 
        "created": "2013-12-11T23:57:18.191Z", 
        "url": "node57.washington.vicci.org:32780", 
        "enabled": true, 
        "redirects": true, 
        "protocol": "http", 
        "contentProvider": 29
    }
},
{
    "pk": 3611, 
    "model": "hpc.originserver", 
    "fields": {
        "updated": "2013-12-11T23:57:18.199Z", 
        "authenticated": false, 
        "description": "syndicate origin server", 
        "created": "2013-12-11T23:57:18.199Z", 
        "url": "node56.washington.vicci.org:32780", 
        "enabled": true, 
        "redirects": true, 
        "protocol": "http", 
        "contentProvider": 29
    }
},
{
    "pk": 3612, 
    "model": "hpc.originserver", 
    "fields": {
        "updated": "2013-12-11T23:57:18.208Z", 
        "authenticated": false, 
        "description": "syndicate origin server", 
        "created": "2013-12-11T23:57:18.207Z", 
        "url": "node55.washington.vicci.org:32780", 
        "enabled": true, 
        "redirects": true, 
        "protocol": "http", 
        "contentProvider": 29
    }
},
{
    "pk": 3613, 
    "model": "hpc.originserver", 
    "fields": {
        "updated": "2013-12-11T23:57:18.216Z", 
        "authenticated": false, 
        "description": "syndicate origin server", 
        "created": "2013-12-11T23:57:18.216Z", 
        "url": "node54.washington.vicci.org:32780", 
        "enabled": true, 
        "redirects": true, 
        "protocol": "http", 
        "contentProvider": 29
    }
},
{
    "pk": 3614, 
    "model": "hpc.originserver", 
    "fields": {
        "updated": "2013-12-11T23:57:18.224Z", 
        "authenticated": false, 
        "description": "syndicate origin server", 
        "created": "2013-12-11T23:57:18.224Z", 
        "url": "node53.washington.vicci.org:32780", 
        "enabled": true, 
        "redirects": true, 
        "protocol": "http", 
        "contentProvider": 29
    }
},
{
    "pk": 3615, 
    "model": "hpc.originserver", 
    "fields": {
        "updated": "2013-12-11T23:57:18.238Z", 
        "authenticated": false, 
        "description": "syndicate origin server", 
        "created": "2013-12-11T23:57:18.238Z", 
        "url": "node52.washington.vicci.org:32780", 
        "enabled": true, 
        "redirects": true, 
        "protocol": "http", 
        "contentProvider": 29
    }
},
{
    "pk": 3616, 
    "model": "hpc.originserver", 
    "fields": {
        "updated": "2013-12-11T23:57:18.286Z", 
        "authenticated": false, 
        "description": "syndicate origin server", 
        "created": "2013-12-11T23:57:18.286Z", 
        "url": "node51.washington.vicci.org:32780", 
        "enabled": true, 
        "redirects": true, 
        "protocol": "http", 
        "contentProvider": 29
    }
},
{
    "pk": 3617, 
    "model": "hpc.originserver", 
    "fields": {
        "updated": "2013-12-11T23:57:18.299Z", 
        "authenticated": false, 
        "description": "syndicate origin server", 
        "created": "2013-12-11T23:57:18.298Z", 
        "url": "node50.washington.vicci.org:32780", 
        "enabled": true, 
        "redirects": true, 
        "protocol": "http", 
        "contentProvider": 29
    }
},
{
    "pk": 3618, 
    "model": "hpc.originserver", 
    "fields": {
        "updated": "2013-12-11T23:57:18.307Z", 
        "authenticated": false, 
        "description": "syndicate origin server", 
        "created": "2013-12-11T23:57:18.307Z", 
        "url": "node49.washington.vicci.org:32780", 
        "enabled": true, 
        "redirects": true, 
        "protocol": "http", 
        "contentProvider": 29
    }
},
{
    "pk": 3619, 
    "model": "hpc.originserver", 
    "fields": {
        "updated": "2013-12-11T23:57:18.315Z", 
        "authenticated": false, 
        "description": "syndicate origin server", 
        "created": "2013-12-11T23:57:18.315Z", 
        "url": "node48.washington.vicci.org:32780", 
        "enabled": true, 
        "redirects": true, 
        "protocol": "http", 
        "contentProvider": 29
    }
},
{
    "pk": 3620, 
    "model": "hpc.originserver", 
    "fields": {
        "updated": "2013-12-11T23:57:18.323Z", 
        "authenticated": false, 
        "description": "syndicate origin server", 
        "created": "2013-12-11T23:57:18.323Z", 
        "url": "node47.washington.vicci.org:32780", 
        "enabled": true, 
        "redirects": true, 
        "protocol": "http", 
        "contentProvider": 29
    }
},
{
    "pk": 3621, 
    "model": "hpc.originserver", 
    "fields": {
        "updated": "2013-12-11T23:57:18.332Z", 
        "authenticated": false, 
        "description": "syndicate origin server", 
        "created": "2013-12-11T23:57:18.332Z", 
        "url": "node46.washington.vicci.org:32780", 
        "enabled": true, 
        "redirects": true, 
        "protocol": "http", 
        "contentProvider": 29
    }
},
{
    "pk": 3622, 
    "model": "hpc.originserver", 
    "fields": {
        "updated": "2013-12-11T23:57:18.340Z", 
        "authenticated": false, 
        "description": "syndicate origin server", 
        "created": "2013-12-11T23:57:18.340Z", 
        "url": "node45.washington.vicci.org:32780", 
        "enabled": true, 
        "redirects": true, 
        "protocol": "http", 
        "contentProvider": 29
    }
},
{
    "pk": 3623, 
    "model": "hpc.originserver", 
    "fields": {
        "updated": "2013-12-11T23:57:18.348Z", 
        "authenticated": false, 
        "description": "syndicate origin server", 
        "created": "2013-12-11T23:57:18.348Z", 
        "url": "node44.washington.vicci.org:32780", 
        "enabled": true, 
        "redirects": true, 
        "protocol": "http", 
        "contentProvider": 29
    }
},
{
    "pk": 3624, 
    "model": "hpc.originserver", 
    "fields": {
        "updated": "2013-12-11T23:57:18.357Z", 
        "authenticated": false, 
        "description": "syndicate origin server", 
        "created": "2013-12-11T23:57:18.356Z", 
        "url": "node43.washington.vicci.org:32780", 
        "enabled": true, 
        "redirects": true, 
        "protocol": "http", 
        "contentProvider": 29
    }
},
{
    "pk": 3625, 
    "model": "hpc.originserver", 
    "fields": {
        "updated": "2013-12-11T23:57:18.365Z", 
        "authenticated": false, 
        "description": "syndicate origin server", 
        "created": "2013-12-11T23:57:18.365Z", 
        "url": "node42.washington.vicci.org:32780", 
        "enabled": true, 
        "redirects": true, 
        "protocol": "http", 
        "contentProvider": 29
    }
},
{
    "pk": 3626, 
    "model": "hpc.originserver", 
    "fields": {
        "updated": "2013-12-11T23:57:18.373Z", 
        "authenticated": false, 
        "description": "syndicate origin server", 
        "created": "2013-12-11T23:57:18.373Z", 
        "url": "node41.washington.vicci.org:32780", 
        "enabled": true, 
        "redirects": true, 
        "protocol": "http", 
        "contentProvider": 29
    }
},
{
    "pk": 3627, 
    "model": "hpc.originserver", 
    "fields": {
        "updated": "2013-12-11T23:57:18.381Z", 
        "authenticated": false, 
        "description": "syndicate origin server", 
        "created": "2013-12-11T23:57:18.381Z", 
        "url": "node40.washington.vicci.org:32780", 
        "enabled": true, 
        "redirects": true, 
        "protocol": "http", 
        "contentProvider": 29
    }
},
{
    "pk": 3628, 
    "model": "hpc.originserver", 
    "fields": {
        "updated": "2013-12-11T23:57:18.390Z", 
        "authenticated": false, 
        "description": "syndicate origin server", 
        "created": "2013-12-11T23:57:18.390Z", 
        "url": "node39.washington.vicci.org:32780", 
        "enabled": true, 
        "redirects": true, 
        "protocol": "http", 
        "contentProvider": 29
    }
},
{
    "pk": 3629, 
    "model": "hpc.originserver", 
    "fields": {
        "updated": "2013-12-11T23:57:18.398Z", 
        "authenticated": false, 
        "description": "syndicate origin server", 
        "created": "2013-12-11T23:57:18.398Z", 
        "url": "node38.washington.vicci.org:32780", 
        "enabled": true, 
        "redirects": true, 
        "protocol": "http", 
        "contentProvider": 29
    }
},
{
    "pk": 3630, 
    "model": "hpc.originserver", 
    "fields": {
        "updated": "2013-12-11T23:57:18.406Z", 
        "authenticated": false, 
        "description": "syndicate origin server", 
        "created": "2013-12-11T23:57:18.406Z", 
        "url": "node37.washington.vicci.org:32780", 
        "enabled": true, 
        "redirects": true, 
        "protocol": "http", 
        "contentProvider": 29
    }
},
{
    "pk": 3631, 
    "model": "hpc.originserver", 
    "fields": {
        "updated": "2013-12-11T23:57:18.414Z", 
        "authenticated": false, 
        "description": "syndicate origin server", 
        "created": "2013-12-11T23:57:18.414Z", 
        "url": "node36.washington.vicci.org:32780", 
        "enabled": true, 
        "redirects": true, 
        "protocol": "http", 
        "contentProvider": 29
    }
},
{
    "pk": 3632, 
    "model": "hpc.originserver", 
    "fields": {
        "updated": "2013-12-11T23:57:18.423Z", 
        "authenticated": false, 
        "description": "syndicate origin server", 
        "created": "2013-12-11T23:57:18.423Z", 
        "url": "node35.washington.vicci.org:32780", 
        "enabled": true, 
        "redirects": true, 
        "protocol": "http", 
        "contentProvider": 29
    }
},
{
    "pk": 3633, 
    "model": "hpc.originserver", 
    "fields": {
        "updated": "2013-12-11T23:57:18.431Z", 
        "authenticated": false, 
        "description": "syndicate origin server", 
        "created": "2013-12-11T23:57:18.431Z", 
        "url": "node34.washington.vicci.org:32780", 
        "enabled": true, 
        "redirects": true, 
        "protocol": "http", 
        "contentProvider": 29
    }
},
{
    "pk": 3634, 
    "model": "hpc.originserver", 
    "fields": {
        "updated": "2013-12-11T23:57:18.439Z", 
        "authenticated": false, 
        "description": "syndicate origin server", 
        "created": "2013-12-11T23:57:18.439Z", 
        "url": "node33.washington.vicci.org:32780", 
        "enabled": true, 
        "redirects": true, 
        "protocol": "http", 
        "contentProvider": 29
    }
},
{
    "pk": 3635, 
    "model": "hpc.originserver", 
    "fields": {
        "updated": "2013-12-11T23:57:18.448Z", 
        "authenticated": false, 
        "description": "syndicate origin server", 
        "created": "2013-12-11T23:57:18.448Z", 
        "url": "node32.washington.vicci.org:32780", 
        "enabled": true, 
        "redirects": true, 
        "protocol": "http", 
        "contentProvider": 29
    }
},
{
    "pk": 3636, 
    "model": "hpc.originserver", 
    "fields": {
        "updated": "2013-12-11T23:57:18.456Z", 
        "authenticated": false, 
        "description": "syndicate origin server", 
        "created": "2013-12-11T23:57:18.456Z", 
        "url": "node31.washington.vicci.org:32780", 
        "enabled": true, 
        "redirects": true, 
        "protocol": "http", 
        "contentProvider": 29
    }
},
{
    "pk": 3637, 
    "model": "hpc.originserver", 
    "fields": {
        "updated": "2013-12-11T23:57:18.464Z", 
        "authenticated": false, 
        "description": "syndicate origin server", 
        "created": "2013-12-11T23:57:18.464Z", 
        "url": "node30.washington.vicci.org:32780", 
        "enabled": true, 
        "redirects": true, 
        "protocol": "http", 
        "contentProvider": 29
    }
},
{
    "pk": 3638, 
    "model": "hpc.originserver", 
    "fields": {
        "updated": "2013-12-11T23:57:18.472Z", 
        "authenticated": false, 
        "description": "syndicate origin server", 
        "created": "2013-12-11T23:57:18.472Z", 
        "url": "node29.washington.vicci.org:32780", 
        "enabled": true, 
        "redirects": true, 
        "protocol": "http", 
        "contentProvider": 29
    }
},
{
    "pk": 3639, 
    "model": "hpc.originserver", 
    "fields": {
        "updated": "2013-12-11T23:57:18.481Z", 
        "authenticated": false, 
        "description": "syndicate origin server", 
        "created": "2013-12-11T23:57:18.481Z", 
        "url": "node28.washington.vicci.org:32780", 
        "enabled": true, 
        "redirects": true, 
        "protocol": "http", 
        "contentProvider": 29
    }
},
{
    "pk": 3640, 
    "model": "hpc.originserver", 
    "fields": {
        "updated": "2013-12-11T23:57:18.489Z", 
        "authenticated": false, 
        "description": "syndicate origin server", 
        "created": "2013-12-11T23:57:18.489Z", 
        "url": "node27.washington.vicci.org:32780", 
        "enabled": true, 
        "redirects": true, 
        "protocol": "http", 
        "contentProvider": 29
    }
},
{
    "pk": 3641, 
    "model": "hpc.originserver", 
    "fields": {
        "updated": "2013-12-11T23:57:18.497Z", 
        "authenticated": false, 
        "description": "syndicate origin server", 
        "created": "2013-12-11T23:57:18.497Z", 
        "url": "node26.washington.vicci.org:32780", 
        "enabled": true, 
        "redirects": true, 
        "protocol": "http", 
        "contentProvider": 29
    }
},
{
    "pk": 3642, 
    "model": "hpc.originserver", 
    "fields": {
        "updated": "2013-12-11T23:57:18.506Z", 
        "authenticated": false, 
        "description": "syndicate origin server", 
        "created": "2013-12-11T23:57:18.505Z", 
        "url": "node25.washington.vicci.org:32780", 
        "enabled": true, 
        "redirects": true, 
        "protocol": "http", 
        "contentProvider": 29
    }
},
{
    "pk": 3643, 
    "model": "hpc.originserver", 
    "fields": {
        "updated": "2013-12-11T23:57:18.514Z", 
        "authenticated": false, 
        "description": "syndicate origin server", 
        "created": "2013-12-11T23:57:18.514Z", 
        "url": "node24.washington.vicci.org:32780", 
        "enabled": true, 
        "redirects": true, 
        "protocol": "http", 
        "contentProvider": 29
    }
},
{
    "pk": 3644, 
    "model": "hpc.originserver", 
    "fields": {
        "updated": "2013-12-11T23:57:18.522Z", 
        "authenticated": false, 
        "description": "syndicate origin server", 
        "created": "2013-12-11T23:57:18.522Z", 
        "url": "node23.washington.vicci.org:32780", 
        "enabled": true, 
        "redirects": true, 
        "protocol": "http", 
        "contentProvider": 29
    }
},
{
    "pk": 3645, 
    "model": "hpc.originserver", 
    "fields": {
        "updated": "2013-12-11T23:57:18.530Z", 
        "authenticated": false, 
        "description": "syndicate origin server", 
        "created": "2013-12-11T23:57:18.530Z", 
        "url": "node22.washington.vicci.org:32780", 
        "enabled": true, 
        "redirects": true, 
        "protocol": "http", 
        "contentProvider": 29
    }
},
{
    "pk": 3646, 
    "model": "hpc.originserver", 
    "fields": {
        "updated": "2013-12-11T23:57:18.539Z", 
        "authenticated": false, 
        "description": "syndicate origin server", 
        "created": "2013-12-11T23:57:18.539Z", 
        "url": "node21.washington.vicci.org:32780", 
        "enabled": true, 
        "redirects": true, 
        "protocol": "http", 
        "contentProvider": 29
    }
},
{
    "pk": 3647, 
    "model": "hpc.originserver", 
    "fields": {
        "updated": "2013-12-11T23:57:18.547Z", 
        "authenticated": false, 
        "description": "syndicate origin server", 
        "created": "2013-12-11T23:57:18.547Z", 
        "url": "node20.washington.vicci.org:32780", 
        "enabled": true, 
        "redirects": true, 
        "protocol": "http", 
        "contentProvider": 29
    }
},
{
    "pk": 3648, 
    "model": "hpc.originserver", 
    "fields": {
        "updated": "2013-12-11T23:57:18.555Z", 
        "authenticated": false, 
        "description": "syndicate origin server", 
        "created": "2013-12-11T23:57:18.555Z", 
        "url": "node19.washington.vicci.org:32780", 
        "enabled": true, 
        "redirects": true, 
        "protocol": "http", 
        "contentProvider": 29
    }
},
{
    "pk": 3649, 
    "model": "hpc.originserver", 
    "fields": {
        "updated": "2013-12-11T23:57:18.564Z", 
        "authenticated": false, 
        "description": "syndicate origin server", 
        "created": "2013-12-11T23:57:18.563Z", 
        "url": "node18.washington.vicci.org:32780", 
        "enabled": true, 
        "redirects": true, 
        "protocol": "http", 
        "contentProvider": 29
    }
},
{
    "pk": 3650, 
    "model": "hpc.originserver", 
    "fields": {
        "updated": "2013-12-11T23:57:18.572Z", 
        "authenticated": false, 
        "description": "syndicate origin server", 
        "created": "2013-12-11T23:57:18.572Z", 
        "url": "node17.washington.vicci.org:32780", 
        "enabled": true, 
        "redirects": true, 
        "protocol": "http", 
        "contentProvider": 29
    }
},
{
    "pk": 3651, 
    "model": "hpc.originserver", 
    "fields": {
        "updated": "2013-12-11T23:57:18.580Z", 
        "authenticated": false, 
        "description": "syndicate origin server", 
        "created": "2013-12-11T23:57:18.580Z", 
        "url": "node16.washington.vicci.org:32780", 
        "enabled": true, 
        "redirects": true, 
        "protocol": "http", 
        "contentProvider": 29
    }
},
{
    "pk": 3652, 
    "model": "hpc.originserver", 
    "fields": {
        "updated": "2013-12-11T23:57:18.588Z", 
        "authenticated": false, 
        "description": "syndicate origin server", 
        "created": "2013-12-11T23:57:18.588Z", 
        "url": "node15.washington.vicci.org:32780", 
        "enabled": true, 
        "redirects": true, 
        "protocol": "http", 
        "contentProvider": 29
    }
},
{
    "pk": 3653, 
    "model": "hpc.originserver", 
    "fields": {
        "updated": "2013-12-11T23:57:18.597Z", 
        "authenticated": false, 
        "description": "syndicate origin server", 
        "created": "2013-12-11T23:57:18.597Z", 
        "url": "node14.washington.vicci.org:32780", 
        "enabled": true, 
        "redirects": true, 
        "protocol": "http", 
        "contentProvider": 29
    }
},
{
    "pk": 3654, 
    "model": "hpc.originserver", 
    "fields": {
        "updated": "2013-12-11T23:57:18.605Z", 
        "authenticated": false, 
        "description": "syndicate origin server", 
        "created": "2013-12-11T23:57:18.605Z", 
        "url": "node13.washington.vicci.org:32780", 
        "enabled": true, 
        "redirects": true, 
        "protocol": "http", 
        "contentProvider": 29
    }
},
{
    "pk": 3655, 
    "model": "hpc.originserver", 
    "fields": {
        "updated": "2013-12-11T23:57:18.613Z", 
        "authenticated": false, 
        "description": "syndicate origin server", 
        "created": "2013-12-11T23:57:18.613Z", 
        "url": "node12.washington.vicci.org:32780", 
        "enabled": true, 
        "redirects": true, 
        "protocol": "http", 
        "contentProvider": 29
    }
},
{
    "pk": 3656, 
    "model": "hpc.originserver", 
    "fields": {
        "updated": "2013-12-11T23:57:18.622Z", 
        "authenticated": false, 
        "description": "syndicate origin server", 
        "created": "2013-12-11T23:57:18.622Z", 
        "url": "node11.washington.vicci.org:32780", 
        "enabled": true, 
        "redirects": true, 
        "protocol": "http", 
        "contentProvider": 29
    }
},
{
    "pk": 3657, 
    "model": "hpc.originserver", 
    "fields": {
        "updated": "2013-12-11T23:57:18.630Z", 
        "authenticated": false, 
        "description": "syndicate origin server", 
        "created": "2013-12-11T23:57:18.630Z", 
        "url": "node10.washington.vicci.org:32780", 
        "enabled": true, 
        "redirects": true, 
        "protocol": "http", 
        "contentProvider": 29
    }
},
{
    "pk": 3658, 
    "model": "hpc.originserver", 
    "fields": {
        "updated": "2013-12-11T23:57:18.638Z", 
        "authenticated": false, 
        "description": "syndicate origin server", 
        "created": "2013-12-11T23:57:18.638Z", 
        "url": "node9.washington.vicci.org:32780", 
        "enabled": true, 
        "redirects": true, 
        "protocol": "http", 
        "contentProvider": 29
    }
},
{
    "pk": 3659, 
    "model": "hpc.originserver", 
    "fields": {
        "updated": "2013-12-11T23:57:18.646Z", 
        "authenticated": false, 
        "description": "syndicate origin server", 
        "created": "2013-12-11T23:57:18.646Z", 
        "url": "node8.washington.vicci.org:32780", 
        "enabled": true, 
        "redirects": true, 
        "protocol": "http", 
        "contentProvider": 29
    }
},
{
    "pk": 3660, 
    "model": "hpc.originserver", 
    "fields": {
        "updated": "2013-12-11T23:57:18.655Z", 
        "authenticated": false, 
        "description": "syndicate origin server", 
        "created": "2013-12-11T23:57:18.655Z", 
        "url": "node7.washington.vicci.org:32780", 
        "enabled": true, 
        "redirects": true, 
        "protocol": "http", 
        "contentProvider": 29
    }
},
{
    "pk": 3661, 
    "model": "hpc.originserver", 
    "fields": {
        "updated": "2013-12-11T23:57:18.663Z", 
        "authenticated": false, 
        "description": "syndicate origin server", 
        "created": "2013-12-11T23:57:18.663Z", 
        "url": "node6.washington.vicci.org:32780", 
        "enabled": true, 
        "redirects": true, 
        "protocol": "http", 
        "contentProvider": 29
    }
},
{
    "pk": 3662, 
    "model": "hpc.originserver", 
    "fields": {
        "updated": "2013-12-11T23:57:18.671Z", 
        "authenticated": false, 
        "description": "syndicate origin server", 
        "created": "2013-12-11T23:57:18.671Z", 
        "url": "node5.washington.vicci.org:32780", 
        "enabled": true, 
        "redirects": true, 
        "protocol": "http", 
        "contentProvider": 29
    }
},
{
    "pk": 3663, 
    "model": "hpc.originserver", 
    "fields": {
        "updated": "2013-12-11T23:57:18.680Z", 
        "authenticated": false, 
        "description": "syndicate origin server", 
        "created": "2013-12-11T23:57:18.680Z", 
        "url": "node4.washington.vicci.org:32780", 
        "enabled": true, 
        "redirects": true, 
        "protocol": "http", 
        "contentProvider": 29
    }
},
{
    "pk": 3664, 
    "model": "hpc.originserver", 
    "fields": {
        "updated": "2013-12-11T23:57:18.688Z", 
        "authenticated": false, 
        "description": "syndicate origin server", 
        "created": "2013-12-11T23:57:18.688Z", 
        "url": "node3.washington.vicci.org:32780", 
        "enabled": true, 
        "redirects": true, 
        "protocol": "http", 
        "contentProvider": 29
    }
},
{
    "pk": 3665, 
    "model": "hpc.originserver", 
    "fields": {
        "updated": "2013-12-11T23:57:18.696Z", 
        "authenticated": false, 
        "description": "syndicate origin server", 
        "created": "2013-12-11T23:57:18.696Z", 
        "url": "node2.washington.vicci.org:32780", 
        "enabled": true, 
        "redirects": true, 
        "protocol": "http", 
        "contentProvider": 29
    }
},
{
    "pk": 3666, 
    "model": "hpc.originserver", 
    "fields": {
        "updated": "2013-12-11T23:57:18.704Z", 
        "authenticated": false, 
        "description": "syndicate origin server", 
        "created": "2013-12-11T23:57:18.704Z", 
        "url": "node1.washington.vicci.org:32780", 
        "enabled": true, 
        "redirects": true, 
        "protocol": "http", 
        "contentProvider": 29
    }
},
{
    "pk": 3667, 
    "model": "hpc.originserver", 
    "fields": {
        "updated": "2013-12-11T23:57:18.722Z", 
        "authenticated": false, 
        "description": "syndicate origin server", 
        "created": "2013-12-11T23:57:18.722Z", 
        "url": "node70.princeton.vicci.org:32780", 
        "enabled": true, 
        "redirects": true, 
        "protocol": "http", 
        "contentProvider": 29
    }
},
{
    "pk": 3668, 
    "model": "hpc.originserver", 
    "fields": {
        "updated": "2013-12-11T23:57:18.729Z", 
        "authenticated": false, 
        "description": "syndicate origin server", 
        "created": "2013-12-11T23:57:18.729Z", 
        "url": "node69.princeton.vicci.org:32780", 
        "enabled": true, 
        "redirects": true, 
        "protocol": "http", 
        "contentProvider": 29
    }
},
{
    "pk": 3669, 
    "model": "hpc.originserver", 
    "fields": {
        "updated": "2013-12-11T23:57:18.738Z", 
        "authenticated": false, 
        "description": "syndicate origin server", 
        "created": "2013-12-11T23:57:18.737Z", 
        "url": "node68.princeton.vicci.org:32780", 
        "enabled": true, 
        "redirects": true, 
        "protocol": "http", 
        "contentProvider": 29
    }
},
{
    "pk": 3670, 
    "model": "hpc.originserver", 
    "fields": {
        "updated": "2013-12-11T23:57:18.746Z", 
        "authenticated": false, 
        "description": "syndicate origin server", 
        "created": "2013-12-11T23:57:18.746Z", 
        "url": "node67.princeton.vicci.org:32780", 
        "enabled": true, 
        "redirects": true, 
        "protocol": "http", 
        "contentProvider": 29
    }
},
{
    "pk": 3671, 
    "model": "hpc.originserver", 
    "fields": {
        "updated": "2013-12-11T23:57:18.754Z", 
        "authenticated": false, 
        "description": "syndicate origin server", 
        "created": "2013-12-11T23:57:18.754Z", 
        "url": "node66.princeton.vicci.org:32780", 
        "enabled": true, 
        "redirects": true, 
        "protocol": "http", 
        "contentProvider": 29
    }
},
{
    "pk": 3672, 
    "model": "hpc.originserver", 
    "fields": {
        "updated": "2013-12-11T23:57:18.762Z", 
        "authenticated": false, 
        "description": "syndicate origin server", 
        "created": "2013-12-11T23:57:18.762Z", 
        "url": "node65.princeton.vicci.org:32780", 
        "enabled": true, 
        "redirects": true, 
        "protocol": "http", 
        "contentProvider": 29
    }
},
{
    "pk": 3673, 
    "model": "hpc.originserver", 
    "fields": {
        "updated": "2013-12-11T23:57:18.771Z", 
        "authenticated": false, 
        "description": "syndicate origin server", 
        "created": "2013-12-11T23:57:18.771Z", 
        "url": "node64.princeton.vicci.org:32780", 
        "enabled": true, 
        "redirects": true, 
        "protocol": "http", 
        "contentProvider": 29
    }
},
{
    "pk": 3674, 
    "model": "hpc.originserver", 
    "fields": {
        "updated": "2013-12-11T23:57:18.779Z", 
        "authenticated": false, 
        "description": "syndicate origin server", 
        "created": "2013-12-11T23:57:18.779Z", 
        "url": "node63.princeton.vicci.org:32780", 
        "enabled": true, 
        "redirects": true, 
        "protocol": "http", 
        "contentProvider": 29
    }
},
{
    "pk": 3675, 
    "model": "hpc.originserver", 
    "fields": {
        "updated": "2013-12-11T23:57:18.787Z", 
        "authenticated": false, 
        "description": "syndicate origin server", 
        "created": "2013-12-11T23:57:18.787Z", 
        "url": "node62.princeton.vicci.org:32780", 
        "enabled": true, 
        "redirects": true, 
        "protocol": "http", 
        "contentProvider": 29
    }
},
{
    "pk": 3676, 
    "model": "hpc.originserver", 
    "fields": {
        "updated": "2013-12-11T23:57:18.795Z", 
        "authenticated": false, 
        "description": "syndicate origin server", 
        "created": "2013-12-11T23:57:18.795Z", 
        "url": "node61.princeton.vicci.org:32780", 
        "enabled": true, 
        "redirects": true, 
        "protocol": "http", 
        "contentProvider": 29
    }
},
{
    "pk": 3677, 
    "model": "hpc.originserver", 
    "fields": {
        "updated": "2013-12-11T23:57:18.804Z", 
        "authenticated": false, 
        "description": "syndicate origin server", 
        "created": "2013-12-11T23:57:18.804Z", 
        "url": "node60.princeton.vicci.org:32780", 
        "enabled": true, 
        "redirects": true, 
        "protocol": "http", 
        "contentProvider": 29
    }
},
{
    "pk": 3678, 
    "model": "hpc.originserver", 
    "fields": {
        "updated": "2013-12-11T23:57:18.812Z", 
        "authenticated": false, 
        "description": "syndicate origin server", 
        "created": "2013-12-11T23:57:18.812Z", 
        "url": "node59.princeton.vicci.org:32780", 
        "enabled": true, 
        "redirects": true, 
        "protocol": "http", 
        "contentProvider": 29
    }
},
{
    "pk": 3679, 
    "model": "hpc.originserver", 
    "fields": {
        "updated": "2013-12-11T23:57:18.820Z", 
        "authenticated": false, 
        "description": "syndicate origin server", 
        "created": "2013-12-11T23:57:18.820Z", 
        "url": "node58.princeton.vicci.org:32780", 
        "enabled": true, 
        "redirects": true, 
        "protocol": "http", 
        "contentProvider": 29
    }
},
{
    "pk": 3680, 
    "model": "hpc.originserver", 
    "fields": {
        "updated": "2013-12-11T23:57:18.829Z", 
        "authenticated": false, 
        "description": "syndicate origin server", 
        "created": "2013-12-11T23:57:18.829Z", 
        "url": "node57.princeton.vicci.org:32780", 
        "enabled": true, 
        "redirects": true, 
        "protocol": "http", 
        "contentProvider": 29
    }
},
{
    "pk": 3681, 
    "model": "hpc.originserver", 
    "fields": {
        "updated": "2013-12-11T23:57:18.837Z", 
        "authenticated": false, 
        "description": "syndicate origin server", 
        "created": "2013-12-11T23:57:18.837Z", 
        "url": "node56.princeton.vicci.org:32780", 
        "enabled": true, 
        "redirects": true, 
        "protocol": "http", 
        "contentProvider": 29
    }
},
{
    "pk": 3682, 
    "model": "hpc.originserver", 
    "fields": {
        "updated": "2013-12-11T23:57:18.845Z", 
        "authenticated": false, 
        "description": "syndicate origin server", 
        "created": "2013-12-11T23:57:18.845Z", 
        "url": "node55.princeton.vicci.org:32780", 
        "enabled": true, 
        "redirects": true, 
        "protocol": "http", 
        "contentProvider": 29
    }
},
{
    "pk": 3683, 
    "model": "hpc.originserver", 
    "fields": {
        "updated": "2013-12-11T23:57:18.853Z", 
        "authenticated": false, 
        "description": "syndicate origin server", 
        "created": "2013-12-11T23:57:18.853Z", 
        "url": "node54.princeton.vicci.org:32780", 
        "enabled": true, 
        "redirects": true, 
        "protocol": "http", 
        "contentProvider": 29
    }
},
{
    "pk": 3684, 
    "model": "hpc.originserver", 
    "fields": {
        "updated": "2013-12-11T23:57:18.862Z", 
        "authenticated": false, 
        "description": "syndicate origin server", 
        "created": "2013-12-11T23:57:18.862Z", 
        "url": "node53.princeton.vicci.org:32780", 
        "enabled": true, 
        "redirects": true, 
        "protocol": "http", 
        "contentProvider": 29
    }
},
{
    "pk": 3685, 
    "model": "hpc.originserver", 
    "fields": {
        "updated": "2013-12-11T23:57:18.870Z", 
        "authenticated": false, 
        "description": "syndicate origin server", 
        "created": "2013-12-11T23:57:18.870Z", 
        "url": "node52.princeton.vicci.org:32780", 
        "enabled": true, 
        "redirects": true, 
        "protocol": "http", 
        "contentProvider": 29
    }
},
{
    "pk": 3686, 
    "model": "hpc.originserver", 
    "fields": {
        "updated": "2013-12-11T23:57:18.878Z", 
        "authenticated": false, 
        "description": "syndicate origin server", 
        "created": "2013-12-11T23:57:18.878Z", 
        "url": "node51.princeton.vicci.org:32780", 
        "enabled": true, 
        "redirects": true, 
        "protocol": "http", 
        "contentProvider": 29
    }
},
{
    "pk": 3687, 
    "model": "hpc.originserver", 
    "fields": {
        "updated": "2013-12-11T23:57:18.887Z", 
        "authenticated": false, 
        "description": "syndicate origin server", 
        "created": "2013-12-11T23:57:18.887Z", 
        "url": "node50.princeton.vicci.org:32780", 
        "enabled": true, 
        "redirects": true, 
        "protocol": "http", 
        "contentProvider": 29
    }
},
{
    "pk": 3688, 
    "model": "hpc.originserver", 
    "fields": {
        "updated": "2013-12-11T23:57:18.895Z", 
        "authenticated": false, 
        "description": "syndicate origin server", 
        "created": "2013-12-11T23:57:18.895Z", 
        "url": "node49.princeton.vicci.org:32780", 
        "enabled": true, 
        "redirects": true, 
        "protocol": "http", 
        "contentProvider": 29
    }
},
{
    "pk": 3689, 
    "model": "hpc.originserver", 
    "fields": {
        "updated": "2013-12-11T23:57:18.903Z", 
        "authenticated": false, 
        "description": "syndicate origin server", 
        "created": "2013-12-11T23:57:18.903Z", 
        "url": "node48.princeton.vicci.org:32780", 
        "enabled": true, 
        "redirects": true, 
        "protocol": "http", 
        "contentProvider": 29
    }
},
{
    "pk": 3690, 
    "model": "hpc.originserver", 
    "fields": {
        "updated": "2013-12-11T23:57:18.911Z", 
        "authenticated": false, 
        "description": "syndicate origin server", 
        "created": "2013-12-11T23:57:18.911Z", 
        "url": "node47.princeton.vicci.org:32780", 
        "enabled": true, 
        "redirects": true, 
        "protocol": "http", 
        "contentProvider": 29
    }
},
{
    "pk": 3691, 
    "model": "hpc.originserver", 
    "fields": {
        "updated": "2013-12-11T23:57:18.920Z", 
        "authenticated": false, 
        "description": "syndicate origin server", 
        "created": "2013-12-11T23:57:18.920Z", 
        "url": "node46.princeton.vicci.org:32780", 
        "enabled": true, 
        "redirects": true, 
        "protocol": "http", 
        "contentProvider": 29
    }
},
{
    "pk": 3692, 
    "model": "hpc.originserver", 
    "fields": {
        "updated": "2013-12-11T23:57:18.928Z", 
        "authenticated": false, 
        "description": "syndicate origin server", 
        "created": "2013-12-11T23:57:18.928Z", 
        "url": "node45.princeton.vicci.org:32780", 
        "enabled": true, 
        "redirects": true, 
        "protocol": "http", 
        "contentProvider": 29
    }
},
{
    "pk": 3693, 
    "model": "hpc.originserver", 
    "fields": {
        "updated": "2013-12-11T23:57:18.936Z", 
        "authenticated": false, 
        "description": "syndicate origin server", 
        "created": "2013-12-11T23:57:18.936Z", 
        "url": "node44.princeton.vicci.org:32780", 
        "enabled": true, 
        "redirects": true, 
        "protocol": "http", 
        "contentProvider": 29
    }
},
{
    "pk": 3694, 
    "model": "hpc.originserver", 
    "fields": {
        "updated": "2013-12-11T23:57:18.944Z", 
        "authenticated": false, 
        "description": "syndicate origin server", 
        "created": "2013-12-11T23:57:18.944Z", 
        "url": "node43.princeton.vicci.org:32780", 
        "enabled": true, 
        "redirects": true, 
        "protocol": "http", 
        "contentProvider": 29
    }
},
{
    "pk": 3695, 
    "model": "hpc.originserver", 
    "fields": {
        "updated": "2013-12-11T23:57:18.953Z", 
        "authenticated": false, 
        "description": "syndicate origin server", 
        "created": "2013-12-11T23:57:18.953Z", 
        "url": "node42.princeton.vicci.org:32780", 
        "enabled": true, 
        "redirects": true, 
        "protocol": "http", 
        "contentProvider": 29
    }
},
{
    "pk": 3696, 
    "model": "hpc.originserver", 
    "fields": {
        "updated": "2013-12-11T23:57:18.961Z", 
        "authenticated": false, 
        "description": "syndicate origin server", 
        "created": "2013-12-11T23:57:18.961Z", 
        "url": "node41.princeton.vicci.org:32780", 
        "enabled": true, 
        "redirects": true, 
        "protocol": "http", 
        "contentProvider": 29
    }
},
{
    "pk": 3697, 
    "model": "hpc.originserver", 
    "fields": {
        "updated": "2013-12-11T23:57:18.969Z", 
        "authenticated": false, 
        "description": "syndicate origin server", 
        "created": "2013-12-11T23:57:18.969Z", 
        "url": "node40.princeton.vicci.org:32780", 
        "enabled": true, 
        "redirects": true, 
        "protocol": "http", 
        "contentProvider": 29
    }
},
{
    "pk": 3698, 
    "model": "hpc.originserver", 
    "fields": {
        "updated": "2013-12-11T23:57:18.978Z", 
        "authenticated": false, 
        "description": "syndicate origin server", 
        "created": "2013-12-11T23:57:18.978Z", 
        "url": "node39.princeton.vicci.org:32780", 
        "enabled": true, 
        "redirects": true, 
        "protocol": "http", 
        "contentProvider": 29
    }
},
{
    "pk": 3699, 
    "model": "hpc.originserver", 
    "fields": {
        "updated": "2013-12-11T23:57:18.986Z", 
        "authenticated": false, 
        "description": "syndicate origin server", 
        "created": "2013-12-11T23:57:18.986Z", 
        "url": "node38.princeton.vicci.org:32780", 
        "enabled": true, 
        "redirects": true, 
        "protocol": "http", 
        "contentProvider": 29
    }
},
{
    "pk": 3700, 
    "model": "hpc.originserver", 
    "fields": {
        "updated": "2013-12-11T23:57:18.994Z", 
        "authenticated": false, 
        "description": "syndicate origin server", 
        "created": "2013-12-11T23:57:18.994Z", 
        "url": "node37.princeton.vicci.org:32780", 
        "enabled": true, 
        "redirects": true, 
        "protocol": "http", 
        "contentProvider": 29
    }
},
{
    "pk": 3701, 
    "model": "hpc.originserver", 
    "fields": {
        "updated": "2013-12-11T23:57:19.002Z", 
        "authenticated": false, 
        "description": "syndicate origin server", 
        "created": "2013-12-11T23:57:19.002Z", 
        "url": "node36.princeton.vicci.org:32780", 
        "enabled": true, 
        "redirects": true, 
        "protocol": "http", 
        "contentProvider": 29
    }
},
{
    "pk": 3702, 
    "model": "hpc.originserver", 
    "fields": {
        "updated": "2013-12-11T23:57:19.011Z", 
        "authenticated": false, 
        "description": "syndicate origin server", 
        "created": "2013-12-11T23:57:19.011Z", 
        "url": "node35.princeton.vicci.org:32780", 
        "enabled": true, 
        "redirects": true, 
        "protocol": "http", 
        "contentProvider": 29
    }
},
{
    "pk": 3703, 
    "model": "hpc.originserver", 
    "fields": {
        "updated": "2013-12-11T23:57:19.019Z", 
        "authenticated": false, 
        "description": "syndicate origin server", 
        "created": "2013-12-11T23:57:19.019Z", 
        "url": "node34.princeton.vicci.org:32780", 
        "enabled": true, 
        "redirects": true, 
        "protocol": "http", 
        "contentProvider": 29
    }
},
{
    "pk": 3704, 
    "model": "hpc.originserver", 
    "fields": {
        "updated": "2013-12-11T23:57:19.027Z", 
        "authenticated": false, 
        "description": "syndicate origin server", 
        "created": "2013-12-11T23:57:19.027Z", 
        "url": "node33.princeton.vicci.org:32780", 
        "enabled": true, 
        "redirects": true, 
        "protocol": "http", 
        "contentProvider": 29
    }
},
{
    "pk": 3705, 
    "model": "hpc.originserver", 
    "fields": {
        "updated": "2013-12-11T23:57:19.036Z", 
        "authenticated": false, 
        "description": "syndicate origin server", 
        "created": "2013-12-11T23:57:19.036Z", 
        "url": "node32.princeton.vicci.org:32780", 
        "enabled": true, 
        "redirects": true, 
        "protocol": "http", 
        "contentProvider": 29
    }
},
{
    "pk": 3706, 
    "model": "hpc.originserver", 
    "fields": {
        "updated": "2013-12-11T23:57:19.044Z", 
        "authenticated": false, 
        "description": "syndicate origin server", 
        "created": "2013-12-11T23:57:19.044Z", 
        "url": "node31.princeton.vicci.org:32780", 
        "enabled": true, 
        "redirects": true, 
        "protocol": "http", 
        "contentProvider": 29
    }
},
{
    "pk": 3707, 
    "model": "hpc.originserver", 
    "fields": {
        "updated": "2013-12-11T23:57:19.052Z", 
        "authenticated": false, 
        "description": "syndicate origin server", 
        "created": "2013-12-11T23:57:19.052Z", 
        "url": "node30.princeton.vicci.org:32780", 
        "enabled": true, 
        "redirects": true, 
        "protocol": "http", 
        "contentProvider": 29
    }
},
{
    "pk": 3708, 
    "model": "hpc.originserver", 
    "fields": {
        "updated": "2013-12-11T23:57:19.060Z", 
        "authenticated": false, 
        "description": "syndicate origin server", 
        "created": "2013-12-11T23:57:19.060Z", 
        "url": "node29.princeton.vicci.org:32780", 
        "enabled": true, 
        "redirects": true, 
        "protocol": "http", 
        "contentProvider": 29
    }
},
{
    "pk": 3709, 
    "model": "hpc.originserver", 
    "fields": {
        "updated": "2013-12-11T23:57:19.069Z", 
        "authenticated": false, 
        "description": "syndicate origin server", 
        "created": "2013-12-11T23:57:19.069Z", 
        "url": "node28.princeton.vicci.org:32780", 
        "enabled": true, 
        "redirects": true, 
        "protocol": "http", 
        "contentProvider": 29
    }
},
{
    "pk": 3710, 
    "model": "hpc.originserver", 
    "fields": {
        "updated": "2013-12-11T23:57:19.077Z", 
        "authenticated": false, 
        "description": "syndicate origin server", 
        "created": "2013-12-11T23:57:19.077Z", 
        "url": "node27.princeton.vicci.org:32780", 
        "enabled": true, 
        "redirects": true, 
        "protocol": "http", 
        "contentProvider": 29
    }
},
{
    "pk": 3711, 
    "model": "hpc.originserver", 
    "fields": {
        "updated": "2013-12-11T23:57:19.086Z", 
        "authenticated": false, 
        "description": "syndicate origin server", 
        "created": "2013-12-11T23:57:19.085Z", 
        "url": "node26.princeton.vicci.org:32780", 
        "enabled": true, 
        "redirects": true, 
        "protocol": "http", 
        "contentProvider": 29
    }
},
{
    "pk": 3712, 
    "model": "hpc.originserver", 
    "fields": {
        "updated": "2013-12-11T23:57:19.094Z", 
        "authenticated": false, 
        "description": "syndicate origin server", 
        "created": "2013-12-11T23:57:19.094Z", 
        "url": "node25.princeton.vicci.org:32780", 
        "enabled": true, 
        "redirects": true, 
        "protocol": "http", 
        "contentProvider": 29
    }
},
{
    "pk": 3713, 
    "model": "hpc.originserver", 
    "fields": {
        "updated": "2013-12-11T23:57:19.102Z", 
        "authenticated": false, 
        "description": "syndicate origin server", 
        "created": "2013-12-11T23:57:19.102Z", 
        "url": "node24.princeton.vicci.org:32780", 
        "enabled": true, 
        "redirects": true, 
        "protocol": "http", 
        "contentProvider": 29
    }
},
{
    "pk": 3714, 
    "model": "hpc.originserver", 
    "fields": {
        "updated": "2013-12-11T23:57:19.110Z", 
        "authenticated": false, 
        "description": "syndicate origin server", 
        "created": "2013-12-11T23:57:19.110Z", 
        "url": "node23.princeton.vicci.org:32780", 
        "enabled": true, 
        "redirects": true, 
        "protocol": "http", 
        "contentProvider": 29
    }
},
{
    "pk": 3715, 
    "model": "hpc.originserver", 
    "fields": {
        "updated": "2013-12-11T23:57:19.118Z", 
        "authenticated": false, 
        "description": "syndicate origin server", 
        "created": "2013-12-11T23:57:19.118Z", 
        "url": "node22.princeton.vicci.org:32780", 
        "enabled": true, 
        "redirects": true, 
        "protocol": "http", 
        "contentProvider": 29
    }
},
{
    "pk": 3716, 
    "model": "hpc.originserver", 
    "fields": {
        "updated": "2013-12-11T23:57:19.127Z", 
        "authenticated": false, 
        "description": "syndicate origin server", 
        "created": "2013-12-11T23:57:19.127Z", 
        "url": "node21.princeton.vicci.org:32780", 
        "enabled": true, 
        "redirects": true, 
        "protocol": "http", 
        "contentProvider": 29
    }
},
{
    "pk": 3717, 
    "model": "hpc.originserver", 
    "fields": {
        "updated": "2013-12-11T23:57:19.135Z", 
        "authenticated": false, 
        "description": "syndicate origin server", 
        "created": "2013-12-11T23:57:19.135Z", 
        "url": "node20.princeton.vicci.org:32780", 
        "enabled": true, 
        "redirects": true, 
        "protocol": "http", 
        "contentProvider": 29
    }
},
{
    "pk": 3718, 
    "model": "hpc.originserver", 
    "fields": {
        "updated": "2013-12-11T23:57:19.143Z", 
        "authenticated": false, 
        "description": "syndicate origin server", 
        "created": "2013-12-11T23:57:19.143Z", 
        "url": "node19.princeton.vicci.org:32780", 
        "enabled": true, 
        "redirects": true, 
        "protocol": "http", 
        "contentProvider": 29
    }
},
{
    "pk": 3719, 
    "model": "hpc.originserver", 
    "fields": {
        "updated": "2013-12-11T23:57:19.152Z", 
        "authenticated": false, 
        "description": "syndicate origin server", 
        "created": "2013-12-11T23:57:19.152Z", 
        "url": "node18.princeton.vicci.org:32780", 
        "enabled": true, 
        "redirects": true, 
        "protocol": "http", 
        "contentProvider": 29
    }
},
{
    "pk": 3720, 
    "model": "hpc.originserver", 
    "fields": {
        "updated": "2013-12-11T23:57:19.160Z", 
        "authenticated": false, 
        "description": "syndicate origin server", 
        "created": "2013-12-11T23:57:19.160Z", 
        "url": "node17.princeton.vicci.org:32780", 
        "enabled": true, 
        "redirects": true, 
        "protocol": "http", 
        "contentProvider": 29
    }
},
{
    "pk": 3721, 
    "model": "hpc.originserver", 
    "fields": {
        "updated": "2013-12-11T23:57:19.168Z", 
        "authenticated": false, 
        "description": "syndicate origin server", 
        "created": "2013-12-11T23:57:19.168Z", 
        "url": "node16.princeton.vicci.org:32780", 
        "enabled": true, 
        "redirects": true, 
        "protocol": "http", 
        "contentProvider": 29
    }
},
{
    "pk": 3722, 
    "model": "hpc.originserver", 
    "fields": {
        "updated": "2013-12-11T23:57:19.176Z", 
        "authenticated": false, 
        "description": "syndicate origin server", 
        "created": "2013-12-11T23:57:19.176Z", 
        "url": "node15.princeton.vicci.org:32780", 
        "enabled": true, 
        "redirects": true, 
        "protocol": "http", 
        "contentProvider": 29
    }
},
{
    "pk": 3723, 
    "model": "hpc.originserver", 
    "fields": {
        "updated": "2013-12-11T23:57:19.185Z", 
        "authenticated": false, 
        "description": "syndicate origin server", 
        "created": "2013-12-11T23:57:19.185Z", 
        "url": "node14.princeton.vicci.org:32780", 
        "enabled": true, 
        "redirects": true, 
        "protocol": "http", 
        "contentProvider": 29
    }
},
{
    "pk": 3724, 
    "model": "hpc.originserver", 
    "fields": {
        "updated": "2013-12-11T23:57:19.193Z", 
        "authenticated": false, 
        "description": "syndicate origin server", 
        "created": "2013-12-11T23:57:19.193Z", 
        "url": "node13.princeton.vicci.org:32780", 
        "enabled": true, 
        "redirects": true, 
        "protocol": "http", 
        "contentProvider": 29
    }
},
{
    "pk": 3725, 
    "model": "hpc.originserver", 
    "fields": {
        "updated": "2013-12-11T23:57:19.201Z", 
        "authenticated": false, 
        "description": "syndicate origin server", 
        "created": "2013-12-11T23:57:19.201Z", 
        "url": "node12.princeton.vicci.org:32780", 
        "enabled": true, 
        "redirects": true, 
        "protocol": "http", 
        "contentProvider": 29
    }
},
{
    "pk": 3726, 
    "model": "hpc.originserver", 
    "fields": {
        "updated": "2013-12-11T23:57:19.210Z", 
        "authenticated": false, 
        "description": "syndicate origin server", 
        "created": "2013-12-11T23:57:19.210Z", 
        "url": "node11.princeton.vicci.org:32780", 
        "enabled": true, 
        "redirects": true, 
        "protocol": "http", 
        "contentProvider": 29
    }
},
{
    "pk": 3727, 
    "model": "hpc.originserver", 
    "fields": {
        "updated": "2013-12-11T23:57:19.218Z", 
        "authenticated": false, 
        "description": "syndicate origin server", 
        "created": "2013-12-11T23:57:19.218Z", 
        "url": "node10.princeton.vicci.org:32780", 
        "enabled": true, 
        "redirects": true, 
        "protocol": "http", 
        "contentProvider": 29
    }
},
{
    "pk": 3728, 
    "model": "hpc.originserver", 
    "fields": {
        "updated": "2013-12-11T23:57:19.226Z", 
        "authenticated": false, 
        "description": "syndicate origin server", 
        "created": "2013-12-11T23:57:19.226Z", 
        "url": "node9.princeton.vicci.org:32780", 
        "enabled": true, 
        "redirects": true, 
        "protocol": "http", 
        "contentProvider": 29
    }
},
{
    "pk": 3729, 
    "model": "hpc.originserver", 
    "fields": {
        "updated": "2013-12-11T23:57:19.234Z", 
        "authenticated": false, 
        "description": "syndicate origin server", 
        "created": "2013-12-11T23:57:19.234Z", 
        "url": "node8.princeton.vicci.org:32780", 
        "enabled": true, 
        "redirects": true, 
        "protocol": "http", 
        "contentProvider": 29
    }
},
{
    "pk": 3730, 
    "model": "hpc.originserver", 
    "fields": {
        "updated": "2013-12-11T23:57:19.243Z", 
        "authenticated": false, 
        "description": "syndicate origin server", 
        "created": "2013-12-11T23:57:19.243Z", 
        "url": "node7.princeton.vicci.org:32780", 
        "enabled": true, 
        "redirects": true, 
        "protocol": "http", 
        "contentProvider": 29
    }
},
{
    "pk": 3731, 
    "model": "hpc.originserver", 
    "fields": {
        "updated": "2013-12-11T23:57:19.251Z", 
        "authenticated": false, 
        "description": "syndicate origin server", 
        "created": "2013-12-11T23:57:19.251Z", 
        "url": "node6.princeton.vicci.org:32780", 
        "enabled": true, 
        "redirects": true, 
        "protocol": "http", 
        "contentProvider": 29
    }
},
{
    "pk": 3732, 
    "model": "hpc.originserver", 
    "fields": {
        "updated": "2013-12-11T23:57:19.259Z", 
        "authenticated": false, 
        "description": "syndicate origin server", 
        "created": "2013-12-11T23:57:19.259Z", 
        "url": "node5.princeton.vicci.org:32780", 
        "enabled": true, 
        "redirects": true, 
        "protocol": "http", 
        "contentProvider": 29
    }
},
{
    "pk": 3733, 
    "model": "hpc.originserver", 
    "fields": {
        "updated": "2013-12-11T23:57:19.268Z", 
        "authenticated": false, 
        "description": "syndicate origin server", 
        "created": "2013-12-11T23:57:19.268Z", 
        "url": "node4.princeton.vicci.org:32780", 
        "enabled": true, 
        "redirects": true, 
        "protocol": "http", 
        "contentProvider": 29
    }
},
{
    "pk": 3734, 
    "model": "hpc.originserver", 
    "fields": {
        "updated": "2013-12-11T23:57:19.276Z", 
        "authenticated": false, 
        "description": "syndicate origin server", 
        "created": "2013-12-11T23:57:19.276Z", 
        "url": "node3.princeton.vicci.org:32780", 
        "enabled": true, 
        "redirects": true, 
        "protocol": "http", 
        "contentProvider": 29
    }
},
{
    "pk": 3735, 
    "model": "hpc.originserver", 
    "fields": {
        "updated": "2013-12-11T23:57:19.284Z", 
        "authenticated": false, 
        "description": "syndicate origin server", 
        "created": "2013-12-11T23:57:19.284Z", 
        "url": "node2.princeton.vicci.org:32780", 
        "enabled": true, 
        "redirects": true, 
        "protocol": "http", 
        "contentProvider": 29
    }
},
{
    "pk": 3736, 
    "model": "hpc.originserver", 
    "fields": {
        "updated": "2013-12-11T23:57:19.292Z", 
        "authenticated": false, 
        "description": "syndicate origin server", 
        "created": "2013-12-11T23:57:19.292Z", 
        "url": "node1.princeton.vicci.org:32780", 
        "enabled": true, 
        "redirects": true, 
        "protocol": "http", 
        "contentProvider": 29
    }
},
{
    "pk": 3737, 
    "model": "hpc.originserver", 
    "fields": {
        "updated": "2013-12-11T23:57:19.310Z", 
        "authenticated": false, 
        "description": "syndicate origin server", 
        "created": "2013-12-11T23:57:19.310Z", 
        "url": "node70.gt.vicci.org:32780", 
        "enabled": true, 
        "redirects": true, 
        "protocol": "http", 
        "contentProvider": 29
    }
},
{
    "pk": 3738, 
    "model": "hpc.originserver", 
    "fields": {
        "updated": "2013-12-11T23:57:19.317Z", 
        "authenticated": false, 
        "description": "syndicate origin server", 
        "created": "2013-12-11T23:57:19.317Z", 
        "url": "node69.gt.vicci.org:32780", 
        "enabled": true, 
        "redirects": true, 
        "protocol": "http", 
        "contentProvider": 29
    }
},
{
    "pk": 3739, 
    "model": "hpc.originserver", 
    "fields": {
        "updated": "2013-12-11T23:57:19.325Z", 
        "authenticated": false, 
        "description": "syndicate origin server", 
        "created": "2013-12-11T23:57:19.325Z", 
        "url": "node68.gt.vicci.org:32780", 
        "enabled": true, 
        "redirects": true, 
        "protocol": "http", 
        "contentProvider": 29
    }
},
{
    "pk": 3740, 
    "model": "hpc.originserver", 
    "fields": {
        "updated": "2013-12-11T23:57:19.334Z", 
        "authenticated": false, 
        "description": "syndicate origin server", 
        "created": "2013-12-11T23:57:19.334Z", 
        "url": "node67.gt.vicci.org:32780", 
        "enabled": true, 
        "redirects": true, 
        "protocol": "http", 
        "contentProvider": 29
    }
},
{
    "pk": 3741, 
    "model": "hpc.originserver", 
    "fields": {
        "updated": "2013-12-11T23:57:19.342Z", 
        "authenticated": false, 
        "description": "syndicate origin server", 
        "created": "2013-12-11T23:57:19.342Z", 
        "url": "node66.gt.vicci.org:32780", 
        "enabled": true, 
        "redirects": true, 
        "protocol": "http", 
        "contentProvider": 29
    }
},
{
    "pk": 3742, 
    "model": "hpc.originserver", 
    "fields": {
        "updated": "2013-12-11T23:57:19.350Z", 
        "authenticated": false, 
        "description": "syndicate origin server", 
        "created": "2013-12-11T23:57:19.350Z", 
        "url": "node65.gt.vicci.org:32780", 
        "enabled": true, 
        "redirects": true, 
        "protocol": "http", 
        "contentProvider": 29
    }
},
{
    "pk": 3743, 
    "model": "hpc.originserver", 
    "fields": {
        "updated": "2013-12-11T23:57:19.359Z", 
        "authenticated": false, 
        "description": "syndicate origin server", 
        "created": "2013-12-11T23:57:19.359Z", 
        "url": "node64.gt.vicci.org:32780", 
        "enabled": true, 
        "redirects": true, 
        "protocol": "http", 
        "contentProvider": 29
    }
},
{
    "pk": 3744, 
    "model": "hpc.originserver", 
    "fields": {
        "updated": "2013-12-11T23:57:19.367Z", 
        "authenticated": false, 
        "description": "syndicate origin server", 
        "created": "2013-12-11T23:57:19.367Z", 
        "url": "node63.gt.vicci.org:32780", 
        "enabled": true, 
        "redirects": true, 
        "protocol": "http", 
        "contentProvider": 29
    }
},
{
    "pk": 3745, 
    "model": "hpc.originserver", 
    "fields": {
        "updated": "2013-12-11T23:57:19.375Z", 
        "authenticated": false, 
        "description": "syndicate origin server", 
        "created": "2013-12-11T23:57:19.375Z", 
        "url": "node62.gt.vicci.org:32780", 
        "enabled": true, 
        "redirects": true, 
        "protocol": "http", 
        "contentProvider": 29
    }
},
{
    "pk": 3746, 
    "model": "hpc.originserver", 
    "fields": {
        "updated": "2013-12-11T23:57:19.383Z", 
        "authenticated": false, 
        "description": "syndicate origin server", 
        "created": "2013-12-11T23:57:19.383Z", 
        "url": "node61.gt.vicci.org:32780", 
        "enabled": true, 
        "redirects": true, 
        "protocol": "http", 
        "contentProvider": 29
    }
},
{
    "pk": 3747, 
    "model": "hpc.originserver", 
    "fields": {
        "updated": "2013-12-11T23:57:19.392Z", 
        "authenticated": false, 
        "description": "syndicate origin server", 
        "created": "2013-12-11T23:57:19.392Z", 
        "url": "node60.gt.vicci.org:32780", 
        "enabled": true, 
        "redirects": true, 
        "protocol": "http", 
        "contentProvider": 29
    }
},
{
    "pk": 3748, 
    "model": "hpc.originserver", 
    "fields": {
        "updated": "2013-12-11T23:57:19.400Z", 
        "authenticated": false, 
        "description": "syndicate origin server", 
        "created": "2013-12-11T23:57:19.400Z", 
        "url": "node59.gt.vicci.org:32780", 
        "enabled": true, 
        "redirects": true, 
        "protocol": "http", 
        "contentProvider": 29
    }
},
{
    "pk": 3749, 
    "model": "hpc.originserver", 
    "fields": {
        "updated": "2013-12-11T23:57:19.408Z", 
        "authenticated": false, 
        "description": "syndicate origin server", 
        "created": "2013-12-11T23:57:19.408Z", 
        "url": "node58.gt.vicci.org:32780", 
        "enabled": true, 
        "redirects": true, 
        "protocol": "http", 
        "contentProvider": 29
    }
},
{
    "pk": 3750, 
    "model": "hpc.originserver", 
    "fields": {
        "updated": "2013-12-11T23:57:19.417Z", 
        "authenticated": false, 
        "description": "syndicate origin server", 
        "created": "2013-12-11T23:57:19.416Z", 
        "url": "node57.gt.vicci.org:32780", 
        "enabled": true, 
        "redirects": true, 
        "protocol": "http", 
        "contentProvider": 29
    }
},
{
    "pk": 3751, 
    "model": "hpc.originserver", 
    "fields": {
        "updated": "2013-12-11T23:57:19.425Z", 
        "authenticated": false, 
        "description": "syndicate origin server", 
        "created": "2013-12-11T23:57:19.425Z", 
        "url": "node56.gt.vicci.org:32780", 
        "enabled": true, 
        "redirects": true, 
        "protocol": "http", 
        "contentProvider": 29
    }
},
{
    "pk": 3752, 
    "model": "hpc.originserver", 
    "fields": {
        "updated": "2013-12-11T23:57:19.433Z", 
        "authenticated": false, 
        "description": "syndicate origin server", 
        "created": "2013-12-11T23:57:19.433Z", 
        "url": "node55.gt.vicci.org:32780", 
        "enabled": true, 
        "redirects": true, 
        "protocol": "http", 
        "contentProvider": 29
    }
},
{
    "pk": 3753, 
    "model": "hpc.originserver", 
    "fields": {
        "updated": "2013-12-11T23:57:19.441Z", 
        "authenticated": false, 
        "description": "syndicate origin server", 
        "created": "2013-12-11T23:57:19.441Z", 
        "url": "node54.gt.vicci.org:32780", 
        "enabled": true, 
        "redirects": true, 
        "protocol": "http", 
        "contentProvider": 29
    }
},
{
    "pk": 3754, 
    "model": "hpc.originserver", 
    "fields": {
        "updated": "2013-12-11T23:57:19.450Z", 
        "authenticated": false, 
        "description": "syndicate origin server", 
        "created": "2013-12-11T23:57:19.450Z", 
        "url": "node53.gt.vicci.org:32780", 
        "enabled": true, 
        "redirects": true, 
        "protocol": "http", 
        "contentProvider": 29
    }
},
{
    "pk": 3755, 
    "model": "hpc.originserver", 
    "fields": {
        "updated": "2013-12-11T23:57:19.458Z", 
        "authenticated": false, 
        "description": "syndicate origin server", 
        "created": "2013-12-11T23:57:19.458Z", 
        "url": "node52.gt.vicci.org:32780", 
        "enabled": true, 
        "redirects": true, 
        "protocol": "http", 
        "contentProvider": 29
    }
},
{
    "pk": 3756, 
    "model": "hpc.originserver", 
    "fields": {
        "updated": "2013-12-11T23:57:19.466Z", 
        "authenticated": false, 
        "description": "syndicate origin server", 
        "created": "2013-12-11T23:57:19.466Z", 
        "url": "node51.gt.vicci.org:32780", 
        "enabled": true, 
        "redirects": true, 
        "protocol": "http", 
        "contentProvider": 29
    }
},
{
    "pk": 3757, 
    "model": "hpc.originserver", 
    "fields": {
        "updated": "2013-12-11T23:57:19.475Z", 
        "authenticated": false, 
        "description": "syndicate origin server", 
        "created": "2013-12-11T23:57:19.475Z", 
        "url": "node50.gt.vicci.org:32780", 
        "enabled": true, 
        "redirects": true, 
        "protocol": "http", 
        "contentProvider": 29
    }
},
{
    "pk": 3758, 
    "model": "hpc.originserver", 
    "fields": {
        "updated": "2013-12-11T23:57:19.483Z", 
        "authenticated": false, 
        "description": "syndicate origin server", 
        "created": "2013-12-11T23:57:19.483Z", 
        "url": "node49.gt.vicci.org:32780", 
        "enabled": true, 
        "redirects": true, 
        "protocol": "http", 
        "contentProvider": 29
    }
},
{
    "pk": 3759, 
    "model": "hpc.originserver", 
    "fields": {
        "updated": "2013-12-11T23:57:19.491Z", 
        "authenticated": false, 
        "description": "syndicate origin server", 
        "created": "2013-12-11T23:57:19.491Z", 
        "url": "node48.gt.vicci.org:32780", 
        "enabled": true, 
        "redirects": true, 
        "protocol": "http", 
        "contentProvider": 29
    }
},
{
    "pk": 3760, 
    "model": "hpc.originserver", 
    "fields": {
        "updated": "2013-12-11T23:57:19.499Z", 
        "authenticated": false, 
        "description": "syndicate origin server", 
        "created": "2013-12-11T23:57:19.499Z", 
        "url": "node47.gt.vicci.org:32780", 
        "enabled": true, 
        "redirects": true, 
        "protocol": "http", 
        "contentProvider": 29
    }
},
{
    "pk": 3761, 
    "model": "hpc.originserver", 
    "fields": {
        "updated": "2013-12-11T23:57:19.508Z", 
        "authenticated": false, 
        "description": "syndicate origin server", 
        "created": "2013-12-11T23:57:19.508Z", 
        "url": "node46.gt.vicci.org:32780", 
        "enabled": true, 
        "redirects": true, 
        "protocol": "http", 
        "contentProvider": 29
    }
},
{
    "pk": 3762, 
    "model": "hpc.originserver", 
    "fields": {
        "updated": "2013-12-11T23:57:19.516Z", 
        "authenticated": false, 
        "description": "syndicate origin server", 
        "created": "2013-12-11T23:57:19.516Z", 
        "url": "node45.gt.vicci.org:32780", 
        "enabled": true, 
        "redirects": true, 
        "protocol": "http", 
        "contentProvider": 29
    }
},
{
    "pk": 3763, 
    "model": "hpc.originserver", 
    "fields": {
        "updated": "2013-12-11T23:57:19.524Z", 
        "authenticated": false, 
        "description": "syndicate origin server", 
        "created": "2013-12-11T23:57:19.524Z", 
        "url": "node44.gt.vicci.org:32780", 
        "enabled": true, 
        "redirects": true, 
        "protocol": "http", 
        "contentProvider": 29
    }
},
{
    "pk": 3764, 
    "model": "hpc.originserver", 
    "fields": {
        "updated": "2013-12-11T23:57:19.533Z", 
        "authenticated": false, 
        "description": "syndicate origin server", 
        "created": "2013-12-11T23:57:19.532Z", 
        "url": "node43.gt.vicci.org:32780", 
        "enabled": true, 
        "redirects": true, 
        "protocol": "http", 
        "contentProvider": 29
    }
},
{
    "pk": 3765, 
    "model": "hpc.originserver", 
    "fields": {
        "updated": "2013-12-11T23:57:19.541Z", 
        "authenticated": false, 
        "description": "syndicate origin server", 
        "created": "2013-12-11T23:57:19.541Z", 
        "url": "node42.gt.vicci.org:32780", 
        "enabled": true, 
        "redirects": true, 
        "protocol": "http", 
        "contentProvider": 29
    }
},
{
    "pk": 3766, 
    "model": "hpc.originserver", 
    "fields": {
        "updated": "2013-12-11T23:57:19.549Z", 
        "authenticated": false, 
        "description": "syndicate origin server", 
        "created": "2013-12-11T23:57:19.549Z", 
        "url": "node41.gt.vicci.org:32780", 
        "enabled": true, 
        "redirects": true, 
        "protocol": "http", 
        "contentProvider": 29
    }
},
{
    "pk": 3767, 
    "model": "hpc.originserver", 
    "fields": {
        "updated": "2013-12-11T23:57:19.557Z", 
        "authenticated": false, 
        "description": "syndicate origin server", 
        "created": "2013-12-11T23:57:19.557Z", 
        "url": "node40.gt.vicci.org:32780", 
        "enabled": true, 
        "redirects": true, 
        "protocol": "http", 
        "contentProvider": 29
    }
},
{
    "pk": 3768, 
    "model": "hpc.originserver", 
    "fields": {
        "updated": "2013-12-11T23:57:19.566Z", 
        "authenticated": false, 
        "description": "syndicate origin server", 
        "created": "2013-12-11T23:57:19.566Z", 
        "url": "node39.gt.vicci.org:32780", 
        "enabled": true, 
        "redirects": true, 
        "protocol": "http", 
        "contentProvider": 29
    }
},
{
    "pk": 3769, 
    "model": "hpc.originserver", 
    "fields": {
        "updated": "2013-12-11T23:57:19.574Z", 
        "authenticated": false, 
        "description": "syndicate origin server", 
        "created": "2013-12-11T23:57:19.574Z", 
        "url": "node38.gt.vicci.org:32780", 
        "enabled": true, 
        "redirects": true, 
        "protocol": "http", 
        "contentProvider": 29
    }
},
{
    "pk": 3770, 
    "model": "hpc.originserver", 
    "fields": {
        "updated": "2013-12-11T23:57:19.582Z", 
        "authenticated": false, 
        "description": "syndicate origin server", 
        "created": "2013-12-11T23:57:19.582Z", 
        "url": "node37.gt.vicci.org:32780", 
        "enabled": true, 
        "redirects": true, 
        "protocol": "http", 
        "contentProvider": 29
    }
},
{
    "pk": 3771, 
    "model": "hpc.originserver", 
    "fields": {
        "updated": "2013-12-11T23:57:19.591Z", 
        "authenticated": false, 
        "description": "syndicate origin server", 
        "created": "2013-12-11T23:57:19.590Z", 
        "url": "node36.gt.vicci.org:32780", 
        "enabled": true, 
        "redirects": true, 
        "protocol": "http", 
        "contentProvider": 29
    }
},
{
    "pk": 3772, 
    "model": "hpc.originserver", 
    "fields": {
        "updated": "2013-12-11T23:57:19.599Z", 
        "authenticated": false, 
        "description": "syndicate origin server", 
        "created": "2013-12-11T23:57:19.599Z", 
        "url": "node35.gt.vicci.org:32780", 
        "enabled": true, 
        "redirects": true, 
        "protocol": "http", 
        "contentProvider": 29
    }
},
{
    "pk": 3773, 
    "model": "hpc.originserver", 
    "fields": {
        "updated": "2013-12-11T23:57:19.607Z", 
        "authenticated": false, 
        "description": "syndicate origin server", 
        "created": "2013-12-11T23:57:19.607Z", 
        "url": "node34.gt.vicci.org:32780", 
        "enabled": true, 
        "redirects": true, 
        "protocol": "http", 
        "contentProvider": 29
    }
},
{
    "pk": 3774, 
    "model": "hpc.originserver", 
    "fields": {
        "updated": "2013-12-11T23:57:19.615Z", 
        "authenticated": false, 
        "description": "syndicate origin server", 
        "created": "2013-12-11T23:57:19.615Z", 
        "url": "node33.gt.vicci.org:32780", 
        "enabled": true, 
        "redirects": true, 
        "protocol": "http", 
        "contentProvider": 29
    }
},
{
    "pk": 3775, 
    "model": "hpc.originserver", 
    "fields": {
        "updated": "2013-12-11T23:57:19.624Z", 
        "authenticated": false, 
        "description": "syndicate origin server", 
        "created": "2013-12-11T23:57:19.624Z", 
        "url": "node32.gt.vicci.org:32780", 
        "enabled": true, 
        "redirects": true, 
        "protocol": "http", 
        "contentProvider": 29
    }
},
{
    "pk": 3776, 
    "model": "hpc.originserver", 
    "fields": {
        "updated": "2013-12-11T23:57:19.632Z", 
        "authenticated": false, 
        "description": "syndicate origin server", 
        "created": "2013-12-11T23:57:19.632Z", 
        "url": "node31.gt.vicci.org:32780", 
        "enabled": true, 
        "redirects": true, 
        "protocol": "http", 
        "contentProvider": 29
    }
},
{
    "pk": 3777, 
    "model": "hpc.originserver", 
    "fields": {
        "updated": "2013-12-11T23:57:19.640Z", 
        "authenticated": false, 
        "description": "syndicate origin server", 
        "created": "2013-12-11T23:57:19.640Z", 
        "url": "node30.gt.vicci.org:32780", 
        "enabled": true, 
        "redirects": true, 
        "protocol": "http", 
        "contentProvider": 29
    }
},
{
    "pk": 3778, 
    "model": "hpc.originserver", 
    "fields": {
        "updated": "2013-12-11T23:57:19.649Z", 
        "authenticated": false, 
        "description": "syndicate origin server", 
        "created": "2013-12-11T23:57:19.648Z", 
        "url": "node29.gt.vicci.org:32780", 
        "enabled": true, 
        "redirects": true, 
        "protocol": "http", 
        "contentProvider": 29
    }
},
{
    "pk": 3779, 
    "model": "hpc.originserver", 
    "fields": {
        "updated": "2013-12-11T23:57:19.657Z", 
        "authenticated": false, 
        "description": "syndicate origin server", 
        "created": "2013-12-11T23:57:19.657Z", 
        "url": "node28.gt.vicci.org:32780", 
        "enabled": true, 
        "redirects": true, 
        "protocol": "http", 
        "contentProvider": 29
    }
},
{
    "pk": 3780, 
    "model": "hpc.originserver", 
    "fields": {
        "updated": "2013-12-11T23:57:19.665Z", 
        "authenticated": false, 
        "description": "syndicate origin server", 
        "created": "2013-12-11T23:57:19.665Z", 
        "url": "node27.gt.vicci.org:32780", 
        "enabled": true, 
        "redirects": true, 
        "protocol": "http", 
        "contentProvider": 29
    }
},
{
    "pk": 3781, 
    "model": "hpc.originserver", 
    "fields": {
        "updated": "2013-12-11T23:57:19.673Z", 
        "authenticated": false, 
        "description": "syndicate origin server", 
        "created": "2013-12-11T23:57:19.673Z", 
        "url": "node26.gt.vicci.org:32780", 
        "enabled": true, 
        "redirects": true, 
        "protocol": "http", 
        "contentProvider": 29
    }
},
{
    "pk": 3782, 
    "model": "hpc.originserver", 
    "fields": {
        "updated": "2013-12-11T23:57:19.682Z", 
        "authenticated": false, 
        "description": "syndicate origin server", 
        "created": "2013-12-11T23:57:19.682Z", 
        "url": "node25.gt.vicci.org:32780", 
        "enabled": true, 
        "redirects": true, 
        "protocol": "http", 
        "contentProvider": 29
    }
},
{
    "pk": 3783, 
    "model": "hpc.originserver", 
    "fields": {
        "updated": "2013-12-11T23:57:19.690Z", 
        "authenticated": false, 
        "description": "syndicate origin server", 
        "created": "2013-12-11T23:57:19.690Z", 
        "url": "node24.gt.vicci.org:32780", 
        "enabled": true, 
        "redirects": true, 
        "protocol": "http", 
        "contentProvider": 29
    }
},
{
    "pk": 3784, 
    "model": "hpc.originserver", 
    "fields": {
        "updated": "2013-12-11T23:57:19.698Z", 
        "authenticated": false, 
        "description": "syndicate origin server", 
        "created": "2013-12-11T23:57:19.698Z", 
        "url": "node23.gt.vicci.org:32780", 
        "enabled": true, 
        "redirects": true, 
        "protocol": "http", 
        "contentProvider": 29
    }
},
{
    "pk": 3785, 
    "model": "hpc.originserver", 
    "fields": {
        "updated": "2013-12-11T23:57:19.706Z", 
        "authenticated": false, 
        "description": "syndicate origin server", 
        "created": "2013-12-11T23:57:19.706Z", 
        "url": "node22.gt.vicci.org:32780", 
        "enabled": true, 
        "redirects": true, 
        "protocol": "http", 
        "contentProvider": 29
    }
},
{
    "pk": 3786, 
    "model": "hpc.originserver", 
    "fields": {
        "updated": "2013-12-11T23:57:19.715Z", 
        "authenticated": false, 
        "description": "syndicate origin server", 
        "created": "2013-12-11T23:57:19.715Z", 
        "url": "node21.gt.vicci.org:32780", 
        "enabled": true, 
        "redirects": true, 
        "protocol": "http", 
        "contentProvider": 29
    }
},
{
    "pk": 3787, 
    "model": "hpc.originserver", 
    "fields": {
        "updated": "2013-12-11T23:57:19.723Z", 
        "authenticated": false, 
        "description": "syndicate origin server", 
        "created": "2013-12-11T23:57:19.723Z", 
        "url": "node20.gt.vicci.org:32780", 
        "enabled": true, 
        "redirects": true, 
        "protocol": "http", 
        "contentProvider": 29
    }
},
{
    "pk": 3788, 
    "model": "hpc.originserver", 
    "fields": {
        "updated": "2013-12-11T23:57:19.731Z", 
        "authenticated": false, 
        "description": "syndicate origin server", 
        "created": "2013-12-11T23:57:19.731Z", 
        "url": "node19.gt.vicci.org:32780", 
        "enabled": true, 
        "redirects": true, 
        "protocol": "http", 
        "contentProvider": 29
    }
},
{
    "pk": 3789, 
    "model": "hpc.originserver", 
    "fields": {
        "updated": "2013-12-11T23:57:19.740Z", 
        "authenticated": false, 
        "description": "syndicate origin server", 
        "created": "2013-12-11T23:57:19.740Z", 
        "url": "node18.gt.vicci.org:32780", 
        "enabled": true, 
        "redirects": true, 
        "protocol": "http", 
        "contentProvider": 29
    }
},
{
    "pk": 3790, 
    "model": "hpc.originserver", 
    "fields": {
        "updated": "2013-12-11T23:57:19.748Z", 
        "authenticated": false, 
        "description": "syndicate origin server", 
        "created": "2013-12-11T23:57:19.748Z", 
        "url": "node17.gt.vicci.org:32780", 
        "enabled": true, 
        "redirects": true, 
        "protocol": "http", 
        "contentProvider": 29
    }
},
{
    "pk": 3791, 
    "model": "hpc.originserver", 
    "fields": {
        "updated": "2013-12-11T23:57:19.756Z", 
        "authenticated": false, 
        "description": "syndicate origin server", 
        "created": "2013-12-11T23:57:19.756Z", 
        "url": "node16.gt.vicci.org:32780", 
        "enabled": true, 
        "redirects": true, 
        "protocol": "http", 
        "contentProvider": 29
    }
},
{
    "pk": 3792, 
    "model": "hpc.originserver", 
    "fields": {
        "updated": "2013-12-11T23:57:19.764Z", 
        "authenticated": false, 
        "description": "syndicate origin server", 
        "created": "2013-12-11T23:57:19.764Z", 
        "url": "node15.gt.vicci.org:32780", 
        "enabled": true, 
        "redirects": true, 
        "protocol": "http", 
        "contentProvider": 29
    }
},
{
    "pk": 3793, 
    "model": "hpc.originserver", 
    "fields": {
        "updated": "2013-12-11T23:57:19.773Z", 
        "authenticated": false, 
        "description": "syndicate origin server", 
        "created": "2013-12-11T23:57:19.773Z", 
        "url": "node14.gt.vicci.org:32780", 
        "enabled": true, 
        "redirects": true, 
        "protocol": "http", 
        "contentProvider": 29
    }
},
{
    "pk": 3794, 
    "model": "hpc.originserver", 
    "fields": {
        "updated": "2013-12-11T23:57:19.781Z", 
        "authenticated": false, 
        "description": "syndicate origin server", 
        "created": "2013-12-11T23:57:19.781Z", 
        "url": "node13.gt.vicci.org:32780", 
        "enabled": true, 
        "redirects": true, 
        "protocol": "http", 
        "contentProvider": 29
    }
},
{
    "pk": 3795, 
    "model": "hpc.originserver", 
    "fields": {
        "updated": "2013-12-11T23:57:19.789Z", 
        "authenticated": false, 
        "description": "syndicate origin server", 
        "created": "2013-12-11T23:57:19.789Z", 
        "url": "node12.gt.vicci.org:32780", 
        "enabled": true, 
        "redirects": true, 
        "protocol": "http", 
        "contentProvider": 29
    }
},
{
    "pk": 3796, 
    "model": "hpc.originserver", 
    "fields": {
        "updated": "2013-12-11T23:57:19.798Z", 
        "authenticated": false, 
        "description": "syndicate origin server", 
        "created": "2013-12-11T23:57:19.798Z", 
        "url": "node11.gt.vicci.org:32780", 
        "enabled": true, 
        "redirects": true, 
        "protocol": "http", 
        "contentProvider": 29
    }
},
{
    "pk": 3797, 
    "model": "hpc.originserver", 
    "fields": {
        "updated": "2013-12-11T23:57:19.806Z", 
        "authenticated": false, 
        "description": "syndicate origin server", 
        "created": "2013-12-11T23:57:19.806Z", 
        "url": "node10.gt.vicci.org:32780", 
        "enabled": true, 
        "redirects": true, 
        "protocol": "http", 
        "contentProvider": 29
    }
},
{
    "pk": 3798, 
    "model": "hpc.originserver", 
    "fields": {
        "updated": "2013-12-11T23:57:19.814Z", 
        "authenticated": false, 
        "description": "syndicate origin server", 
        "created": "2013-12-11T23:57:19.814Z", 
        "url": "node9.gt.vicci.org:32780", 
        "enabled": true, 
        "redirects": true, 
        "protocol": "http", 
        "contentProvider": 29
    }
},
{
    "pk": 3799, 
    "model": "hpc.originserver", 
    "fields": {
        "updated": "2013-12-11T23:57:19.822Z", 
        "authenticated": false, 
        "description": "syndicate origin server", 
        "created": "2013-12-11T23:57:19.822Z", 
        "url": "node8.gt.vicci.org:32780", 
        "enabled": true, 
        "redirects": true, 
        "protocol": "http", 
        "contentProvider": 29
    }
},
{
    "pk": 3800, 
    "model": "hpc.originserver", 
    "fields": {
        "updated": "2013-12-11T23:57:19.831Z", 
        "authenticated": false, 
        "description": "syndicate origin server", 
        "created": "2013-12-11T23:57:19.831Z", 
        "url": "node7.gt.vicci.org:32780", 
        "enabled": true, 
        "redirects": true, 
        "protocol": "http", 
        "contentProvider": 29
    }
},
{
    "pk": 3801, 
    "model": "hpc.originserver", 
    "fields": {
        "updated": "2013-12-11T23:57:19.839Z", 
        "authenticated": false, 
        "description": "syndicate origin server", 
        "created": "2013-12-11T23:57:19.839Z", 
        "url": "node6.gt.vicci.org:32780", 
        "enabled": true, 
        "redirects": true, 
        "protocol": "http", 
        "contentProvider": 29
    }
},
{
    "pk": 3802, 
    "model": "hpc.originserver", 
    "fields": {
        "updated": "2013-12-11T23:57:19.847Z", 
        "authenticated": false, 
        "description": "syndicate origin server", 
        "created": "2013-12-11T23:57:19.847Z", 
        "url": "node5.gt.vicci.org:32780", 
        "enabled": true, 
        "redirects": true, 
        "protocol": "http", 
        "contentProvider": 29
    }
},
{
    "pk": 3803, 
    "model": "hpc.originserver", 
    "fields": {
        "updated": "2013-12-11T23:57:19.856Z", 
        "authenticated": false, 
        "description": "syndicate origin server", 
        "created": "2013-12-11T23:57:19.855Z", 
        "url": "node4.gt.vicci.org:32780", 
        "enabled": true, 
        "redirects": true, 
        "protocol": "http", 
        "contentProvider": 29
    }
},
{
    "pk": 3804, 
    "model": "hpc.originserver", 
    "fields": {
        "updated": "2013-12-11T23:57:19.864Z", 
        "authenticated": false, 
        "description": "syndicate origin server", 
        "created": "2013-12-11T23:57:19.864Z", 
        "url": "node3.gt.vicci.org:32780", 
        "enabled": true, 
        "redirects": true, 
        "protocol": "http", 
        "contentProvider": 29
    }
},
{
    "pk": 3805, 
    "model": "hpc.originserver", 
    "fields": {
        "updated": "2013-12-11T23:57:19.872Z", 
        "authenticated": false, 
        "description": "syndicate origin server", 
        "created": "2013-12-11T23:57:19.872Z", 
        "url": "node2.gt.vicci.org:32780", 
        "enabled": true, 
        "redirects": true, 
        "protocol": "http", 
        "contentProvider": 29
    }
},
{
    "pk": 3806, 
    "model": "hpc.originserver", 
    "fields": {
        "updated": "2013-12-11T23:57:19.880Z", 
        "authenticated": false, 
        "description": "syndicate origin server", 
        "created": "2013-12-11T23:57:19.880Z", 
        "url": "node1.gt.vicci.org:32780", 
        "enabled": true, 
        "redirects": true, 
        "protocol": "http", 
        "contentProvider": 29
    }
},
{
    "pk": 3807, 
    "model": "hpc.originserver", 
    "fields": {
        "updated": "2013-12-11T23:57:19.898Z", 
        "authenticated": false, 
        "description": "syndicate origin server", 
        "created": "2013-12-11T23:57:19.898Z", 
        "url": "node70.mpisws.vicci.org:32780", 
        "enabled": true, 
        "redirects": true, 
        "protocol": "http", 
        "contentProvider": 29
    }
},
{
    "pk": 3808, 
    "model": "hpc.originserver", 
    "fields": {
        "updated": "2013-12-11T23:57:19.905Z", 
        "authenticated": false, 
        "description": "syndicate origin server", 
        "created": "2013-12-11T23:57:19.905Z", 
        "url": "node69.mpisws.vicci.org:32780", 
        "enabled": true, 
        "redirects": true, 
        "protocol": "http", 
        "contentProvider": 29
    }
},
{
    "pk": 3809, 
    "model": "hpc.originserver", 
    "fields": {
        "updated": "2013-12-11T23:57:19.913Z", 
        "authenticated": false, 
        "description": "syndicate origin server", 
        "created": "2013-12-11T23:57:19.913Z", 
        "url": "node68.mpisws.vicci.org:32780", 
        "enabled": true, 
        "redirects": true, 
        "protocol": "http", 
        "contentProvider": 29
    }
},
{
    "pk": 3810, 
    "model": "hpc.originserver", 
    "fields": {
        "updated": "2013-12-11T23:57:19.922Z", 
        "authenticated": false, 
        "description": "syndicate origin server", 
        "created": "2013-12-11T23:57:19.922Z", 
        "url": "node67.mpisws.vicci.org:32780", 
        "enabled": true, 
        "redirects": true, 
        "protocol": "http", 
        "contentProvider": 29
    }
},
{
    "pk": 3811, 
    "model": "hpc.originserver", 
    "fields": {
        "updated": "2013-12-11T23:57:19.930Z", 
        "authenticated": false, 
        "description": "syndicate origin server", 
        "created": "2013-12-11T23:57:19.930Z", 
        "url": "node66.mpisws.vicci.org:32780", 
        "enabled": true, 
        "redirects": true, 
        "protocol": "http", 
        "contentProvider": 29
    }
},
{
    "pk": 3812, 
    "model": "hpc.originserver", 
    "fields": {
        "updated": "2013-12-11T23:57:19.938Z", 
        "authenticated": false, 
        "description": "syndicate origin server", 
        "created": "2013-12-11T23:57:19.938Z", 
        "url": "node65.mpisws.vicci.org:32780", 
        "enabled": true, 
        "redirects": true, 
        "protocol": "http", 
        "contentProvider": 29
    }
},
{
    "pk": 3813, 
    "model": "hpc.originserver", 
    "fields": {
        "updated": "2013-12-11T23:57:19.947Z", 
        "authenticated": false, 
        "description": "syndicate origin server", 
        "created": "2013-12-11T23:57:19.947Z", 
        "url": "node64.mpisws.vicci.org:32780", 
        "enabled": true, 
        "redirects": true, 
        "protocol": "http", 
        "contentProvider": 29
    }
},
{
    "pk": 3814, 
    "model": "hpc.originserver", 
    "fields": {
        "updated": "2013-12-11T23:57:19.955Z", 
        "authenticated": false, 
        "description": "syndicate origin server", 
        "created": "2013-12-11T23:57:19.955Z", 
        "url": "node63.mpisws.vicci.org:32780", 
        "enabled": true, 
        "redirects": true, 
        "protocol": "http", 
        "contentProvider": 29
    }
},
{
    "pk": 3815, 
    "model": "hpc.originserver", 
    "fields": {
        "updated": "2013-12-11T23:57:19.963Z", 
        "authenticated": false, 
        "description": "syndicate origin server", 
        "created": "2013-12-11T23:57:19.963Z", 
        "url": "node62.mpisws.vicci.org:32780", 
        "enabled": true, 
        "redirects": true, 
        "protocol": "http", 
        "contentProvider": 29
    }
},
{
    "pk": 3816, 
    "model": "hpc.originserver", 
    "fields": {
        "updated": "2013-12-11T23:57:19.971Z", 
        "authenticated": false, 
        "description": "syndicate origin server", 
        "created": "2013-12-11T23:57:19.971Z", 
        "url": "node61.mpisws.vicci.org:32780", 
        "enabled": true, 
        "redirects": true, 
        "protocol": "http", 
        "contentProvider": 29
    }
},
{
    "pk": 3817, 
    "model": "hpc.originserver", 
    "fields": {
        "updated": "2013-12-11T23:57:19.980Z", 
        "authenticated": false, 
        "description": "syndicate origin server", 
        "created": "2013-12-11T23:57:19.980Z", 
        "url": "node60.mpisws.vicci.org:32780", 
        "enabled": true, 
        "redirects": true, 
        "protocol": "http", 
        "contentProvider": 29
    }
},
{
    "pk": 3818, 
    "model": "hpc.originserver", 
    "fields": {
        "updated": "2013-12-11T23:57:19.988Z", 
        "authenticated": false, 
        "description": "syndicate origin server", 
        "created": "2013-12-11T23:57:19.988Z", 
        "url": "node59.mpisws.vicci.org:32780", 
        "enabled": true, 
        "redirects": true, 
        "protocol": "http", 
        "contentProvider": 29
    }
},
{
    "pk": 3819, 
    "model": "hpc.originserver", 
    "fields": {
        "updated": "2013-12-11T23:57:19.996Z", 
        "authenticated": false, 
        "description": "syndicate origin server", 
        "created": "2013-12-11T23:57:19.996Z", 
        "url": "node58.mpisws.vicci.org:32780", 
        "enabled": true, 
        "redirects": true, 
        "protocol": "http", 
        "contentProvider": 29
    }
},
{
    "pk": 3820, 
    "model": "hpc.originserver", 
    "fields": {
        "updated": "2013-12-11T23:57:20.005Z", 
        "authenticated": false, 
        "description": "syndicate origin server", 
        "created": "2013-12-11T23:57:20.005Z", 
        "url": "node57.mpisws.vicci.org:32780", 
        "enabled": true, 
        "redirects": true, 
        "protocol": "http", 
        "contentProvider": 29
    }
},
{
    "pk": 3821, 
    "model": "hpc.originserver", 
    "fields": {
        "updated": "2013-12-11T23:57:20.013Z", 
        "authenticated": false, 
        "description": "syndicate origin server", 
        "created": "2013-12-11T23:57:20.013Z", 
        "url": "node56.mpisws.vicci.org:32780", 
        "enabled": true, 
        "redirects": true, 
        "protocol": "http", 
        "contentProvider": 29
    }
},
{
    "pk": 3822, 
    "model": "hpc.originserver", 
    "fields": {
        "updated": "2013-12-11T23:57:20.021Z", 
        "authenticated": false, 
        "description": "syndicate origin server", 
        "created": "2013-12-11T23:57:20.021Z", 
        "url": "node55.mpisws.vicci.org:32780", 
        "enabled": true, 
        "redirects": true, 
        "protocol": "http", 
        "contentProvider": 29
    }
},
{
    "pk": 3823, 
    "model": "hpc.originserver", 
    "fields": {
        "updated": "2013-12-11T23:57:20.029Z", 
        "authenticated": false, 
        "description": "syndicate origin server", 
        "created": "2013-12-11T23:57:20.029Z", 
        "url": "node54.mpisws.vicci.org:32780", 
        "enabled": true, 
        "redirects": true, 
        "protocol": "http", 
        "contentProvider": 29
    }
},
{
    "pk": 3824, 
    "model": "hpc.originserver", 
    "fields": {
        "updated": "2013-12-11T23:57:20.038Z", 
        "authenticated": false, 
        "description": "syndicate origin server", 
        "created": "2013-12-11T23:57:20.038Z", 
        "url": "node53.mpisws.vicci.org:32780", 
        "enabled": true, 
        "redirects": true, 
        "protocol": "http", 
        "contentProvider": 29
    }
},
{
    "pk": 3825, 
    "model": "hpc.originserver", 
    "fields": {
        "updated": "2013-12-11T23:57:20.046Z", 
        "authenticated": false, 
        "description": "syndicate origin server", 
        "created": "2013-12-11T23:57:20.046Z", 
        "url": "node52.mpisws.vicci.org:32780", 
        "enabled": true, 
        "redirects": true, 
        "protocol": "http", 
        "contentProvider": 29
    }
},
{
    "pk": 3826, 
    "model": "hpc.originserver", 
    "fields": {
        "updated": "2013-12-11T23:57:20.054Z", 
        "authenticated": false, 
        "description": "syndicate origin server", 
        "created": "2013-12-11T23:57:20.054Z", 
        "url": "node51.mpisws.vicci.org:32780", 
        "enabled": true, 
        "redirects": true, 
        "protocol": "http", 
        "contentProvider": 29
    }
},
{
    "pk": 3827, 
    "model": "hpc.originserver", 
    "fields": {
        "updated": "2013-12-11T23:57:20.063Z", 
        "authenticated": false, 
        "description": "syndicate origin server", 
        "created": "2013-12-11T23:57:20.062Z", 
        "url": "node50.mpisws.vicci.org:32780", 
        "enabled": true, 
        "redirects": true, 
        "protocol": "http", 
        "contentProvider": 29
    }
},
{
    "pk": 3828, 
    "model": "hpc.originserver", 
    "fields": {
        "updated": "2013-12-11T23:57:20.071Z", 
        "authenticated": false, 
        "description": "syndicate origin server", 
        "created": "2013-12-11T23:57:20.071Z", 
        "url": "node49.mpisws.vicci.org:32780", 
        "enabled": true, 
        "redirects": true, 
        "protocol": "http", 
        "contentProvider": 29
    }
},
{
    "pk": 3829, 
    "model": "hpc.originserver", 
    "fields": {
        "updated": "2013-12-11T23:57:20.079Z", 
        "authenticated": false, 
        "description": "syndicate origin server", 
        "created": "2013-12-11T23:57:20.079Z", 
        "url": "node48.mpisws.vicci.org:32780", 
        "enabled": true, 
        "redirects": true, 
        "protocol": "http", 
        "contentProvider": 29
    }
},
{
    "pk": 3830, 
    "model": "hpc.originserver", 
    "fields": {
        "updated": "2013-12-11T23:57:20.087Z", 
        "authenticated": false, 
        "description": "syndicate origin server", 
        "created": "2013-12-11T23:57:20.087Z", 
        "url": "node47.mpisws.vicci.org:32780", 
        "enabled": true, 
        "redirects": true, 
        "protocol": "http", 
        "contentProvider": 29
    }
},
{
    "pk": 3831, 
    "model": "hpc.originserver", 
    "fields": {
        "updated": "2013-12-11T23:57:20.096Z", 
        "authenticated": false, 
        "description": "syndicate origin server", 
        "created": "2013-12-11T23:57:20.096Z", 
        "url": "node46.mpisws.vicci.org:32780", 
        "enabled": true, 
        "redirects": true, 
        "protocol": "http", 
        "contentProvider": 29
    }
},
{
    "pk": 3832, 
    "model": "hpc.originserver", 
    "fields": {
        "updated": "2013-12-11T23:57:20.104Z", 
        "authenticated": false, 
        "description": "syndicate origin server", 
        "created": "2013-12-11T23:57:20.104Z", 
        "url": "node45.mpisws.vicci.org:32780", 
        "enabled": true, 
        "redirects": true, 
        "protocol": "http", 
        "contentProvider": 29
    }
},
{
    "pk": 3833, 
    "model": "hpc.originserver", 
    "fields": {
        "updated": "2013-12-11T23:57:20.112Z", 
        "authenticated": false, 
        "description": "syndicate origin server", 
        "created": "2013-12-11T23:57:20.112Z", 
        "url": "node44.mpisws.vicci.org:32780", 
        "enabled": true, 
        "redirects": true, 
        "protocol": "http", 
        "contentProvider": 29
    }
},
{
    "pk": 3834, 
    "model": "hpc.originserver", 
    "fields": {
        "updated": "2013-12-11T23:57:20.121Z", 
        "authenticated": false, 
        "description": "syndicate origin server", 
        "created": "2013-12-11T23:57:20.121Z", 
        "url": "node43.mpisws.vicci.org:32780", 
        "enabled": true, 
        "redirects": true, 
        "protocol": "http", 
        "contentProvider": 29
    }
},
{
    "pk": 3835, 
    "model": "hpc.originserver", 
    "fields": {
        "updated": "2013-12-11T23:57:20.129Z", 
        "authenticated": false, 
        "description": "syndicate origin server", 
        "created": "2013-12-11T23:57:20.129Z", 
        "url": "node42.mpisws.vicci.org:32780", 
        "enabled": true, 
        "redirects": true, 
        "protocol": "http", 
        "contentProvider": 29
    }
},
{
    "pk": 3836, 
    "model": "hpc.originserver", 
    "fields": {
        "updated": "2013-12-11T23:57:20.137Z", 
        "authenticated": false, 
        "description": "syndicate origin server", 
        "created": "2013-12-11T23:57:20.137Z", 
        "url": "node41.mpisws.vicci.org:32780", 
        "enabled": true, 
        "redirects": true, 
        "protocol": "http", 
        "contentProvider": 29
    }
},
{
    "pk": 3837, 
    "model": "hpc.originserver", 
    "fields": {
        "updated": "2013-12-11T23:57:20.146Z", 
        "authenticated": false, 
        "description": "syndicate origin server", 
        "created": "2013-12-11T23:57:20.145Z", 
        "url": "node40.mpisws.vicci.org:32780", 
        "enabled": true, 
        "redirects": true, 
        "protocol": "http", 
        "contentProvider": 29
    }
},
{
    "pk": 3838, 
    "model": "hpc.originserver", 
    "fields": {
        "updated": "2013-12-11T23:57:20.154Z", 
        "authenticated": false, 
        "description": "syndicate origin server", 
        "created": "2013-12-11T23:57:20.154Z", 
        "url": "node39.mpisws.vicci.org:32780", 
        "enabled": true, 
        "redirects": true, 
        "protocol": "http", 
        "contentProvider": 29
    }
},
{
    "pk": 3839, 
    "model": "hpc.originserver", 
    "fields": {
        "updated": "2013-12-11T23:57:20.162Z", 
        "authenticated": false, 
        "description": "syndicate origin server", 
        "created": "2013-12-11T23:57:20.162Z", 
        "url": "node38.mpisws.vicci.org:32780", 
        "enabled": true, 
        "redirects": true, 
        "protocol": "http", 
        "contentProvider": 29
    }
},
{
    "pk": 3840, 
    "model": "hpc.originserver", 
    "fields": {
        "updated": "2013-12-11T23:57:20.170Z", 
        "authenticated": false, 
        "description": "syndicate origin server", 
        "created": "2013-12-11T23:57:20.170Z", 
        "url": "node37.mpisws.vicci.org:32780", 
        "enabled": true, 
        "redirects": true, 
        "protocol": "http", 
        "contentProvider": 29
    }
},
{
    "pk": 3841, 
    "model": "hpc.originserver", 
    "fields": {
        "updated": "2013-12-11T23:57:20.179Z", 
        "authenticated": false, 
        "description": "syndicate origin server", 
        "created": "2013-12-11T23:57:20.179Z", 
        "url": "node36.mpisws.vicci.org:32780", 
        "enabled": true, 
        "redirects": true, 
        "protocol": "http", 
        "contentProvider": 29
    }
},
{
    "pk": 3842, 
    "model": "hpc.originserver", 
    "fields": {
        "updated": "2013-12-11T23:57:20.187Z", 
        "authenticated": false, 
        "description": "syndicate origin server", 
        "created": "2013-12-11T23:57:20.187Z", 
        "url": "node35.mpisws.vicci.org:32780", 
        "enabled": true, 
        "redirects": true, 
        "protocol": "http", 
        "contentProvider": 29
    }
},
{
    "pk": 3843, 
    "model": "hpc.originserver", 
    "fields": {
        "updated": "2013-12-11T23:57:20.195Z", 
        "authenticated": false, 
        "description": "syndicate origin server", 
        "created": "2013-12-11T23:57:20.195Z", 
        "url": "node34.mpisws.vicci.org:32780", 
        "enabled": true, 
        "redirects": true, 
        "protocol": "http", 
        "contentProvider": 29
    }
},
{
    "pk": 3844, 
    "model": "hpc.originserver", 
    "fields": {
        "updated": "2013-12-11T23:57:20.203Z", 
        "authenticated": false, 
        "description": "syndicate origin server", 
        "created": "2013-12-11T23:57:20.203Z", 
        "url": "node33.mpisws.vicci.org:32780", 
        "enabled": true, 
        "redirects": true, 
        "protocol": "http", 
        "contentProvider": 29
    }
},
{
    "pk": 3845, 
    "model": "hpc.originserver", 
    "fields": {
        "updated": "2013-12-11T23:57:20.212Z", 
        "authenticated": false, 
        "description": "syndicate origin server", 
        "created": "2013-12-11T23:57:20.212Z", 
        "url": "node32.mpisws.vicci.org:32780", 
        "enabled": true, 
        "redirects": true, 
        "protocol": "http", 
        "contentProvider": 29
    }
},
{
    "pk": 3846, 
    "model": "hpc.originserver", 
    "fields": {
        "updated": "2013-12-11T23:57:20.220Z", 
        "authenticated": false, 
        "description": "syndicate origin server", 
        "created": "2013-12-11T23:57:20.220Z", 
        "url": "node31.mpisws.vicci.org:32780", 
        "enabled": true, 
        "redirects": true, 
        "protocol": "http", 
        "contentProvider": 29
    }
},
{
    "pk": 3847, 
    "model": "hpc.originserver", 
    "fields": {
        "updated": "2013-12-11T23:57:20.228Z", 
        "authenticated": false, 
        "description": "syndicate origin server", 
        "created": "2013-12-11T23:57:20.228Z", 
        "url": "node30.mpisws.vicci.org:32780", 
        "enabled": true, 
        "redirects": true, 
        "protocol": "http", 
        "contentProvider": 29
    }
},
{
    "pk": 3848, 
    "model": "hpc.originserver", 
    "fields": {
        "updated": "2013-12-11T23:57:20.237Z", 
        "authenticated": false, 
        "description": "syndicate origin server", 
        "created": "2013-12-11T23:57:20.236Z", 
        "url": "node29.mpisws.vicci.org:32780", 
        "enabled": true, 
        "redirects": true, 
        "protocol": "http", 
        "contentProvider": 29
    }
},
{
    "pk": 3849, 
    "model": "hpc.originserver", 
    "fields": {
        "updated": "2013-12-11T23:57:20.245Z", 
        "authenticated": false, 
        "description": "syndicate origin server", 
        "created": "2013-12-11T23:57:20.245Z", 
        "url": "node28.mpisws.vicci.org:32780", 
        "enabled": true, 
        "redirects": true, 
        "protocol": "http", 
        "contentProvider": 29
    }
},
{
    "pk": 3850, 
    "model": "hpc.originserver", 
    "fields": {
        "updated": "2013-12-11T23:57:20.253Z", 
        "authenticated": false, 
        "description": "syndicate origin server", 
        "created": "2013-12-11T23:57:20.253Z", 
        "url": "node27.mpisws.vicci.org:32780", 
        "enabled": true, 
        "redirects": true, 
        "protocol": "http", 
        "contentProvider": 29
    }
},
{
    "pk": 3851, 
    "model": "hpc.originserver", 
    "fields": {
        "updated": "2013-12-11T23:57:20.261Z", 
        "authenticated": false, 
        "description": "syndicate origin server", 
        "created": "2013-12-11T23:57:20.261Z", 
        "url": "node26.mpisws.vicci.org:32780", 
        "enabled": true, 
        "redirects": true, 
        "protocol": "http", 
        "contentProvider": 29
    }
},
{
    "pk": 3852, 
    "model": "hpc.originserver", 
    "fields": {
        "updated": "2013-12-11T23:57:20.270Z", 
        "authenticated": false, 
        "description": "syndicate origin server", 
        "created": "2013-12-11T23:57:20.270Z", 
        "url": "node25.mpisws.vicci.org:32780", 
        "enabled": true, 
        "redirects": true, 
        "protocol": "http", 
        "contentProvider": 29
    }
},
{
    "pk": 3853, 
    "model": "hpc.originserver", 
    "fields": {
        "updated": "2013-12-11T23:57:20.278Z", 
        "authenticated": false, 
        "description": "syndicate origin server", 
        "created": "2013-12-11T23:57:20.278Z", 
        "url": "node24.mpisws.vicci.org:32780", 
        "enabled": true, 
        "redirects": true, 
        "protocol": "http", 
        "contentProvider": 29
    }
},
{
    "pk": 3854, 
    "model": "hpc.originserver", 
    "fields": {
        "updated": "2013-12-11T23:57:20.286Z", 
        "authenticated": false, 
        "description": "syndicate origin server", 
        "created": "2013-12-11T23:57:20.286Z", 
        "url": "node23.mpisws.vicci.org:32780", 
        "enabled": true, 
        "redirects": true, 
        "protocol": "http", 
        "contentProvider": 29
    }
},
{
    "pk": 3855, 
    "model": "hpc.originserver", 
    "fields": {
        "updated": "2013-12-11T23:57:20.294Z", 
        "authenticated": false, 
        "description": "syndicate origin server", 
        "created": "2013-12-11T23:57:20.294Z", 
        "url": "node22.mpisws.vicci.org:32780", 
        "enabled": true, 
        "redirects": true, 
        "protocol": "http", 
        "contentProvider": 29
    }
},
{
    "pk": 3856, 
    "model": "hpc.originserver", 
    "fields": {
        "updated": "2013-12-11T23:57:20.303Z", 
        "authenticated": false, 
        "description": "syndicate origin server", 
        "created": "2013-12-11T23:57:20.303Z", 
        "url": "node21.mpisws.vicci.org:32780", 
        "enabled": true, 
        "redirects": true, 
        "protocol": "http", 
        "contentProvider": 29
    }
},
{
    "pk": 3857, 
    "model": "hpc.originserver", 
    "fields": {
        "updated": "2013-12-11T23:57:20.311Z", 
        "authenticated": false, 
        "description": "syndicate origin server", 
        "created": "2013-12-11T23:57:20.311Z", 
        "url": "node20.mpisws.vicci.org:32780", 
        "enabled": true, 
        "redirects": true, 
        "protocol": "http", 
        "contentProvider": 29
    }
},
{
    "pk": 3858, 
    "model": "hpc.originserver", 
    "fields": {
        "updated": "2013-12-11T23:57:20.319Z", 
        "authenticated": false, 
        "description": "syndicate origin server", 
        "created": "2013-12-11T23:57:20.319Z", 
        "url": "node19.mpisws.vicci.org:32780", 
        "enabled": true, 
        "redirects": true, 
        "protocol": "http", 
        "contentProvider": 29
    }
},
{
    "pk": 3859, 
    "model": "hpc.originserver", 
    "fields": {
        "updated": "2013-12-11T23:57:20.328Z", 
        "authenticated": false, 
        "description": "syndicate origin server", 
        "created": "2013-12-11T23:57:20.328Z", 
        "url": "node18.mpisws.vicci.org:32780", 
        "enabled": true, 
        "redirects": true, 
        "protocol": "http", 
        "contentProvider": 29
    }
},
{
    "pk": 3860, 
    "model": "hpc.originserver", 
    "fields": {
        "updated": "2013-12-11T23:57:20.336Z", 
        "authenticated": false, 
        "description": "syndicate origin server", 
        "created": "2013-12-11T23:57:20.336Z", 
        "url": "node17.mpisws.vicci.org:32780", 
        "enabled": true, 
        "redirects": true, 
        "protocol": "http", 
        "contentProvider": 29
    }
},
{
    "pk": 3861, 
    "model": "hpc.originserver", 
    "fields": {
        "updated": "2013-12-11T23:57:20.344Z", 
        "authenticated": false, 
        "description": "syndicate origin server", 
        "created": "2013-12-11T23:57:20.344Z", 
        "url": "node16.mpisws.vicci.org:32780", 
        "enabled": true, 
        "redirects": true, 
        "protocol": "http", 
        "contentProvider": 29
    }
},
{
    "pk": 3862, 
    "model": "hpc.originserver", 
    "fields": {
        "updated": "2013-12-11T23:57:20.352Z", 
        "authenticated": false, 
        "description": "syndicate origin server", 
        "created": "2013-12-11T23:57:20.352Z", 
        "url": "node15.mpisws.vicci.org:32780", 
        "enabled": true, 
        "redirects": true, 
        "protocol": "http", 
        "contentProvider": 29
    }
},
{
    "pk": 3863, 
    "model": "hpc.originserver", 
    "fields": {
        "updated": "2013-12-11T23:57:20.361Z", 
        "authenticated": false, 
        "description": "syndicate origin server", 
        "created": "2013-12-11T23:57:20.361Z", 
        "url": "node14.mpisws.vicci.org:32780", 
        "enabled": true, 
        "redirects": true, 
        "protocol": "http", 
        "contentProvider": 29
    }
},
{
    "pk": 3864, 
    "model": "hpc.originserver", 
    "fields": {
        "updated": "2013-12-11T23:57:20.369Z", 
        "authenticated": false, 
        "description": "syndicate origin server", 
        "created": "2013-12-11T23:57:20.369Z", 
        "url": "node13.mpisws.vicci.org:32780", 
        "enabled": true, 
        "redirects": true, 
        "protocol": "http", 
        "contentProvider": 29
    }
},
{
    "pk": 3865, 
    "model": "hpc.originserver", 
    "fields": {
        "updated": "2013-12-11T23:57:20.377Z", 
        "authenticated": false, 
        "description": "syndicate origin server", 
        "created": "2013-12-11T23:57:20.377Z", 
        "url": "node12.mpisws.vicci.org:32780", 
        "enabled": true, 
        "redirects": true, 
        "protocol": "http", 
        "contentProvider": 29
    }
},
{
    "pk": 3866, 
    "model": "hpc.originserver", 
    "fields": {
        "updated": "2013-12-11T23:57:20.386Z", 
        "authenticated": false, 
        "description": "syndicate origin server", 
        "created": "2013-12-11T23:57:20.386Z", 
        "url": "node11.mpisws.vicci.org:32780", 
        "enabled": true, 
        "redirects": true, 
        "protocol": "http", 
        "contentProvider": 29
    }
},
{
    "pk": 3867, 
    "model": "hpc.originserver", 
    "fields": {
        "updated": "2013-12-11T23:57:20.394Z", 
        "authenticated": false, 
        "description": "syndicate origin server", 
        "created": "2013-12-11T23:57:20.394Z", 
        "url": "node10.mpisws.vicci.org:32780", 
        "enabled": true, 
        "redirects": true, 
        "protocol": "http", 
        "contentProvider": 29
    }
},
{
    "pk": 3868, 
    "model": "hpc.originserver", 
    "fields": {
        "updated": "2013-12-11T23:57:20.402Z", 
        "authenticated": false, 
        "description": "syndicate origin server", 
        "created": "2013-12-11T23:57:20.402Z", 
        "url": "node9.mpisws.vicci.org:32780", 
        "enabled": true, 
        "redirects": true, 
        "protocol": "http", 
        "contentProvider": 29
    }
},
{
    "pk": 3869, 
    "model": "hpc.originserver", 
    "fields": {
        "updated": "2013-12-11T23:57:20.410Z", 
        "authenticated": false, 
        "description": "syndicate origin server", 
        "created": "2013-12-11T23:57:20.410Z", 
        "url": "node8.mpisws.vicci.org:32780", 
        "enabled": true, 
        "redirects": true, 
        "protocol": "http", 
        "contentProvider": 29
    }
},
{
    "pk": 3870, 
    "model": "hpc.originserver", 
    "fields": {
        "updated": "2013-12-11T23:57:20.419Z", 
        "authenticated": false, 
        "description": "syndicate origin server", 
        "created": "2013-12-11T23:57:20.419Z", 
        "url": "node7.mpisws.vicci.org:32780", 
        "enabled": true, 
        "redirects": true, 
        "protocol": "http", 
        "contentProvider": 29
    }
},
{
    "pk": 3871, 
    "model": "hpc.originserver", 
    "fields": {
        "updated": "2013-12-11T23:57:20.427Z", 
        "authenticated": false, 
        "description": "syndicate origin server", 
        "created": "2013-12-11T23:57:20.427Z", 
        "url": "node6.mpisws.vicci.org:32780", 
        "enabled": true, 
        "redirects": true, 
        "protocol": "http", 
        "contentProvider": 29
    }
},
{
    "pk": 3872, 
    "model": "hpc.originserver", 
    "fields": {
        "updated": "2013-12-11T23:57:20.435Z", 
        "authenticated": false, 
        "description": "syndicate origin server", 
        "created": "2013-12-11T23:57:20.435Z", 
        "url": "node5.mpisws.vicci.org:32780", 
        "enabled": true, 
        "redirects": true, 
        "protocol": "http", 
        "contentProvider": 29
    }
},
{
    "pk": 3873, 
    "model": "hpc.originserver", 
    "fields": {
        "updated": "2013-12-11T23:57:20.443Z", 
        "authenticated": false, 
        "description": "syndicate origin server", 
        "created": "2013-12-11T23:57:20.443Z", 
        "url": "node4.mpisws.vicci.org:32780", 
        "enabled": true, 
        "redirects": true, 
        "protocol": "http", 
        "contentProvider": 29
    }
},
{
    "pk": 3874, 
    "model": "hpc.originserver", 
    "fields": {
        "updated": "2013-12-11T23:57:20.452Z", 
        "authenticated": false, 
        "description": "syndicate origin server", 
        "created": "2013-12-11T23:57:20.452Z", 
        "url": "node3.mpisws.vicci.org:32780", 
        "enabled": true, 
        "redirects": true, 
        "protocol": "http", 
        "contentProvider": 29
    }
},
{
    "pk": 3875, 
    "model": "hpc.originserver", 
    "fields": {
        "updated": "2013-12-11T23:57:20.460Z", 
        "authenticated": false, 
        "description": "syndicate origin server", 
        "created": "2013-12-11T23:57:20.460Z", 
        "url": "node2.mpisws.vicci.org:32780", 
        "enabled": true, 
        "redirects": true, 
        "protocol": "http", 
        "contentProvider": 29
    }
},
{
    "pk": 3876, 
    "model": "hpc.originserver", 
    "fields": {
        "updated": "2013-12-11T23:57:20.468Z", 
        "authenticated": false, 
        "description": "syndicate origin server", 
        "created": "2013-12-11T23:57:20.468Z", 
        "url": "node1.mpisws.vicci.org:32780", 
        "enabled": true, 
        "redirects": true, 
        "protocol": "http", 
        "contentProvider": 29
    }
},
{
    "pk": 3877, 
    "model": "hpc.originserver", 
    "fields": {
        "updated": "2013-12-11T23:57:20.594Z", 
        "authenticated": false, 
        "description": "Content from www.cs.gatech.edu", 
        "created": "2013-12-11T23:57:20.594Z", 
        "url": "www.cs.gatech.edu", 
        "enabled": true, 
        "redirects": true, 
        "protocol": "http", 
        "contentProvider": 30
    }
},
{
    "pk": 3878, 
    "model": "hpc.originserver", 
    "fields": {
        "updated": "2013-12-11T23:57:20.619Z", 
        "authenticated": false, 
        "description": "Content from www.cs.stanford.edu", 
        "created": "2013-12-11T23:57:20.619Z", 
        "url": "www.cs.stanford.edu", 
        "enabled": true, 
        "redirects": true, 
        "protocol": "http", 
        "contentProvider": 31
    }
},
{
    "pk": 3879, 
    "model": "hpc.originserver", 
    "fields": {
        "updated": "2013-12-11T23:57:20.644Z", 
        "authenticated": false, 
        "description": "Content from www.cs.washington.edu", 
        "created": "2013-12-11T23:57:20.644Z", 
        "url": "www.cs.washington.edu", 
        "enabled": true, 
        "redirects": true, 
        "protocol": "http", 
        "contentProvider": 32
    }
},
{
    "pk": 3880, 
    "model": "hpc.originserver", 
    "fields": {
        "updated": "2013-12-11T23:57:20.669Z", 
        "authenticated": false, 
        "description": "Content from www.mpg.de", 
        "created": "2013-12-11T23:57:20.669Z", 
        "url": "www.mpg.de", 
        "enabled": true, 
        "redirects": true, 
        "protocol": "http", 
        "contentProvider": 33
    }
},
{
    "pk": 3881, 
    "model": "hpc.originserver", 
    "fields": {
        "updated": "2013-12-11T23:57:20.694Z", 
        "authenticated": false, 
        "description": "Content from www.cs.princeton.edu", 
        "created": "2013-12-11T23:57:20.694Z", 
        "url": "www.cs.princeton.edu", 
        "enabled": true, 
        "redirects": true, 
        "protocol": "http", 
        "contentProvider": 34
    }
},
{
    "pk": 3882, 
    "model": "hpc.originserver", 
    "fields": {
        "updated": "2013-12-11T23:57:20.719Z", 
        "authenticated": false, 
        "description": "onlab virtual machine images", 
        "created": "2013-12-11T23:57:20.719Z", 
        "url": "images.onlab.org", 
        "enabled": true, 
        "redirects": true, 
        "protocol": "http", 
        "contentProvider": 35
    }
},
{
    "pk": 36, 
    "model": "hpc.cdnprefix", 
    "fields": {
        "updated": "2013-12-11T23:57:20.479Z", 
        "description": "CDN Prefix for the Syndicate distributed filesystem", 
        "created": "2013-12-11T23:57:20.479Z", 
        "enabled": true, 
        "prefix": "cdn.syndicatedrive.com", 
        "defaultOriginServer": 3876, 
        "contentProvider": 29
    }
},
{
    "pk": 37, 
    "model": "hpc.cdnprefix", 
    "fields": {
        "updated": "2013-12-11T23:57:20.602Z", 
        "description": "CDN Prefix for Georgia Tech", 
        "created": "2013-12-11T23:57:20.602Z", 
        "enabled": true, 
        "prefix": "gt.opencdn.internet2.edu", 
        "defaultOriginServer": 3877, 
        "contentProvider": 30
    }
},
{
    "pk": 38, 
    "model": "hpc.cdnprefix", 
    "fields": {
        "updated": "2013-12-11T23:57:20.627Z", 
        "description": "CDN Prefix for Stanford University", 
        "created": "2013-12-11T23:57:20.627Z", 
        "enabled": true, 
        "prefix": "stanford.opencdn.internet2.edu", 
        "defaultOriginServer": 3878, 
        "contentProvider": 31
    }
},
{
    "pk": 39, 
    "model": "hpc.cdnprefix", 
    "fields": {
        "updated": "2013-12-11T23:57:20.652Z", 
        "description": "CDN Prefix for University of Washington", 
        "created": "2013-12-11T23:57:20.652Z", 
        "enabled": true, 
        "prefix": "washington.opencdn.internet2.edu", 
        "defaultOriginServer": 3879, 
        "contentProvider": 32
    }
},
{
    "pk": 40, 
    "model": "hpc.cdnprefix", 
    "fields": {
        "updated": "2013-12-11T23:57:20.677Z", 
        "description": "CDN Prefix for Max Planck Institute", 
        "created": "2013-12-11T23:57:20.677Z", 
        "enabled": true, 
        "prefix": "mp.opencdn.internet2.edu", 
        "defaultOriginServer": 3880, 
        "contentProvider": 33
    }
},
{
    "pk": 41, 
    "model": "hpc.cdnprefix", 
    "fields": {
        "updated": "2013-12-11T23:57:20.702Z", 
        "description": "CDN Prefix for Princeton University", 
        "created": "2013-12-11T23:57:20.702Z", 
        "enabled": true, 
        "prefix": "princeton.opencdn.internet2.edu", 
        "defaultOriginServer": 3881, 
        "contentProvider": 34
    }
},
{
    "pk": 42, 
    "model": "hpc.cdnprefix", 
    "fields": {
        "updated": "2013-12-11T23:57:20.727Z", 
        "description": "CDN Prefix for ON.LAB", 
        "created": "2013-12-11T23:57:20.727Z", 
        "enabled": true, 
        "prefix": "onlab.vicci.org", 
        "defaultOriginServer": 3882, 
        "contentProvider": 35
    }
}
]
