[
{
    "fields": {
        "updated": "2013-12-04T22:51:07.137Z",
        "description": "Syndicate Shared Filesystem.",
        "created": "2013-12-04T22:51:07.137Z",
        "deleted": false,
        "enabled": true,
        "name": "Syndicate",
        "versionNumber": "",
        "published": true,
        "backend_status": "Provisioning in progress",
        "enacted": null
    },
    "model": "core.service",
    "pk": 5
},
{
    "fields": {
        "updated": "2014-04-30T16:39:51.240Z",
        "description": "Service to help load balance and direct traffic flow to content within the CDN",
        "created": "2014-04-30T03:32:30.910Z",
        "deleted": false,
        "enabled": true,
        "name": "Request Router Service",
        "versionNumber": "1.0",
        "published": true,
        "backend_status": "Provisioning in progress",
        "enacted": "2014-04-30T16:39:51.342Z"
    },
    "model": "core.service",
    "pk": 10
},
{
    "fields": {
        "updated": "2014-08-08T18:23:13.954Z",
        "description": "Syndicate Storage Service",
        "created": "2014-08-08T18:23:13.954Z",
        "deleted": false,
        "enabled": true,
        "name": "Syndicate",
        "versionNumber": "1.0b",
        "published": true,
        "backend_status": "Provisioning in progress",
        "enacted": null
    },
    "model": "core.service",
    "pk": 11
},
{
    "fields": {
        "updated": "2014-08-20T00:47:49.953Z",
        "description": "HyperCache Service for CDN",
        "created": "2014-08-19T21:10:59.031Z",
        "deleted": false,
        "enabled": true,
        "name": "HPC Service",
        "versionNumber": "2.9",
        "published": true,
        "backend_status": "Provisioning in progress",
        "enacted": "2014-08-20T00:48:07.398Z"
    },
    "model": "core.service",
    "pk": 12
},
{
    "fields": {
        "updated": "2014-04-07T12:42:47.951Z",
        "name": "Stanford",
        "created": "2013-04-03T23:14:11.072Z",
        "deleted": false,
        "enabled": true,
        "longitude": null,
        "site_url": "http://www.stanford.edu/",
        "login_base": "stanford",
        "location": "37.4294,-122.17200000000003",
        "latitude": null,
        "is_public": true,
        "backend_status": "Provisioning in progress",
        "abbreviated_name": "",
        "enacted": "2014-04-07T12:42:48.013Z"
    },
    "model": "core.site",
    "pk": 8
},
{
    "fields": {
        "updated": "2014-10-10T20:39:13.441Z",
        "name": "Washington",
        "created": "2013-04-03T23:14:11.072Z",
        "deleted": false,
        "enabled": true,
        "longitude": null,
        "site_url": "https://www.washington.edu/",
        "login_base": "uw",
        "location": "47.6531,-122.31299999999999",
        "latitude": null,
        "is_public": true,
        "backend_status": "Provisioning in progress",
        "abbreviated_name": "",
        "enacted": "2014-06-16T02:22:12.666Z"
    },
    "model": "core.site",
    "pk": 9
},
{
    "fields": {
        "updated": "2014-04-13T22:47:23.445Z",
        "name": "Princeton",
        "created": "2013-04-03T23:14:11.072Z",
        "deleted": false,
        "enabled": true,
        "longitude": null,
        "site_url": "http://cs.princeton.edu/",
        "login_base": "princeton",
        "location": "40.3502,-74.6524",
        "latitude": null,
        "is_public": true,
        "backend_status": "Provisioning in progress",
        "abbreviated_name": "",
        "enacted": "2014-04-13T22:47:23.543Z"
    },
    "model": "core.site",
    "pk": 10
},
{
    "fields": {
        "updated": "2014-06-18T13:32:05.249Z",
        "name": "GeorgiaTech",
        "created": "2013-04-03T23:14:11.072Z",
        "deleted": false,
        "enabled": true,
        "longitude": null,
        "site_url": "http://www.gatech.edu/",
        "login_base": "gt",
        "location": "33.7772,-84.39760000000001",
        "latitude": null,
        "is_public": true,
        "backend_status": "Provisioning in progress",
        "abbreviated_name": "",
        "enacted": "2014-06-18T13:32:07.659Z"
    },
    "model": "core.site",
    "pk": 11
},
{
    "fields": {
        "updated": "2014-06-16T02:22:14.527Z",
        "name": "MaxPlanck",
        "created": "2013-04-03T23:14:11.072Z",
        "deleted": false,
        "enabled": true,
        "longitude": null,
        "site_url": "http://www.mpi-sws.mpg.de/",
        "login_base": "mpisws",
        "location": "49.14,6.588999999999942",
        "latitude": null,
        "is_public": true,
        "backend_status": "Provisioning in progress",
        "abbreviated_name": "",
        "enacted": "2014-06-16T02:22:16.542Z"
    },
    "model": "core.site",
    "pk": 12
},
{
    "fields": {
        "updated": "2014-06-18T23:06:34.637Z",
        "name": "I2 Atlanta",
        "created": "2013-04-03T23:14:11.072Z",
        "deleted": false,
        "enabled": true,
        "longitude": null,
        "site_url": "http://www.internet2.edu/",
        "login_base": "i2atlanta",
        "location": "33.0075,-84.00380000000001",
        "latitude": null,
        "is_public": true,
        "backend_status": "Provisioning in progress",
        "abbreviated_name": "",
        "enacted": "2014-06-18T23:06:36.774Z"
    },
    "model": "core.site",
    "pk": 13
},
{
    "fields": {
        "updated": "2014-06-16T02:22:06.468Z",
        "name": "I2 Chicago",
        "created": "2013-04-03T23:14:11.072Z",
        "deleted": false,
        "enabled": true,
        "longitude": null,
        "site_url": "http://www.internet2.edu/",
        "login_base": "i2chic",
        "location": "41.0085,-87.00650000000002",
        "latitude": null,
        "is_public": true,
        "backend_status": "Provisioning in progress",
        "abbreviated_name": "",
        "enacted": "2014-06-16T02:22:08.493Z"
    },
    "model": "core.site",
    "pk": 14
},
{
    "fields": {
        "updated": "2014-06-18T23:06:30.735Z",
        "name": "I2 Houston",
        "created": "2013-04-03T23:14:11.072Z",
        "deleted": false,
        "enabled": true,
        "longitude": null,
        "site_url": "http://www.internet2.edu/",
        "login_base": "i2hous",
        "location": "29.0077,-95.00369999999998",
        "latitude": null,
        "is_public": true,
        "backend_status": "Provisioning in progress",
        "abbreviated_name": "",
        "enacted": "2014-06-18T23:06:32.690Z"
    },
    "model": "core.site",
    "pk": 15
},
{
    "fields": {
        "updated": "2014-06-16T02:21:53.348Z",
        "name": "I2 Kansas City",
        "created": "2013-04-03T23:14:11.072Z",
        "deleted": false,
        "enabled": true,
        "longitude": null,
        "site_url": "http://www.internet2.edu/",
        "login_base": "i2kans",
        "location": "39.0012,-94.00630000000001",
        "latitude": null,
        "is_public": true,
        "backend_status": "Provisioning in progress",
        "abbreviated_name": "",
        "enacted": "2014-06-16T02:21:55.661Z"
    },
    "model": "core.site",
    "pk": 16
},
{
    "fields": {
        "updated": "2014-06-18T23:06:26.794Z",
        "name": "I2 Los Angeles",
        "created": "2013-04-03T23:14:11.072Z",
        "deleted": false,
        "enabled": true,
        "longitude": null,
        "site_url": "http://www.internet2.edu/",
        "login_base": "i2losa",
        "location": "33.2505,-117.50299999999999",
        "latitude": null,
        "is_public": true,
        "backend_status": "Provisioning in progress",
        "abbreviated_name": "",
        "enacted": "2014-06-18T23:06:28.742Z"
    },
    "model": "core.site",
    "pk": 17
},
{
    "fields": {
        "updated": "2014-06-16T02:21:57.885Z",
        "name": "I2 New York",
        "created": "2013-04-03T23:14:11.072Z",
        "deleted": false,
        "enabled": true,
        "longitude": null,
        "site_url": "http://www.internet2.edu/",
        "login_base": "i2newy",
        "location": "40.72,-73.99000000000001",
        "latitude": null,
        "is_public": true,
        "backend_status": "Provisioning in progress",
        "abbreviated_name": "",
        "enacted": "2014-06-16T02:22:00.144Z"
    },
    "model": "core.site",
    "pk": 18
},
{
    "fields": {
        "updated": "2014-06-18T23:06:22.665Z",
        "name": "I2 Salt Lake City",
        "created": "2013-04-03T23:14:11.072Z",
        "deleted": false,
        "enabled": true,
        "longitude": null,
        "site_url": "http://www.internet2.edu/",
        "login_base": "i2salt",
        "location": "40.7659,-111.844",
        "latitude": null,
        "is_public": true,
        "backend_status": "Provisioning in progress",
        "abbreviated_name": "",
        "enacted": "2014-06-18T23:06:24.849Z"
    },
    "model": "core.site",
    "pk": 19
},
{
    "fields": {
        "updated": "2014-06-18T23:06:18.631Z",
        "name": "I2 Seattle",
        "created": "2013-04-03T23:14:11.072Z",
        "deleted": false,
        "enabled": true,
        "longitude": null,
        "site_url": "http://www.internet2.edu/",
        "login_base": "i2seat",
        "location": "47.6531,-122.31299999999999",
        "latitude": null,
        "is_public": true,
        "backend_status": "Provisioning in progress",
        "abbreviated_name": "",
        "enacted": "2014-06-18T23:06:20.677Z"
    },
    "model": "core.site",
    "pk": 20
},
{
    "fields": {
        "updated": "2014-06-18T23:00:29.986Z",
        "name": "I2 Washington DC",
        "created": "2013-04-03T23:14:11.072Z",
        "deleted": false,
        "enabled": true,
        "longitude": null,
        "site_url": "http://www.internet2.edu/",
        "login_base": "i2wash",
        "location": "38.009,-77.00029999999998",
        "latitude": null,
        "is_public": true,
        "backend_status": "Provisioning in progress",
        "abbreviated_name": "",
        "enacted": "2014-06-18T23:00:31.992Z"
    },
    "model": "core.site",
    "pk": 21
},
{
    "fields": {
        "updated": "2014-04-02T01:55:17.301Z",
        "name": "ON.Lab",
        "created": "2013-04-03T23:14:11.072Z",
        "deleted": false,
        "enabled": true,
        "longitude": null,
        "site_url": "http://www.onlab.us/",
        "login_base": "onlab",
        "location": "37.452955,-122.18176599999998",
        "latitude": null,
        "is_public": true,
        "backend_status": "Provisioning in progress",
        "abbreviated_name": "",
        "enacted": "2014-04-02T01:55:17.359Z"
    },
    "model": "core.site",
    "pk": 22
},
{
    "fields": {
        "updated": "2014-06-18T23:00:25.954Z",
        "name": "I2 Singapore",
        "created": "2013-12-17T17:08:49.669Z",
        "deleted": false,
        "enabled": true,
        "longitude": null,
        "site_url": "http://www.internet2.edu/",
        "login_base": "i2singapore",
        "location": "1.33544,103.88999999999999",
        "latitude": null,
        "is_public": true,
        "backend_status": "Provisioning in progress",
        "abbreviated_name": "",
        "enacted": "2014-06-18T23:00:27.927Z"
    },
    "model": "core.site",
    "pk": 23
},
{
    "fields": {
        "updated": "2014-10-10T18:12:36.775Z",
        "name": "Arizona",
        "created": "2013-12-17T18:07:14.190Z",
        "deleted": false,
        "enabled": true,
        "longitude": null,
        "site_url": "http://www.cs.arizona.edu/",
        "login_base": "arizona",
        "location": "32.2333,-110.94799999999998",
        "latitude": null,
        "is_public": true,
        "backend_status": "Provisioning in progress",
        "abbreviated_name": "",
        "enacted": "2014-04-25T14:54:14.431Z"
    },
    "model": "core.site",
    "pk": 24
},
{
    "fields": {
        "updated": "2014-07-02T15:00:14.135Z",
        "name": "Akamai",
        "created": "2014-06-30T11:08:42.771Z",
        "deleted": false,
        "enabled": true,
        "longitude": null,
        "site_url": "",
        "login_base": "akamai",
        "location": "0,0",
        "latitude": null,
        "is_public": true,
        "backend_status": "Provisioning in progress",
        "abbreviated_name": "",
        "enacted": "2014-07-02T15:00:17.551Z"
    },
    "model": "core.site",
    "pk": 25
},
{
    "fields": {
        "updated": "2014-08-06T17:30:32.368Z",
        "name": "us-east-1b",
        "created": "2014-08-06T17:30:32.368Z",
        "deleted": false,
        "enabled": true,
        "longitude": null,
        "site_url": "www.amazon.com",
        "login_base": "us-east-1b",
        "location": "0,0",
        "latitude": null,
        "is_public": true,
        "backend_status": "Provisioning in progress",
        "abbreviated_name": "us-east-1b",
        "enacted": "2014-08-06T17:30:34.184Z"
    },
    "model": "core.site",
    "pk": 26
},
{
    "fields": {
        "updated": "2014-08-06T17:30:35.930Z",
        "name": "us-east-1c",
        "created": "2014-08-06T17:30:35.930Z",
        "deleted": false,
        "enabled": true,
        "longitude": null,
        "site_url": "www.amazon.com",
        "login_base": "us-east-1c",
        "location": "0,0",
        "latitude": null,
        "is_public": true,
        "backend_status": "Provisioning in progress",
        "abbreviated_name": "us-east-1c",
        "enacted": "2014-08-06T17:30:37.622Z"
    },
    "model": "core.site",
    "pk": 27
},
{
    "fields": {
        "updated": "2014-08-06T17:30:39.357Z",
        "name": "us-east-1a",
        "created": "2014-08-06T17:30:39.357Z",
        "deleted": false,
        "enabled": true,
        "longitude": null,
        "site_url": "www.amazon.com",
        "login_base": "us-east-1a",
        "location": "0,0",
        "latitude": null,
        "is_public": true,
        "backend_status": "Provisioning in progress",
        "abbreviated_name": "us-east-1a",
        "enacted": "2014-08-06T17:30:41.093Z"
    },
    "model": "core.site",
    "pk": 28
},
{
    "fields": {
        "updated": "2014-10-10T18:21:45.546Z",
        "name": "US-Stanford",
        "created": "2014-10-10T18:19:45.964Z",
        "deleted": false,
        "enabled": true,
        "longitude": null,
        "site_url": "",
        "login_base": "vicci-su",
        "location": "37.4334314847366,-122.17071533203125",
        "latitude": null,
        "is_public": true,
        "backend_status": "Provisioning in progress",
        "abbreviated_name": "",
        "enacted": null
    },
    "model": "core.site",
    "pk": 30
},
{
    "fields": {
        "updated": "2014-10-10T18:21:37.075Z",
        "name": "US-Princeton",
        "created": "2014-10-10T18:21:37.075Z",
        "deleted": false,
        "enabled": true,
        "longitude": null,
        "site_url": "",
        "login_base": "vicci-pu",
        "location": "40.34340411709383,-74.6517562866211",
        "latitude": null,
        "is_public": true,
        "backend_status": "Provisioning in progress",
        "abbreviated_name": "",
        "enacted": null
    },
    "model": "core.site",
    "pk": 31
},
{
    "fields": {
        "updated": "2014-10-10T18:23:18.359Z",
        "name": "US-Washington",
        "created": "2014-10-10T18:23:18.359Z",
        "deleted": false,
        "enabled": true,
        "longitude": null,
        "site_url": "",
        "login_base": "vicci-uw",
        "location": "47.665387356326434,-122.31491088867188",
        "latitude": null,
        "is_public": true,
        "backend_status": "Provisioning in progress",
        "abbreviated_name": "",
        "enacted": null
    },
    "model": "core.site",
    "pk": 32
},
{
    "fields": {
        "updated": "2014-10-10T18:24:36.292Z",
        "name": "US-GeorgiaTech",
        "created": "2014-10-10T18:24:36.292Z",
        "deleted": false,
        "enabled": true,
        "longitude": null,
        "site_url": "",
        "login_base": "vicci-gt",
        "location": "33.77558018991874,-84.39637184143066",
        "latitude": null,
        "is_public": true,
        "backend_status": "Provisioning in progress",
        "abbreviated_name": "",
        "enacted": null
    },
    "model": "core.site",
    "pk": 33
},
{
    "fields": {
        "updated": "2014-10-10T18:26:19.473Z",
        "name": "EU-MaxPlanck",
        "created": "2014-10-10T18:26:19.473Z",
        "deleted": false,
        "enabled": true,
        "longitude": null,
        "site_url": "",
        "login_base": "vicci-mpi",
        "location": "49.24001745095521,6.980438232421875",
        "latitude": null,
        "is_public": true,
        "backend_status": "Provisioning in progress",
        "abbreviated_name": "",
        "enacted": null
    },
    "model": "core.site",
    "pk": 34
},
{
    "fields": {
        "updated": "2014-04-15T15:09:16.453Z",
        "created": "2013-12-17T18:08:54.842Z",
        "deleted": false,
        "role": "pi",
        "backend_status": "Provisioning in progress",
        "enacted": "2014-04-15T15:09:16.509Z"
    },
    "model": "core.siterole",
    "pk": 1
},
{
    "fields": {
        "updated": "2014-08-06T17:10:27.167Z",
        "created": "2014-08-06T17:10:27.167Z",
        "deleted": false,
        "role": "default",
        "backend_status": "AuthorizationFailure(\"Authorization Failed: unsupported operand type(s) for +: 'NoneType' and 'str'\",)",
        "enacted": null
    },
    "model": "core.siterole",
    "pk": 2
},
{
    "fields": {
        "accessControl": "allow all",
        "updated": "2013-04-03T22:57:23.015Z",
        "name": "deleted5",
        "created": "2013-04-03T22:57:23.015Z",
        "deleted": true,
        "backend_status": "Provisioning in progress",
        "enacted": null
    },
    "model": "core.deployment",
    "pk": 5
},
{
    "fields": {
        "accessControl": "allow all",
        "updated": "2013-04-03T22:57:23.015Z",
        "name": "deleted6",
        "created": "2013-04-03T22:57:23.015Z",
        "deleted": true,
        "backend_status": "Provisioning in progress",
        "enacted": null
    },
    "model": "core.deployment",
    "pk": 6
},
{
    "fields": {
        "accessControl": "allow all",
        "updated": "2013-04-03T22:57:23.015Z",
        "name": "deleted8",
        "created": "2013-04-03T22:57:23.015Z",
        "deleted": true,
        "backend_status": "Provisioning in progress",
        "enacted": null
    },
    "model": "core.deployment",
    "pk": 8
},
{
    "fields": {
        "accessControl": "allow all",
        "updated": "2013-04-03T22:57:23.015Z",
        "name": "deleted9",
        "created": "2013-04-03T22:57:23.015Z",
        "deleted": true,
        "backend_status": "Provisioning in progress",
        "enacted": null
    },
    "model": "core.deployment",
    "pk": 9
},
{
    "fields": {
        "accessControl": "allow all",
        "updated": "2014-10-10T18:16:04.702Z",
        "name": "Internet2",
        "created": "2013-04-03T22:57:23.015Z",
        "deleted": false,
        "backend_status": "Provisioning in progress",
        "enacted": null
    },
    "model": "core.deployment",
    "pk": 10
},
{
    "fields": {
        "accessControl": "allow all",
        "updated": "2014-10-10T18:15:31.963Z",
        "name": "Enterprise",
        "created": "2014-03-27T20:31:26.778Z",
        "deleted": false,
        "backend_status": "Provisioning in progress",
        "enacted": null
    },
    "model": "core.deployment",
    "pk": 11
},
{
    "fields": {
        "accessControl": "allow all",
        "updated": "2014-09-24T04:30:33.322Z",
        "name": "Amazon EC2",
        "created": "2014-08-05T16:39:13.090Z",
        "deleted": false,
        "backend_status": "Provisioning in progress",
        "enacted": "2014-08-05T16:39:13.618Z"
    },
    "model": "core.deployment",
    "pk": 17
},
{
    "fields": {
        "accessControl": "allow all",
        "updated": "2014-10-10T20:37:51.084Z",
        "name": "ViCCI",
        "created": "2014-10-10T18:17:29.544Z",
        "deleted": false,
        "backend_status": "Provisioning in progress",
        "enacted": null
    },
    "model": "core.deployment",
    "pk": 18
},
{
    "fields": {
        "updated": "2014-06-20T01:53:26.009Z",
        "created": "2014-06-11T20:04:22.875Z",
        "deleted": false,
        "site": 16,
        "deployment": 10,
        "backend_status": "Provisioning in progress",
        "enacted": "2014-06-20T01:53:28.687Z"
    },
    "model": "core.sitedeployments",
    "pk": 19
},
{
    "fields": {
        "updated": "2014-06-20T01:53:31.951Z",
        "created": "2014-06-11T20:04:38.650Z",
        "deleted": false,
        "site": 18,
        "deployment": 10,
        "backend_status": "Provisioning in progress",
        "enacted": "2014-06-20T01:53:34.657Z"
    },
    "model": "core.sitedeployments",
    "pk": 20
},
{
    "fields": {
        "updated": "2014-06-20T01:53:37.829Z",
        "created": "2014-06-11T20:05:14.597Z",
        "deleted": false,
        "site": 21,
        "deployment": 10,
        "backend_status": "Provisioning in progress",
        "enacted": "2014-06-20T01:53:40.604Z"
    },
    "model": "core.sitedeployments",
    "pk": 21
},
{
    "fields": {
        "updated": "2014-06-20T01:53:44.100Z",
        "created": "2014-06-11T20:05:29.228Z",
        "deleted": false,
        "site": 14,
        "deployment": 10,
        "backend_status": "Provisioning in progress",
        "enacted": "2014-06-20T01:53:47.047Z"
    },
    "model": "core.sitedeployments",
    "pk": 22
},
{
    "fields": {
        "updated": "2014-06-30T19:50:25.329Z",
        "created": "2014-06-30T19:50:25.329Z",
        "deleted": false,
        "site": 25,
        "deployment": 11,
        "backend_status": "Authorization Failed: unsupported operand type(s) for +: 'NoneType' and 'str'",
        "enacted": "2014-08-08T03:49:32.318Z"
    },
    "model": "core.sitedeployments",
    "pk": 27
},
{
    "fields": {
        "updated": "2014-08-06T17:46:00.835Z",
        "created": "2014-08-06T17:46:00.835Z",
        "deleted": false,
        "site": 28,
        "deployment": 17,
        "backend_status": "Provisioning in progress",
        "enacted": "2014-08-06T17:46:03.289Z"
    },
    "model": "core.sitedeployments",
    "pk": 28
},
{
    "fields": {
        "updated": "2014-08-06T17:46:05.579Z",
        "created": "2014-08-06T17:46:05.579Z",
        "deleted": false,
        "site": 26,
        "deployment": 17,
        "backend_status": "Provisioning in progress",
        "enacted": "2014-08-06T17:46:07.804Z"
    },
    "model": "core.sitedeployments",
    "pk": 29
},
{
    "fields": {
        "updated": "2014-08-06T17:46:10.244Z",
        "created": "2014-08-06T17:46:10.244Z",
        "deleted": false,
        "site": 27,
        "deployment": 17,
        "backend_status": "Provisioning in progress",
        "enacted": "2014-08-06T17:46:12.521Z"
    },
    "model": "core.sitedeployments",
    "pk": 30
},
{
    "fields": {
        "updated": "2014-10-10T18:15:31.907Z",
        "created": "2014-10-10T18:15:31.907Z",
        "deleted": false,
        "site": 8,
        "deployment": 11,
        "backend_status": "Provisioning in progress",
        "enacted": null
    },
    "model": "core.sitedeployments",
    "pk": 31
},
{
    "fields": {
        "updated": "2014-10-10T18:15:31.909Z",
        "created": "2014-10-10T18:15:31.909Z",
        "deleted": false,
        "site": 9,
        "deployment": 11,
        "backend_status": "Provisioning in progress",
        "enacted": null
    },
    "model": "core.sitedeployments",
    "pk": 32
},
{
    "fields": {
        "updated": "2014-10-10T18:15:31.910Z",
        "created": "2014-10-10T18:15:31.910Z",
        "deleted": false,
        "site": 10,
        "deployment": 11,
        "backend_status": "Provisioning in progress",
        "enacted": null
    },
    "model": "core.sitedeployments",
    "pk": 33
},
{
    "fields": {
        "updated": "2014-10-10T18:15:31.912Z",
        "created": "2014-10-10T18:15:31.912Z",
        "deleted": false,
        "site": 11,
        "deployment": 11,
        "backend_status": "Provisioning in progress",
        "enacted": null
    },
    "model": "core.sitedeployments",
    "pk": 34
},
{
    "fields": {
        "updated": "2014-10-10T18:15:31.913Z",
        "created": "2014-10-10T18:15:31.913Z",
        "deleted": false,
        "site": 12,
        "deployment": 11,
        "backend_status": "Provisioning in progress",
        "enacted": null
    },
    "model": "core.sitedeployments",
    "pk": 35
},
{
    "fields": {
        "updated": "2014-10-10T18:15:31.914Z",
        "created": "2014-10-10T18:15:31.914Z",
        "deleted": false,
        "site": 22,
        "deployment": 11,
        "backend_status": "Provisioning in progress",
        "enacted": null
    },
    "model": "core.sitedeployments",
    "pk": 36
},
{
    "fields": {
        "updated": "2014-10-10T18:15:31.916Z",
        "created": "2014-10-10T18:15:31.916Z",
        "deleted": false,
        "site": 24,
        "deployment": 11,
        "backend_status": "Provisioning in progress",
        "enacted": null
    },
    "model": "core.sitedeployments",
    "pk": 37
},
{
    "fields": {
        "updated": "2014-10-10T18:16:04.531Z",
        "created": "2014-10-10T18:16:04.531Z",
        "deleted": false,
        "site": 13,
        "deployment": 10,
        "backend_status": "Provisioning in progress",
        "enacted": null
    },
    "model": "core.sitedeployments",
    "pk": 38
},
{
    "fields": {
        "updated": "2014-10-10T18:16:04.533Z",
        "created": "2014-10-10T18:16:04.533Z",
        "deleted": false,
        "site": 15,
        "deployment": 10,
        "backend_status": "Provisioning in progress",
        "enacted": null
    },
    "model": "core.sitedeployments",
    "pk": 39
},
{
    "fields": {
        "updated": "2014-10-10T18:16:04.534Z",
        "created": "2014-10-10T18:16:04.534Z",
        "deleted": false,
        "site": 17,
        "deployment": 10,
        "backend_status": "Provisioning in progress",
        "enacted": null
    },
    "model": "core.sitedeployments",
    "pk": 40
},
{
    "fields": {
        "updated": "2014-10-10T18:16:04.536Z",
        "created": "2014-10-10T18:16:04.536Z",
        "deleted": false,
        "site": 19,
        "deployment": 10,
        "backend_status": "Provisioning in progress",
        "enacted": null
    },
    "model": "core.sitedeployments",
    "pk": 41
},
{
    "fields": {
        "updated": "2014-10-10T18:16:04.537Z",
        "created": "2014-10-10T18:16:04.537Z",
        "deleted": false,
        "site": 20,
        "deployment": 10,
        "backend_status": "Provisioning in progress",
        "enacted": null
    },
    "model": "core.sitedeployments",
    "pk": 42
},
{
    "fields": {
        "updated": "2014-10-10T18:16:04.539Z",
        "created": "2014-10-10T18:16:04.539Z",
        "deleted": false,
        "site": 23,
        "deployment": 10,
        "backend_status": "Provisioning in progress",
        "enacted": null
    },
    "model": "core.sitedeployments",
    "pk": 43
},
{
    "fields": {
        "updated": "2014-10-10T18:27:32.283Z",
        "created": "2014-10-10T18:27:32.283Z",
        "deleted": false,
        "site": 31,
        "deployment": 18,
        "backend_status": "Provisioning in progress",
        "enacted": null
    },
    "model": "core.sitedeployments",
    "pk": 44
},
{
    "fields": {
        "updated": "2014-10-10T18:27:32.284Z",
        "created": "2014-10-10T18:27:32.284Z",
        "deleted": false,
        "site": 30,
        "deployment": 18,
        "backend_status": "Provisioning in progress",
        "enacted": null
    },
    "model": "core.sitedeployments",
    "pk": 45
},
{
    "fields": {
        "updated": "2014-10-10T18:27:32.286Z",
        "created": "2014-10-10T18:27:32.286Z",
        "deleted": false,
        "site": 32,
        "deployment": 18,
        "backend_status": "Provisioning in progress",
        "enacted": null
    },
    "model": "core.sitedeployments",
    "pk": 46
},
{
    "fields": {
        "updated": "2014-10-10T18:27:32.287Z",
        "created": "2014-10-10T18:27:32.287Z",
        "deleted": false,
        "site": 33,
        "deployment": 18,
        "backend_status": "Provisioning in progress",
        "enacted": null
    },
    "model": "core.sitedeployments",
    "pk": 47
},
{
    "fields": {
        "updated": "2014-10-10T18:27:32.288Z",
        "created": "2014-10-10T18:27:32.288Z",
        "deleted": false,
        "site": 34,
        "deployment": 18,
        "backend_status": "Provisioning in progress",
        "enacted": null
    },
    "model": "core.sitedeployments",
    "pk": 48
},
{
    "fields": {
        "updated": "2014-08-28T22:39:04.832Z",
        "name": "Developer",
        "created": "2014-05-19T22:11:11.408Z",
        "deleted": false,
        "url": "template:xosDeveloper_datatables",
        "backend_status": "Provisioning in progress",
        "enacted": null
    },
    "model": "core.dashboardview",
    "pk": 1
},
{
    "fields": {
        "updated": "2014-05-19T22:11:32.782Z",
        "name": "CDN Operations",
        "created": "2014-05-19T22:11:32.781Z",
        "deleted": false,
        "url": "template:cdnoperations",
        "backend_status": "Provisioning in progress",
        "enacted": null
    },
    "model": "core.dashboardview",
    "pk": 2
},
{
    "fields": {
        "updated": "2014-05-19T22:11:46.731Z",
        "name": "Tenant",
        "created": "2014-05-19T22:11:46.731Z",
        "deleted": false,
        "url": "template:tenant",
        "backend_status": "Provisioning in progress",
        "enacted": null
    },
    "model": "core.dashboardview",
    "pk": 3
},
{
    "fields": {
        "updated": "2014-05-19T22:11:59.956Z",
        "name": "Historical",
        "created": "2014-05-19T22:11:59.956Z",
        "deleted": false,
        "url": "template:hpc_historical",
        "backend_status": "Provisioning in progress",
        "enacted": null
    },
    "model": "core.dashboardview",
    "pk": 4
},
{
    "fields": {
        "updated": "2014-05-20T00:32:44.462Z",
        "name": "Customize",
        "created": "2014-05-20T00:32:44.462Z",
        "deleted": false,
        "url": "template:customize",
        "backend_status": "Provisioning in progress",
        "enacted": null
    },
    "model": "core.dashboardview",
    "pk": 5
},
{
    "fields": {
        "updated": "2014-05-20T00:33:32.454Z",
        "name": "Slice Interactions",
        "created": "2014-05-20T00:33:32.454Z",
        "deleted": false,
        "url": "template:slice_interactions",
        "backend_status": "Provisioning in progress",
        "enacted": null
    },
    "model": "core.dashboardview",
    "pk": 6
},
{
    "fields": {
        "updated": "2014-07-15T18:03:09.271Z",
        "name": "CDN Nodes",
        "created": "2014-05-20T00:33:52.101Z",
        "deleted": false,
        "url": "template:cdn_nodes",
        "backend_status": "Provisioning in progress",
        "enacted": null
    },
    "model": "core.dashboardview",
    "pk": 7
},
{
    "fields": {
        "updated": "2014-06-18T00:00:43.149Z",
        "name": "nagios",
        "created": "2014-06-18T00:00:43.149Z",
        "deleted": false,
        "url": "http://nagiosadmin:nagiosadmin@nagios.opencloud.us:8014/nagios/cgi-bin/status.cgi?host=all",
        "backend_status": "Provisioning in progress",
        "enacted": null
    },
    "model": "core.dashboardview",
    "pk": 8
},
{
    "fields": {
        "updated": "2014-08-28T22:40:10.214Z",
        "name": "xsh",
        "created": "2014-06-19T01:34:07.897Z",
        "deleted": false,
        "url": "template:xsh",
        "backend_status": "Provisioning in progress",
        "enacted": null
    },
    "model": "core.dashboardview",
    "pk": 9
},
{
    "fields": {
        "updated": "2014-10-27T21:34:28.456Z",
        "name": "cacti",
        "created": "2014-10-27T21:19:30.111Z",
        "deleted": false,
        "url": "http://cacti.opencloud.us:8011/cacti/graph_view.php",
        "backend_status": "Provisioning in progress",
        "enacted": null
    },
    "model": "core.dashboardview",
    "pk": 10
},
{
    "fields": {
        "username": "padmin@vicci.org",
        "public_key": null,
        "updated": "2014-04-21T11:05:34.834Z",
        "backend_status": "Provisioning in progress",
        "is_readonly": false,
        "firstname": "OpenCloud",
        "user_url": null,
        "deleted": false,
        "lastname": "Admin",
        "created": "2013-11-26T12:36:49.816Z",
        "is_active": true,
        "site": null,
        "phone": null,
        "is_staff": true,
        "last_login": "2014-04-15T14:00:39.382Z",
        "timezone": "America/New_York",
        "is_admin": true,
        "password": "pbkdf2_sha256$10000$v5qKhIyhSQ2N$V8vh2mkqYdjQib6d2jBkpwV57eMBfhd/9eiXqaDLUWg=",
        "email": "padmin@vicci.org",
        "enacted": "2014-04-21T11:06:40.148Z"
    },
    "model": "core.user",
    "pk": 1
},
{
    "fields": {
        "username": "mhw@cs.princeton.edu",
        "public_key": "",
        "updated": "2014-04-21T11:05:34.834Z",
        "backend_status": "Provisioning in progress",
        "is_readonly": false,
        "firstname": "Mike",
        "user_url": null,
        "deleted": false,
        "lastname": "Wawrzoniak",
        "created": "2013-09-22T21:47:30.959Z",
        "is_active": true,
        "site": 10,
        "phone": "",
        "is_staff": true,
        "last_login": "2013-12-04T20:46:15.904Z",
        "timezone": "America/New_York",
        "is_admin": true,
        "password": "pbkdf2_sha256$10000$dLKRXWJlkuvm$Ycamy79oT1lN0Q5R3B3nvlr70n2X50mL86yraDwzuWk=",
        "email": "mhw@cs.princeton.edu",
        "enacted": "2014-04-21T11:06:42.134Z"
    },
    "model": "core.user",
    "pk": 3
},
{
    "fields": {
        "username": "acb@cs.princeton.edu",
        "public_key": "ssh-rsa AAAAB3NzaC1yc2EAAAABIwAAAQEArlgZWcRP75W2/e5bKG1FEeec1OJQuw9dGVyo3TdUgVu4F0/JgBsgR2BrTuQ+mzm+N47ZkSrYwLdAJGuvL7ECxc6aouQ6AtQ/biU1gsrfuPnnUBjfAGqlP/L77lYxpLAPglx/HCCBu53gLKVt8lRDyyGZaWnB7fGlnwrn5AMjcfXsz5Ia8W6oBmxy2fxDSR9SpTs5yAzfcj37mCBtOZBwdjb54B36WpFq9BwFrEXxbvxH4aU0WSneJagicZuCUXnTg2YSURBD0jBmTrYOVRfTZzNPyagOvuIhnnakOSGkGa8s4SrC5zymZsVPdQbp6icRsu6OjKZ83Y0oiTQ4rTaeUw== acb@cadenza.cs.princeton.edu",
        "updated": "2014-04-21T11:05:34.834Z",
        "backend_status": "Provisioning in progress",
        "is_readonly": false,
        "firstname": "Andy",
        "user_url": null,
        "deleted": false,
        "lastname": "Bavier",
        "created": "2013-09-22T21:47:30.959Z",
        "is_active": true,
        "site": 10,
        "phone": "",
        "is_staff": true,
        "last_login": "2014-10-07T14:09:34.364Z",
        "timezone": "America/New_York",
        "is_admin": true,
        "password": "pbkdf2_sha256$10000$Zc9RH7xXXcBb$VH6pAV7G4aAnC1oLmPIcBztlbz6o+raFxNYVGtc/AwQ=",
        "email": "acb@cs.princeton.edu",
        "enacted": "2014-04-21T11:06:34.741Z"
    },
    "model": "core.user",
    "pk": 4
},
{
    "fields": {
        "username": "sapanb@cs.princeton.edu",
        "public_key": "",
        "updated": "2014-04-21T11:05:34.834Z",
        "backend_status": "Provisioning in progress",
        "is_readonly": false,
        "firstname": "Sapan",
        "user_url": null,
        "deleted": false,
        "lastname": "Bhatia",
        "created": "2013-09-22T21:47:30.959Z",
        "is_active": true,
        "site": 10,
        "phone": "",
        "is_staff": true,
        "last_login": "2014-09-17T12:46:45.647Z",
        "timezone": "America/New_York",
        "is_admin": true,
        "password": "pbkdf2_sha256$10000$dLKRXWJlkuvm$Ycamy79oT1lN0Q5R3B3nvlr70n2X50mL86yraDwzuWk=",
        "email": "sapanb@cs.princeton.edu",
        "enacted": "2014-04-21T11:06:37.705Z"
    },
    "model": "core.user",
    "pk": 5
},
{
    "fields": {
        "username": "jcnelson@cs.princeton.edu",
        "public_key": "ssh-rsa AAAAB3NzaC1yc2EAAAADAQABAAABAQC37LtgXImAYbQDOPv+DZ9yDpr8YIuvSJGWhI+0mOWJfnrYKw3FYnYeONIhNsM7MfBGNd2sIYuQKU92Q1q9+IZIbmKnml0D1p0TOkVwCgIUdaOEPVtLKFYqWrmkL0CvkFEZqIyR2A1tN8BscyO0GZtmcenMxvGPdpW6qkAs7Lgk7wODXGu2d9mus9iPEPIu8CiX4Emzzzk6v8Jy9gpuFT9A+PgDNEYeMoqaDVm75bGJ5T9pefB6m9KN9oMIlh5GRJ6Fps0zRLaEkhprHk6b7MdjZ6JMjwTRqbKD2s9FMIoE/1MJjqsUHghh5mOjpJEC+v9sk78CP72RU4oZag+wvlhV jude@t510",
        "updated": "2014-07-25T03:54:37.573Z",
        "backend_status": "Provisioning in progress",
        "is_readonly": false,
        "firstname": "Jude",
        "user_url": null,
        "deleted": false,
        "lastname": "Nelson",
        "created": "2013-09-22T21:47:30.959Z",
        "is_active": true,
        "site": 10,
        "phone": "",
        "is_staff": true,
        "last_login": "2014-10-08T19:11:36.223Z",
        "timezone": "America/New_York",
        "is_admin": true,
        "password": "pbkdf2_sha256$10000$dLKRXWJlkuvm$Ycamy79oT1lN0Q5R3B3nvlr70n2X50mL86yraDwzuWk=",
        "email": "jcnelson@cs.princeton.edu",
        "enacted": "2014-07-25T04:13:57.076Z"
    },
    "model": "core.user",
    "pk": 6
},
{
    "fields": {
        "username": "llp@onlab.us",
        "public_key": "ssh-rsa AAAAB3NzaC1yc2EAAAADAQABAAABAQC/1FKzef2+aZPVH5h86U9vNAL74KCiOGMrOSq5V6qZCw+sIY3uXu1MlE1f2BsguNnCkBrcyBBpxx6nhEqQbwHX1ACd/LQPmkGRnyP6vlqhxpE5bvdoIxfP6qLc4dO2hWWcvYfZFYzaBvQydzSqOXD0lQCfwHW/0AXuuAvPncF09+U38aeJW7yUADI4z3EYndwbKh7d9Jo4NGy3vZK/LUuZr9hzLaaztD7M4yeZ+oMa1juz658W6YHMaTNXvBwi4BzByEj7qH+Oz7V9g+rfCDe0FJ9lSEVl51TU9BS815IxtqWABhfKFb2rJQhbiVhD2hZy9WBKK96enq4ZwnmcnHUT llp@goehner.local",
        "updated": "2014-04-21T11:05:34.834Z",
        "backend_status": "Provisioning in progress",
        "is_readonly": false,
        "firstname": "Larry",
        "user_url": null,
        "deleted": false,
        "lastname": "Peterson",
        "created": "2013-09-22T21:47:30.959Z",
        "is_active": true,
        "site": 22,
        "phone": "",
        "is_staff": true,
        "last_login": "2014-10-10T18:09:00.783Z",
        "timezone": "America/New_York",
        "is_admin": true,
        "password": "pbkdf2_sha256$12000$yrRYslMU8JOK$WQT+7CgUP0HNTk8055BQtEFvxkHkcIFjYegThmiJH9Q=",
        "email": "llp@onlab.us",
        "enacted": "2014-04-21T11:06:36.123Z"
    },
    "model": "core.user",
    "pk": 7
},
{
    "fields": {
        "username": "scott@onlab.us",
        "public_key": "ssh-rsa AAAAB3NzaC1yc2EAAAADAQABAAABAQCXpbzwKLer9a8gbQQsH83Tf1iimfXfD7SmBqv48j7ffB0ZRgOX1xxWASaKkJ6SqkQ8mQKkiUw4HvD7XEzgIUazO045rGFtnkOqmtgbZieMhEMdpsIIBj7onO+t/vtGAXvlX6ExcMhFqzJG1bFxfvZL21bVZx+gQQvVr2PwId745D3bFcSlIpj3oZNJiHH0cVMi4ycQXzTeuNchMGstYzU1jwR2sMfuwZmWL99CWJ+rPoizM9BI0AqK0XrE1BMZ3tUrIIATgwYRbmDPwwEqqrSRVGf6UjoAlL5Exq/Yl6uh0jfKQ1UyaoTEMfUPbW0lgXLMHTEjJhPf+W/hmu+R8ACh smbaker-opencloud",
        "updated": "2014-05-13T03:34:45.717Z",
        "backend_status": "Provisioning in progress",
        "is_readonly": false,
        "firstname": "Scott",
        "user_url": null,
        "deleted": false,
        "lastname": "Baker",
        "created": "2013-09-22T21:47:30.959Z",
        "is_active": true,
        "site": 22,
        "phone": "",
        "is_staff": true,
        "last_login": "2014-10-10T17:36:42.921Z",
        "timezone": "America/New_York",
        "is_admin": true,
        "password": "pbkdf2_sha256$12000$UlcdSDbAJgn0$yl44ETaWtXol2QLYP+Dk5xIaO3/eEGqJ8gLAoj9gB2E=",
        "email": "scott@onlab.us",
        "enacted": "2014-05-13T03:35:07.941Z"
    },
    "model": "core.user",
    "pk": 8
},
{
    "fields": {
        "username": "ali@onlab.us",
        "public_key": null,
        "updated": "2014-04-21T11:05:34.834Z",
        "backend_status": "Provisioning in progress",
        "is_readonly": false,
        "firstname": "Ali",
        "user_url": null,
        "deleted": false,
        "lastname": "Al-Shabibi",
        "created": "2013-09-22T21:47:30.959Z",
        "is_active": true,
        "site": 22,
        "phone": null,
        "is_staff": true,
        "last_login": "2013-09-22T21:48:01.047Z",
        "timezone": "America/New_York",
        "is_admin": true,
        "password": "pbkdf2_sha256$10000$dLKRXWJlkuvm$Ycamy79oT1lN0Q5R3B3nvlr70n2X50mL86yraDwzuWk=",
        "email": "ali@onlab.us",
        "enacted": "2014-04-21T11:06:30.882Z"
    },
    "model": "core.user",
    "pk": 9
},
{
    "fields": {
        "username": "bill@onlab.us",
        "public_key": null,
        "updated": "2014-04-21T11:05:34.834Z",
        "backend_status": "Provisioning in progress",
        "is_readonly": false,
        "firstname": "Bill",
        "user_url": null,
        "deleted": false,
        "lastname": "Snow",
        "created": "2013-09-22T21:47:30.959Z",
        "is_active": true,
        "site": 22,
        "phone": null,
        "is_staff": true,
        "last_login": "2013-09-22T21:48:01.047Z",
        "timezone": "America/New_York",
        "is_admin": true,
        "password": "pbkdf2_sha256$10000$dLKRXWJlkuvm$Ycamy79oT1lN0Q5R3B3nvlr70n2X50mL86yraDwzuWk=",
        "email": "bill@onlab.us",
        "enacted": "2014-04-21T11:06:38.176Z"
    },
    "model": "core.user",
    "pk": 10
},
{
    "fields": {
        "username": "guru@onlab.us",
        "public_key": null,
        "updated": "2014-04-21T11:05:34.834Z",
        "backend_status": "Provisioning in progress",
        "is_readonly": false,
        "firstname": "Guru",
        "user_url": null,
        "deleted": false,
        "lastname": "Parulkar",
        "created": "2013-09-22T21:47:30.959Z",
        "is_active": true,
        "site": 22,
        "phone": null,
        "is_staff": true,
        "last_login": "2013-09-22T21:48:01.047Z",
        "timezone": "America/New_York",
        "is_admin": true,
        "password": "pbkdf2_sha256$10000$dLKRXWJlkuvm$Ycamy79oT1lN0Q5R3B3nvlr70n2X50mL86yraDwzuWk=",
        "email": "guru@onlab.us",
        "enacted": "2014-04-21T11:06:31.925Z"
    },
    "model": "core.user",
    "pk": 11
},
{
    "fields": {
        "username": "marc@onlab.us",
        "public_key": "",
        "updated": "2014-04-21T11:05:34.834Z",
        "backend_status": "Provisioning in progress",
        "is_readonly": false,
        "firstname": "Marc",
        "user_url": null,
        "deleted": false,
        "lastname": "De Leenheer",
        "created": "2013-09-22T21:47:30.959Z",
        "is_active": true,
        "site": 22,
        "phone": "",
        "is_staff": true,
        "last_login": "2013-09-22T21:48:01.047Z",
        "timezone": "US/Pacific",
        "is_admin": true,
        "password": "pbkdf2_sha256$10000$dLKRXWJlkuvm$Ycamy79oT1lN0Q5R3B3nvlr70n2X50mL86yraDwzuWk=",
        "email": "marc@onlab.us",
        "enacted": "2014-04-21T11:06:41.654Z"
    },
    "model": "core.user",
    "pk": 12
},
{
    "fields": {
        "username": "siobhan@onlab.us",
        "public_key": null,
        "updated": "2014-04-21T11:05:34.834Z",
        "backend_status": "Provisioning in progress",
        "is_readonly": false,
        "firstname": "Siobhan",
        "user_url": null,
        "deleted": false,
        "lastname": "Tully",
        "created": "2013-09-22T21:47:30.959Z",
        "is_active": true,
        "site": 22,
        "phone": null,
        "is_staff": true,
        "last_login": "2013-09-22T21:48:01.047Z",
        "timezone": "America/New_York",
        "is_admin": true,
        "password": "pbkdf2_sha256$10000$dLKRXWJlkuvm$Ycamy79oT1lN0Q5R3B3nvlr70n2X50mL86yraDwzuWk=",
        "email": "siobhan@onlab.us",
        "enacted": "2014-04-21T11:06:31.371Z"
    },
    "model": "core.user",
    "pk": 13
},
{
    "fields": {
        "username": "demo@onlab.us",
        "public_key": "",
        "updated": "2014-04-21T11:05:34.834Z",
        "backend_status": "Provisioning in progress",
        "is_readonly": true,
        "firstname": "Demo",
        "user_url": null,
        "deleted": false,
        "lastname": "OpenCloud",
        "created": "2013-12-06T11:25:41.211Z",
        "is_active": true,
        "site": 22,
        "phone": "",
        "is_staff": true,
        "last_login": "2014-08-20T17:11:50.158Z",
        "timezone": "America/New_York",
        "is_admin": true,
        "password": "pbkdf2_sha256$10000$jaLSTW2ksHEN$HDpjDKieFDjMvtV5wbF/ow3zfq8EqcFtNXLfuo+150s=",
        "email": "demo@onlab.us",
        "enacted": "2014-04-21T11:06:29.963Z"
    },
    "model": "core.user",
    "pk": 14
},
{
    "fields": {
        "username": "jhh@cs.arizona.edu",
        "public_key": "ssh-rsa AAAAB3NzaC1yc2EAAAADAQABAAABAQC9+sAiGvCAIHjAi9w28bYBGG2ZeIsJYTvnvkV4vR5Uxuc8Sc6IDQ3pvKOcxYM0RcrxS5ZCZPV86uoX6Uv4B3k+oCrSOgvBi2Tjn2lvyIBQNCu0VRhOmYQVNC5T+ry7xF+LtLM5gflKYXJDkkM31f5TkoBULUSWDMeQBko75O6iKm8dkRYr0XIL/b45ukyMEBen7kbB6RWF6dex6ap6ZWAxampqBStowHWtIjxI9YozkapcYaePw8coajpl9KvRrEvULUa+uq4d900TCjc8bL43rBNjcs3JGakbVZdClTJfznlIyRlpZPNcSSD+TGd4Ph+JTezte1+aRFhAWCtjZbyP OpenCloud",
        "updated": "2014-09-22T19:30:08.340Z",
        "backend_status": "Provisioning in progress",
        "is_readonly": false,
        "firstname": "John",
        "user_url": null,
        "deleted": false,
        "lastname": "Hartman",
        "created": "2013-12-17T18:08:01.381Z",
        "is_active": true,
        "site": 24,
        "phone": "",
        "is_staff": true,
        "last_login": "2014-09-22T19:29:40.542Z",
        "timezone": "America/New_York",
        "is_admin": false,
        "password": "pbkdf2_sha256$10000$u8PSQ3OKTw6b$VUOOabTertI4uVnvvvgww2O5p1AhuuMRXhvhJMnZCVo=",
        "email": "jhh@cs.arizona.edu",
        "enacted": "2014-09-22T19:31:13.258Z"
    },
    "model": "core.user",
    "pk": 15
},
{
    "fields": {
        "username": "ayaka@onlab.us",
        "public_key": "",
        "updated": "2014-04-21T11:05:34.834Z",
        "backend_status": "Provisioning in progress",
        "is_readonly": false,
        "firstname": "Ayaka",
        "user_url": null,
        "deleted": false,
        "lastname": "Koshibe",
        "created": "2014-03-27T21:20:58.151Z",
        "is_active": true,
        "site": 22,
        "phone": "",
        "is_staff": true,
        "last_login": "2014-03-27T21:20:57.960Z",
        "timezone": "America/New_York",
        "is_admin": false,
        "password": "pbkdf2_sha256$10000$QhTyK7jMRCya$JCPA1SbY+aNjoa2MVqu9/rOHxdKdoQSna3EuJ10x9ac=",
        "email": "ayaka@onlab.us",
        "enacted": "2014-04-21T11:06:38.673Z"
    },
    "model": "core.user",
    "pk": 16
},
{
    "fields": {
        "username": "iychoi@email.arizona.edu",
        "public_key": "",
        "updated": "2014-04-21T11:05:34.834Z",
        "backend_status": "Provisioning in progress",
        "is_readonly": false,
        "firstname": "Illyoung",
        "user_url": null,
        "deleted": false,
        "lastname": "Choi",
        "created": "2014-04-08T20:37:55.003Z",
        "is_active": true,
        "site": 24,
        "phone": "",
        "is_staff": true,
        "last_login": "2014-04-20T03:43:47.956Z",
        "timezone": "America/New_York",
        "is_admin": false,
        "password": "pbkdf2_sha256$10000$1rYguH4nxpDf$6C2kczggJmENU6j3xerIU10LXVHp8vn7C2p/JLGegfY=",
        "email": "iychoi@email.arizona.edu",
        "enacted": "2014-04-21T11:06:30.419Z"
    },
    "model": "core.user",
    "pk": 20
},
{
    "fields": {
        "username": "llp@cs.princeton.edu",
        "public_key": "",
        "updated": "2014-10-09T17:33:41.496Z",
        "backend_status": "Provisioning in progress",
        "is_readonly": false,
        "firstname": "Larry",
        "user_url": null,
        "deleted": false,
        "lastname": "Peterson",
        "created": "2014-04-10T15:14:27.085Z",
        "is_active": true,
        "site": 10,
        "phone": "",
        "is_staff": true,
        "last_login": "2014-04-10T15:21:23.194Z",
        "timezone": "America/New_York",
        "is_admin": true,
        "password": "pbkdf2_sha256$10000$DMCLXt45Wt2J$XxvkZlJ/lCohQyCoWC7hVq6z/elJuurK250EqLpeN8U=",
        "email": "llp@cs.princeton.edu",
        "enacted": "2014-10-09T18:47:19.964Z"
    },
    "model": "core.user",
    "pk": 22
},
{
    "fields": {
        "username": "mfiuczyn@akamai.com",
        "public_key": "",
        "updated": "2014-06-27T14:24:59.734Z",
        "backend_status": "Provisioning in progress",
        "is_readonly": false,
        "firstname": "Marc",
        "user_url": null,
        "deleted": false,
        "lastname": "Fiuczynski",
        "created": "2014-04-18T20:27:43.294Z",
        "is_active": true,
        "site": 22,
        "phone": "",
        "is_staff": true,
        "last_login": "2014-04-21T14:36:38.033Z",
        "timezone": "America/New_York",
        "is_admin": false,
        "password": "pbkdf2_sha256$10000$oSC9u5Jh5hAy$JcLE8zF83cFD5hGQSgFRybMhQy+7ABkMHKowKz+txao=",
        "email": "mfiuczyn@akamai.com",
        "enacted": "2014-06-27T14:51:26.792Z"
    },
    "model": "core.user",
    "pk": 40
},
{
    "fields": {
        "username": "jharshaw@akamai.com",
        "public_key": "",
        "updated": "2014-05-30T13:42:27.134Z",
        "backend_status": "Provisioning in progress",
        "is_readonly": false,
        "firstname": "James",
        "user_url": null,
        "deleted": false,
        "lastname": "Harshaw",
        "created": "2014-05-30T13:42:03.126Z",
        "is_active": true,
        "site": 10,
        "phone": "",
        "is_staff": true,
        "last_login": "2014-06-19T19:00:33.621Z",
        "timezone": "America/New_York",
        "is_admin": false,
        "password": "pbkdf2_sha256$10000$jE1j0710ZkLH$w/NbWcfKYcbZ3n+kW1Fd1ihUKsTxD9q6cZcI0zfuvp4=",
        "email": "jharshaw@akamai.com",
        "enacted": "2014-05-30T20:47:09.091Z"
    },
    "model": "core.user",
    "pk": 43
},
{
    "fields": {
        "username": "fahad@onlab.us",
        "public_key": "",
        "updated": "2014-06-26T18:46:03.147Z",
        "backend_status": "Provisioning in progress",
        "is_readonly": false,
        "firstname": "Fahad",
        "user_url": null,
        "deleted": false,
        "lastname": "Khan",
        "created": "2014-06-25T20:24:29.317Z",
        "is_active": true,
        "site": 22,
        "phone": "",
        "is_staff": true,
        "last_login": "2014-06-26T18:45:37.266Z",
        "timezone": "America/New_York",
        "is_admin": true,
        "password": "pbkdf2_sha256$10000$tmzK80vdQTJH$L53Im4qvmWwudIdF2AX579f5/y0rv0jAxL07pni7LhI=",
        "email": "fahad@onlab.us",
        "enacted": "2014-06-27T14:51:04.589Z"
    },
    "model": "core.user",
    "pk": 45
},
{
    "fields": {
        "username": "t-uchida@onlab.us",
        "public_key": "ssh-rsa AAAAB3NzaC1yc2EAAAADAQABAAABAQDYU/fWZEeb8NiAPi1NMYpPBmis6KkX1KDUWBP5Zec2fJZjC0vL5tsuN/A4OglYa8J7/Atssm+zL81l/D7czKwMuF0PUfBD2KHpzWCof60PVhm0gxzfaZMYwEg30eI4FzdbnK1OTKcDivylR+rWtYzbg+e4pSHQgGljw9BVncHXPcuDKBfGNN1ocjCSddBWvjDTy+pAW942sxYfZ+BEoC30WPng6Vl5MDVI9jdTHBIVN087epVCAkHKxdhsefJB0HZVyrFHSeHZccQoPDrXfhkQ2ZyIyCGUY9LEbdVqcIvFrVfMMf5RVQyDmtAa0kznBosMw9g9ssOyRsA1PrHItweX teruu@Teru-no-MacBook-Air.local",
        "updated": "2014-09-23T23:51:34.936Z",
        "backend_status": "Provisioning in progress",
        "is_readonly": false,
        "firstname": "Terutaka",
        "user_url": null,
        "deleted": false,
        "lastname": "Uchida",
        "created": "2014-07-16T22:34:00.964Z",
        "is_active": true,
        "site": 22,
        "phone": "",
        "is_staff": true,
        "last_login": "2014-10-08T19:09:40.510Z",
        "timezone": "America/New_York",
        "is_admin": true,
        "password": "pbkdf2_sha256$10000$gNJU014h2l7W$efQYrhDoX9fw7/1+uSqmMdO6/E13AsTANlthlrA0lKk=",
        "email": "t-uchida@onlab.us",
        "enacted": "2014-09-24T00:08:06.459Z"
    },
    "model": "core.user",
    "pk": 46
},
{
    "fields": {
        "username": "n-shiota@onlab.us",
        "public_key": "ssh-rsa AAAAB3NzaC1yc2EAAAADAQABAAABAQCWL+kTNdRMI4Oqwi4IAvk3OHdF7/qW1m7J9SPBTptrDfi0sWXOlOFqpA3Koa7FFfF0OlSFGwA3q3MTrKY/GJrWWpsHsTpnADUU3pzIkHMWa347g/LN+VtDyfAmkimuQiVSvD/S19/vVkLbj2wH38k+hpclH7o/AhhyvcMsQrI+MeX6tyGA7A5DID53FeALmNnFHMw7XV3kt7LcNIXXPPABrwVWR0P9YQJFgPoAFPYO0BhcNLthx1IDy6rgN4iT67wFCDBzC0gYS64pTex+Dg07gsoSBOcXyXGGQdcWb8AOryV74LggUjQshIaD4PxfES+VxXVtsRtRNwyVHbqgU5Sh Naoki@Naokis-MacBook-Air.local",
        "updated": "2014-07-28T22:15:46.548Z",
        "backend_status": "Provisioning in progress",
        "is_readonly": false,
        "firstname": "Naoki",
        "user_url": null,
        "deleted": false,
        "lastname": "Shiota",
        "created": "2014-07-16T22:36:51.212Z",
        "is_active": true,
        "site": 22,
        "phone": "",
        "is_staff": true,
        "last_login": "2014-10-08T18:46:53.024Z",
        "timezone": "US/Pacific",
        "is_admin": false,
        "password": "pbkdf2_sha256$10000$26PQKRopGj4J$7caSHVe26vSum5mXgCu9U+swYh+KiVSfoyhxdiCYEOo=",
        "email": "n-shiota@onlab.us",
        "enacted": "2014-07-29T13:42:06.927Z"
    },
    "model": "core.user",
    "pk": 47
},
{
    "fields": {
        "username": "nirav@email.arizona.edu",
        "public_key": "",
        "updated": "2014-08-07T21:07:28.930Z",
        "backend_status": "Provisioning in progress",
        "is_readonly": false,
        "firstname": "Nirav",
        "user_url": null,
        "deleted": false,
        "lastname": "Merchant",
        "created": "2014-08-07T21:07:11.790Z",
        "is_active": true,
        "site": 24,
        "phone": "",
        "is_staff": true,
        "last_login": "2014-08-07T21:07:11.679Z",
        "timezone": "America/New_York",
        "is_admin": false,
        "password": "pbkdf2_sha256$10000$TzrmAyDrzhsd$XV2xBb2GnCap6MzUp7pFhp2gO/g2agHY47TbxbhDGtY=",
        "email": "nirav@email.arizona.edu",
        "enacted": "2014-08-08T00:14:55.057Z"
    },
    "model": "core.user",
    "pk": 49
},
{
    "fields": {
        "updated": "2014-07-02T19:19:06.094Z",
        "created": "2014-07-02T19:19:06.094Z",
        "deleted": false,
        "dashboardView": 3,
        "user": 7,
        "backend_status": "Provisioning in progress",
        "order": 0,
        "enacted": null
    },
    "model": "core.userdashboardview",
    "pk": 20
},
{
    "fields": {
        "updated": "2014-07-02T19:19:09.666Z",
        "created": "2014-07-02T19:19:09.666Z",
        "deleted": false,
        "dashboardView": 1,
        "user": 7,
        "backend_status": "Provisioning in progress",
        "order": 1,
        "enacted": null
    },
    "model": "core.userdashboardview",
    "pk": 21
},
{
    "fields": {
        "updated": "2014-07-02T19:19:12.931Z",
        "created": "2014-07-02T19:19:12.930Z",
        "deleted": false,
        "dashboardView": 4,
        "user": 7,
        "backend_status": "Provisioning in progress",
        "order": 2,
        "enacted": null
    },
    "model": "core.userdashboardview",
    "pk": 22
},
{
    "fields": {
        "updated": "2014-07-15T18:01:18.724Z",
        "created": "2014-07-15T18:01:18.724Z",
        "deleted": false,
        "dashboardView": 3,
        "user": 8,
        "backend_status": "Provisioning in progress",
        "order": 0,
        "enacted": null
    },
    "model": "core.userdashboardview",
    "pk": 31
},
{
    "fields": {
        "updated": "2014-07-15T18:01:22.376Z",
        "created": "2014-07-15T18:01:22.375Z",
        "deleted": false,
        "dashboardView": 1,
        "user": 8,
        "backend_status": "Provisioning in progress",
        "order": 1,
        "enacted": null
    },
    "model": "core.userdashboardview",
    "pk": 32
},
{
    "fields": {
        "updated": "2014-07-15T18:01:25.974Z",
        "created": "2014-07-15T18:01:25.974Z",
        "deleted": false,
        "dashboardView": 2,
        "user": 8,
        "backend_status": "Provisioning in progress",
        "order": 2,
        "enacted": null
    },
    "model": "core.userdashboardview",
    "pk": 33
},
{
    "fields": {
        "updated": "2014-07-15T18:01:29.327Z",
        "created": "2014-07-15T18:01:29.327Z",
        "deleted": false,
        "dashboardView": 4,
        "user": 8,
        "backend_status": "Provisioning in progress",
        "order": 3,
        "enacted": null
    },
    "model": "core.userdashboardview",
    "pk": 34
},
{
    "fields": {
        "updated": "2014-07-15T18:01:32.897Z",
        "created": "2014-07-15T18:01:32.897Z",
        "deleted": false,
        "dashboardView": 6,
        "user": 8,
        "backend_status": "Provisioning in progress",
        "order": 4,
        "enacted": null
    },
    "model": "core.userdashboardview",
    "pk": 35
},
{
    "fields": {
        "updated": "2014-07-15T18:01:36.232Z",
        "created": "2014-07-15T18:01:36.232Z",
        "deleted": false,
        "dashboardView": 8,
        "user": 8,
        "backend_status": "Provisioning in progress",
        "order": 5,
        "enacted": null
    },
    "model": "core.userdashboardview",
    "pk": 36
},
{
    "fields": {
        "updated": "2014-07-15T18:01:39.756Z",
        "created": "2014-07-15T18:01:39.756Z",
        "deleted": false,
        "dashboardView": 9,
        "user": 8,
        "backend_status": "Provisioning in progress",
        "order": 6,
        "enacted": null
    },
    "model": "core.userdashboardview",
    "pk": 37
},
{
    "fields": {
        "updated": "2014-07-15T18:01:43.307Z",
        "created": "2014-07-15T18:01:43.307Z",
        "deleted": false,
        "dashboardView": 7,
        "user": 8,
        "backend_status": "Provisioning in progress",
        "order": 7,
        "enacted": null
    },
    "model": "core.userdashboardview",
    "pk": 38
},
{
    "fields": {
        "updated": "2013-05-10T23:30:52.931Z",
        "membershipFee": 0,
        "name": "Best Effort",
        "membershipFeeMonths": 0,
        "created": "2013-05-10T23:30:52.931Z",
        "deleted": false,
        "description": "Best Effort",
        "upgradeFrom": [
            2,
            3
        ],
        "commitment": 0,
        "backend_status": "Provisioning in progress",
        "upgradeRequiresApproval": false,
        "enacted": null
    },
    "model": "core.serviceclass",
    "pk": 1
},
{
    "fields": {
        "updated": "2013-05-10T23:35:51.694Z",
        "membershipFee": 100,
        "name": "Silver",
        "membershipFeeMonths": 1,
        "created": "2013-05-10T23:33:24.930Z",
        "deleted": false,
        "description": "Silver",
        "upgradeFrom": [
            1,
            3
        ],
        "commitment": 365,
        "backend_status": "Provisioning in progress",
        "upgradeRequiresApproval": false,
        "enacted": null
    },
    "model": "core.serviceclass",
    "pk": 2
},
{
    "fields": {
        "updated": "2013-05-10T23:34:01.320Z",
        "membershipFee": 18000,
        "name": "Gold",
        "membershipFeeMonths": 12,
        "created": "2013-05-10T23:34:01.320Z",
        "deleted": false,
        "description": "Gold",
        "upgradeFrom": [
            1,
            2
        ],
        "commitment": 365,
        "backend_status": "Provisioning in progress",
        "upgradeRequiresApproval": false,
        "enacted": null
    },
    "model": "core.serviceclass",
    "pk": 3
},
{
    "fields": {
        "updated": "2014-09-19T21:11:00.746Z",
        "imagePreference": null,
        "name": "onlab_dnsdemux",
        "service": 10,
        "created": "2014-04-29T20:27:46.565Z",
        "deleted": false,
        "slice_url": "",
        "description": "b",
        "serviceClass": 1,
        "enabled": true,
        "site": 22,
        "omf_friendly": false,
        "network": null,
        "max_slivers": 10,
        "mountDataSets": null,
        "backend_status": "Provisioning in progress",
        "creator": 7,
        "enacted": "2014-09-19T21:20:35.271Z"
    },
    "model": "core.slice",
    "pk": 31
},
{
    "fields": {
        "updated": "2014-10-07T06:03:18.962Z",
        "imagePreference": null,
        "name": "onlab_dnsredir",
        "service": 10,
        "created": "2014-04-29T20:31:12.915Z",
        "deleted": false,
        "slice_url": "",
        "description": "s",
        "serviceClass": 1,
        "enabled": true,
        "site": 22,
        "omf_friendly": false,
        "network": null,
        "max_slivers": 10,
        "mountDataSets": null,
        "backend_status": "Provisioning in progress",
        "creator": 7,
        "enacted": "2014-10-09T18:47:35.832Z"
    },
    "model": "core.slice",
    "pk": 32
},
{
    "fields": {
        "updated": "2014-10-08T14:41:01.523Z",
        "imagePreference": "Ubuntu 12.04 LTS",
        "name": "princeton_syndicate",
        "service": 5,
        "created": "2014-07-24T18:04:58.309Z",
        "deleted": false,
        "slice_url": "http://github.com/jcnelson/syndicate",
        "description": "",
        "serviceClass": 1,
        "enabled": true,
        "site": 10,
        "omf_friendly": false,
        "network": "Private Only",
        "max_slivers": 100,
        "mountDataSets": "GenBank",
        "backend_status": "Provisioning in progress",
        "creator": 6,
        "enacted": "2014-10-09T18:48:00.386Z"
    },
    "model": "core.slice",
    "pk": 40
},
{
    "fields": {
        "updated": "2014-09-23T18:29:58.930Z",
        "imagePreference": "Ubuntu 12.04 LTS",
        "name": "onlab_hpc",
        "service": 12,
        "created": "2014-08-01T21:13:08.385Z",
        "deleted": false,
        "slice_url": "",
        "description": "d",
        "serviceClass": 1,
        "enabled": true,
        "site": 22,
        "omf_friendly": false,
        "network": "Private Only",
        "max_slivers": 10,
        "mountDataSets": "GenBank",
        "backend_status": "Provisioning in progress",
        "creator": 8,
        "enacted": "2014-09-23T19:06:55.420Z"
    },
    "model": "core.slice",
    "pk": 45
},
{
    "fields": {
        "updated": "2014-09-19T21:12:35.800Z",
        "imagePreference": "Ubuntu 12.04 LTS",
        "name": "onlab_cmi",
        "service": 12,
        "created": "2014-08-19T21:40:01.505Z",
        "deleted": false,
        "slice_url": "",
        "description": "a",
        "serviceClass": 1,
        "enabled": true,
        "site": 22,
        "omf_friendly": false,
        "network": "Private Only",
        "max_slivers": 10,
        "mountDataSets": "GenBank",
        "backend_status": "",
        "creator": 8,
        "enacted": "2014-09-19T21:20:04.708Z"
    },
    "model": "core.slice",
    "pk": 53
},
{
    "fields": {
        "updated": "2014-09-30T22:36:46.871Z",
        "imagePreference": "Ubuntu 12.04 LTS",
        "name": "onlab_cacti",
        "service": null,
        "created": "2014-09-30T19:55:59.681Z",
        "deleted": false,
        "slice_url": "",
        "description": "cacti server slice a",
        "serviceClass": 1,
        "enabled": true,
        "site": 22,
        "omf_friendly": false,
        "network": "Private Only",
        "max_slivers": 10,
        "mountDataSets": "GenBank",
        "backend_status": "Provisioning in progress",
        "creator": 8,
        "enacted": "2014-09-30T22:43:42.489Z"
    },
    "model": "core.slice",
    "pk": 76
},
{
    "fields": {
        "updated": "2014-10-07T21:13:38.926Z",
        "imagePreference": "Ubuntu 12.04 LTS",
        "name": "princeton_tmtest2",
        "service": null,
        "created": "2014-10-07T21:13:38.926Z",
        "deleted": true,
        "slice_url": "",
        "description": "",
        "serviceClass": 1,
        "enabled": true,
        "site": 10,
        "omf_friendly": false,
        "network": "Private Only",
        "max_slivers": 10,
        "mountDataSets": "GenBank",
        "backend_status": "NameError(\"global name 'User' is not defined\",)",
        "creator": null,
        "enacted": null
    },
    "model": "core.slice",
    "pk": 78
},
{
    "fields": {
        "updated": "2014-10-08T20:36:39.879Z",
        "imagePreference": "Ubuntu 12.04 LTS",
        "name": "wash_test1",
        "service": null,
        "created": "2014-10-08T20:36:39.879Z",
        "deleted": true,
        "slice_url": "",
        "description": "",
        "serviceClass": 1,
        "enabled": true,
        "site": 9,
        "omf_friendly": false,
        "network": "Private Only",
        "max_slivers": 10,
        "mountDataSets": "GenBank",
        "backend_status": "NameError(\"global name 'User' is not defined\",)",
        "creator": null,
        "enacted": null
    },
    "model": "core.slice",
    "pk": 83
},
{
    "fields": {
        "updated": "2014-10-08T20:38:05.304Z",
        "imagePreference": "Ubuntu 12.04 LTS",
        "name": "wash_test2",
        "service": null,
        "created": "2014-10-08T20:38:05.304Z",
        "deleted": true,
        "slice_url": "",
        "description": "",
        "serviceClass": 1,
        "enabled": true,
        "site": 9,
        "omf_friendly": false,
        "network": "Private Only",
        "max_slivers": 10,
        "mountDataSets": "GenBank",
        "backend_status": "NameError(\"global name 'User' is not defined\",)",
        "creator": null,
        "enacted": null
    },
    "model": "core.slice",
    "pk": 84
},
{
    "fields": {
        "updated": "2014-10-10T02:41:49.594Z",
        "imagePreference": "Ubuntu 12.04 LTS",
        "name": "princeton_publicdata",
        "service": 5,
        "created": "2014-10-09T16:41:43.157Z",
        "deleted": false,
        "slice_url": "",
        "description": "Slice for running Syndicate gateways to public datasets.",
        "serviceClass": 1,
        "enabled": true,
        "site": 10,
        "omf_friendly": false,
        "network": "Private Only",
        "max_slivers": 10,
        "mountDataSets": "GenBank",
        "backend_status": "Provisioning in progress",
        "creator": 6,
        "enacted": "2014-10-10T14:57:41.282Z"
    },
    "model": "core.slice",
    "pk": 97
},
{
    "fields": {
        "updated": "2014-10-09T18:18:35.616Z",
        "imagePreference": "Ubuntu 12.04 LTS",
        "name": "onlab_smbakertest3",
        "service": null,
        "created": "2014-10-09T18:18:35.616Z",
        "deleted": true,
        "slice_url": "",
        "description": "test test test 3",
        "serviceClass": 1,
        "enabled": true,
        "site": 22,
        "omf_friendly": false,
        "network": "Private Only",
        "max_slivers": 10,
        "mountDataSets": "GenBank",
        "backend_status": "NameError(\"global name 'User' is not defined\",)",
        "creator": 8,
        "enacted": null
    },
    "model": "core.slice",
    "pk": 98
},
{
    "fields": {
        "updated": "2014-04-15T15:18:30.963Z",
        "created": "2013-12-18T21:09:27.717Z",
        "deleted": false,
        "role": "admin",
        "backend_status": "Provisioning in progress",
        "enacted": "2014-04-15T15:18:31.022Z"
    },
    "model": "core.slicerole",
    "pk": 1
},
{
    "fields": {
        "updated": "2014-04-15T15:09:17.212Z",
        "created": "2013-12-18T21:09:35.074Z",
        "deleted": false,
        "role": "default",
        "backend_status": "Provisioning in progress",
        "enacted": "2014-04-15T15:09:17.270Z"
    },
    "model": "core.slicerole",
    "pk": 2
},
{
    "fields": {
        "updated": "2014-04-29T20:30:33.845Z",
        "slice": 31,
        "created": "2014-04-29T20:30:33.845Z",
        "deleted": false,
        "role": 1,
        "user": 8,
        "backend_status": "Provisioning in progress",
        "enacted": "2014-04-29T22:28:45.703Z"
    },
    "model": "core.sliceprivilege",
    "pk": 191
},
{
    "fields": {
        "updated": "2014-04-29T20:30:33.910Z",
        "slice": 31,
        "created": "2014-04-29T20:30:33.910Z",
        "deleted": false,
        "role": 1,
        "user": 15,
        "backend_status": "Provisioning in progress",
        "enacted": "2014-04-29T22:28:52.718Z"
    },
    "model": "core.sliceprivilege",
    "pk": 192
},
{
    "fields": {
        "updated": "2014-04-29T20:30:33.914Z",
        "slice": 31,
        "created": "2014-04-29T20:30:33.914Z",
        "deleted": false,
        "role": 1,
        "user": 7,
        "backend_status": "Provisioning in progress",
        "enacted": "2014-04-29T22:28:54.941Z"
    },
    "model": "core.sliceprivilege",
    "pk": 193
},
{
    "fields": {
        "updated": "2014-04-29T20:32:11.877Z",
        "slice": 32,
        "created": "2014-04-29T20:32:11.877Z",
        "deleted": false,
        "role": 1,
        "user": 8,
        "backend_status": "Provisioning in progress",
        "enacted": "2014-04-29T22:29:08.452Z"
    },
    "model": "core.sliceprivilege",
    "pk": 195
},
{
    "fields": {
        "updated": "2014-04-29T20:32:11.881Z",
        "slice": 32,
        "created": "2014-04-29T20:32:11.881Z",
        "deleted": false,
        "role": 1,
        "user": 15,
        "backend_status": "Provisioning in progress",
        "enacted": "2014-04-29T22:29:15.949Z"
    },
    "model": "core.sliceprivilege",
    "pk": 196
},
{
    "fields": {
        "updated": "2014-04-29T20:32:11.885Z",
        "slice": 32,
        "created": "2014-04-29T20:32:11.885Z",
        "deleted": false,
        "role": 1,
        "user": 7,
        "backend_status": "Provisioning in progress",
        "enacted": "2014-04-29T22:29:18.069Z"
    },
    "model": "core.sliceprivilege",
    "pk": 197
},
{
    "fields": {
        "updated": "2014-07-23T13:36:36.154Z",
        "slice": 31,
        "created": "2014-07-23T13:36:36.153Z",
        "deleted": false,
        "role": 1,
        "user": 40,
        "backend_status": "Provisioning in progress",
        "enacted": "2014-07-23T13:40:37.058Z"
    },
    "model": "core.sliceprivilege",
    "pk": 219
},
{
    "fields": {
        "updated": "2014-07-23T13:36:39.575Z",
        "slice": 32,
        "created": "2014-07-23T13:36:39.575Z",
        "deleted": false,
        "role": 1,
        "user": 40,
        "backend_status": "Provisioning in progress",
        "enacted": "2014-07-23T13:40:49.606Z"
    },
    "model": "core.sliceprivilege",
    "pk": 220
},
{
    "fields": {
        "updated": "2014-07-24T18:09:06.425Z",
        "slice": 40,
        "created": "2014-07-24T18:09:06.425Z",
        "deleted": false,
        "role": 1,
        "user": 6,
        "backend_status": "Provisioning in progress",
        "enacted": "2014-07-25T04:00:10.975Z"
    },
    "model": "core.sliceprivilege",
    "pk": 229
},
{
    "fields": {
        "updated": "2014-07-24T18:09:43.968Z",
        "slice": 40,
        "created": "2014-07-24T18:09:43.968Z",
        "deleted": false,
        "role": 1,
        "user": 7,
        "backend_status": "Provisioning in progress",
        "enacted": "2014-07-25T04:00:24.174Z"
    },
    "model": "core.sliceprivilege",
    "pk": 230
},
{
    "fields": {
        "updated": "2014-07-25T03:59:58.825Z",
        "slice": 40,
        "created": "2014-07-25T03:59:58.825Z",
        "deleted": false,
        "role": 1,
        "user": 22,
        "backend_status": "Provisioning in progress",
        "enacted": "2014-07-29T13:33:25.613Z"
    },
    "model": "core.sliceprivilege",
    "pk": 231
},
{
    "fields": {
        "updated": "2014-08-01T21:22:00.891Z",
        "slice": 45,
        "created": "2014-08-01T21:22:00.891Z",
        "deleted": false,
        "role": 1,
        "user": 40,
        "backend_status": "Provisioning in progress",
        "enacted": "2014-08-01T21:22:14.611Z"
    },
    "model": "core.sliceprivilege",
    "pk": 234
},
{
    "fields": {
        "updated": "2014-08-05T14:19:10.928Z",
        "slice": 31,
        "created": "2014-08-05T14:19:10.928Z",
        "deleted": false,
        "role": 1,
        "user": 4,
        "backend_status": "Provisioning in progress",
        "enacted": "2014-08-05T14:21:55.825Z"
    },
    "model": "core.sliceprivilege",
    "pk": 235
},
{
    "fields": {
        "updated": "2014-08-07T21:10:26.076Z",
        "slice": 40,
        "created": "2014-08-07T21:10:26.076Z",
        "deleted": false,
        "role": 1,
        "user": 49,
        "backend_status": "AuthorizationFailure('Authorization Failed: Unable to communicate with identity service: [Errno 111] Connection refused. (HTTP 400)',)",
        "enacted": null
    },
    "model": "core.sliceprivilege",
    "pk": 236
},
{
    "fields": {
        "updated": "2014-09-19T16:40:21.074Z",
        "slice": 53,
        "created": "2014-09-19T16:40:21.074Z",
        "deleted": false,
        "role": 1,
        "user": 15,
        "backend_status": "AuthorizationFailure('Authorization Failed: Bad request (HTTP 400)',)",
        "enacted": "2014-09-23T12:20:42.381Z"
    },
    "model": "core.sliceprivilege",
    "pk": 237
},
{
    "fields": {
        "updated": "2014-05-07T01:11:21.731Z",
        "name": "Ubuntu 12.04 LTS",
        "created": "2014-04-02T19:00:04.504Z",
        "deleted": false,
        "container_format": "bare",
        "disk_format": "raw",
        "path": null,
        "backend_status": "Provisioning in progress",
        "enacted": "2014-05-07T01:11:21.779Z"
    },
    "model": "core.image",
    "pk": 3
},
{
    "fields": {
        "updated": "2014-05-07T01:11:21.839Z",
        "name": "Ubuntu 12.04 partition (LXC only)",
        "created": "2014-04-02T19:00:35.789Z",
        "deleted": false,
        "container_format": "bare",
        "disk_format": "raw",
        "path": null,
        "backend_status": "Provisioning in progress",
        "enacted": "2014-05-07T01:11:21.887Z"
    },
    "model": "core.image",
    "pk": 4
},
{
    "fields": {
        "updated": "2014-05-07T01:11:21.731Z",
        "name": "deleted7",
        "created": "2014-04-02T19:00:04.504Z",
        "deleted": true,
        "container_format": "bare",
        "disk_format": "raw",
        "path": null,
        "backend_status": "Provisioning in progress",
        "enacted": null
    },
    "model": "core.image",
    "pk": 7
},
{
    "fields": {
        "updated": "2014-05-07T01:11:21.731Z",
        "name": "deleted19",
        "created": "2014-04-02T19:00:04.504Z",
        "deleted": true,
        "container_format": "bare",
        "disk_format": "raw",
        "path": null,
        "backend_status": "Provisioning in progress",
        "enacted": null
    },
    "model": "core.image",
    "pk": 19
},
{
    "fields": {
        "updated": "2014-08-06T17:30:50.158Z",
        "name": "099720109477/ubuntu/images/ebs/ubuntu-trusty-14.04-amd64-server-20140416.1",
        "created": "2014-08-06T17:30:50.158Z",
        "deleted": false,
        "container_format": "xen",
        "disk_format": "099720109477/ubuntu/images/ebs/ubuntu-trusty-14.04-amd64-server-20140416.1",
        "path": "ami-018c9568",
        "backend_status": "Provisioning in progress",
        "enacted": "2014-08-06T17:30:51.931Z"
    },
    "model": "core.image",
    "pk": 20
},
{
    "fields": {
        "updated": "2014-08-06T17:30:53.709Z",
        "name": "099720109477/ubuntu/images-milestone/ebs/ubuntu-trusty-14.04-beta1-i386-server-20140226.1",
        "created": "2014-08-06T17:30:53.709Z",
        "deleted": false,
        "container_format": "xen",
        "disk_format": "099720109477/ubuntu/images-milestone/ebs/ubuntu-trusty-14.04-beta1-i386-server-20140226.1",
        "path": "ami-03e5e66a",
        "backend_status": "Provisioning in progress",
        "enacted": "2014-08-06T17:30:55.467Z"
    },
    "model": "core.image",
    "pk": 21
},
{
    "fields": {
        "updated": "2014-05-07T01:11:21.731Z",
        "name": "deleted23",
        "created": "2014-04-02T19:00:04.504Z",
        "deleted": true,
        "container_format": "bare",
        "disk_format": "raw",
        "path": null,
        "backend_status": "Provisioning in progress",
        "enacted": null
    },
    "model": "core.image",
    "pk": 23
},
{
    "fields": {
        "updated": "2014-05-07T01:11:21.731Z",
        "name": "deleted24",
        "created": "2014-04-02T19:00:04.504Z",
        "deleted": true,
        "container_format": "bare",
        "disk_format": "raw",
        "path": null,
        "backend_status": "Provisioning in progress",
        "enacted": null
    },
    "model": "core.image",
    "pk": 24
},
{
    "fields": {
        "updated": "2014-08-11T19:48:50.568Z",
        "name": "centos-5.5-v5",
        "created": "2014-08-11T18:08:17.811Z",
        "deleted": false,
        "container_format": "bare",
        "disk_format": "raw",
        "path": "/opt/planetstack/images/centos-5.5-v5.qcow2",
        "backend_status": "Provisioning in progress",
        "enacted": "2014-08-11T19:48:54.214Z"
    },
    "model": "core.image",
    "pk": 25
},
{
    "fields": {
        "updated": "2014-08-22T18:28:55.275Z",
        "name": "centos-5.5-v6",
        "created": "2014-08-22T18:21:15.226Z",
        "deleted": false,
        "container_format": "bare",
        "disk_format": "raw",
        "path": "/opt/planetstack/images/centos-5.5-v6.qcow2",
        "backend_status": "Provisioning in progress",
        "enacted": "2014-08-22T18:29:04.338Z"
    },
    "model": "core.image",
    "pk": 26
},
{
    "fields": {
        "updated": "2014-08-26T16:37:47.390Z",
        "name": "centos-5.5-v7",
        "created": "2014-08-26T16:07:01.847Z",
        "deleted": false,
        "container_format": "bare",
        "disk_format": "raw",
        "path": "/opt/planetstack/images/centos-5.5-v7.qcow2",
        "backend_status": "Provisioning in progress",
        "enacted": "2014-08-26T16:37:56.922Z"
    },
    "model": "core.image",
    "pk": 27
},
{
    "fields": {
        "updated": "2013-12-11T22:18:00.040Z",
        "bucketInRate": 0,
        "name": "Cycles",
        "bucketMaxSize": 0,
        "created": "2013-12-11T22:18:00.040Z",
        "deleted": false,
        "serviceClass": 1,
        "maxUnitsDeployment": 0,
        "calendarReservable": false,
        "maxDuration": 0,
        "cost": 7,
        "backend_status": "Provisioning in progress",
        "maxUnitsNode": 0,
        "enacted": null
    },
    "model": "core.serviceresource",
    "pk": 4
},
{
    "fields": {
        "updated": "2013-12-11T22:18:00.045Z",
        "bucketInRate": 0,
        "name": "Cycles",
        "bucketMaxSize": 0,
        "created": "2013-12-11T22:18:00.045Z",
        "deleted": false,
        "serviceClass": 2,
        "maxUnitsDeployment": 0,
        "calendarReservable": false,
        "maxDuration": 0,
        "cost": 7,
        "backend_status": "Provisioning in progress",
        "maxUnitsNode": 0,
        "enacted": null
    },
    "model": "core.serviceresource",
    "pk": 5
},
{
    "fields": {
        "updated": "2013-12-11T22:18:00.053Z",
        "bucketInRate": 0,
        "name": "Cycles",
        "bucketMaxSize": 0,
        "created": "2013-12-11T22:18:00.053Z",
        "deleted": false,
        "serviceClass": 3,
        "maxUnitsDeployment": 0,
        "calendarReservable": false,
        "maxDuration": 0,
        "cost": 7,
        "backend_status": "Provisioning in progress",
        "maxUnitsNode": 0,
        "enacted": null
    },
    "model": "core.serviceresource",
    "pk": 6
},
{
    "fields": {
        "updated": "2013-12-11T22:18:00.064Z",
        "bucketInRate": 0,
        "name": "numberCores",
        "bucketMaxSize": 0,
        "created": "2013-12-11T22:18:00.064Z",
        "deleted": false,
        "serviceClass": 3,
        "maxUnitsDeployment": 210,
        "calendarReservable": true,
        "maxDuration": 8760,
        "cost": 0,
        "backend_status": "Provisioning in progress",
        "maxUnitsNode": 6,
        "enacted": null
    },
    "model": "core.serviceresource",
    "pk": 7
},
{
    "fields": {
        "updated": "2013-12-11T22:18:00.072Z",
        "bucketInRate": 10,
        "name": "numberCores",
        "bucketMaxSize": 210,
        "created": "2013-12-11T22:18:00.072Z",
        "deleted": false,
        "serviceClass": 2,
        "maxUnitsDeployment": 210,
        "calendarReservable": true,
        "maxDuration": 168,
        "cost": 7,
        "backend_status": "Provisioning in progress",
        "maxUnitsNode": 6,
        "enacted": null
    },
    "model": "core.serviceresource",
    "pk": 8
},
{
    "fields": {
        "updated": "2014-09-02T20:38:23.122Z",
        "name": "m1.tiny",
        "created": "2014-09-02T20:38:23.122Z",
        "deleted": false,
        "description": "openstack tiny instance",
        "deployments": [
            17,
            10
        ],
        "default": false,
        "flavor": "m1.tiny",
        "backend_status": "Provisioning in progress",
        "order": 0,
        "enacted": null
    },
    "model": "core.flavor",
    "pk": 1
},
{
    "fields": {
        "updated": "2014-09-02T20:59:40.518Z",
        "name": "m1.small",
        "created": "2014-09-02T20:59:40.518Z",
        "deleted": false,
        "description": "small openstack instance",
        "deployments": [
            17,
            11,
            10
        ],
        "default": true,
        "flavor": "m1.small",
        "backend_status": "Provisioning in progress",
        "order": 1,
        "enacted": null
    },
    "model": "core.flavor",
    "pk": 2
},
{
    "fields": {
        "updated": "2014-09-02T21:00:28.795Z",
        "name": "m1.medium",
        "created": "2014-09-02T21:00:28.795Z",
        "deleted": false,
        "description": "medium openstack flavor",
        "deployments": [
            17,
            11,
            10
        ],
        "default": false,
        "flavor": "m1.medium",
        "backend_status": "Provisioning in progress",
        "order": 2,
        "enacted": null
    },
    "model": "core.flavor",
    "pk": 3
},
{
    "fields": {
        "updated": "2014-09-02T21:00:57.360Z",
        "name": "m1.large",
        "created": "2014-09-02T21:00:49.945Z",
        "deleted": false,
        "description": "large openstack flavor",
        "deployments": [
            17,
            11,
            10
        ],
        "default": false,
        "flavor": "m1.large",
        "backend_status": "Provisioning in progress",
        "order": 3,
        "enacted": null
    },
    "model": "core.flavor",
    "pk": 4
},
{
    "fields": {
        "updated": "2014-09-02T21:01:15.285Z",
        "name": "m1.xlarge",
        "created": "2014-09-02T21:01:15.285Z",
        "deleted": false,
        "description": "extra large openstack flavor",
        "deployments": [
            17,
            11,
            10
        ],
        "default": false,
        "flavor": "m1.xlarge",
        "backend_status": "Provisioning in progress",
        "order": 4,
        "enacted": null
    },
    "model": "core.flavor",
    "pk": 5
},
{
    "fields": {
        "updated": "2014-09-03T00:25:30.120Z",
        "name": "m3.medium",
        "created": "2014-09-03T00:25:30.120Z",
        "deleted": false,
        "description": "ec2 flavor m3.medium",
        "deployments": [
            17,
            11
        ],
        "default": false,
        "flavor": "m3.medium",
        "backend_status": "Provisioning in progress",
        "order": 33,
        "enacted": null
    },
    "model": "core.flavor",
    "pk": 6
},
{
    "fields": {
        "updated": "2014-09-03T00:25:50.419Z",
        "name": "m3.large",
        "created": "2014-09-03T00:25:50.419Z",
        "deleted": false,
        "description": "ec2 flavor m3.large",
        "deployments": [
            17,
            11
        ],
        "default": false,
        "flavor": "m3.large",
        "backend_status": "Provisioning in progress",
        "order": 34,
        "enacted": null
    },
    "model": "core.flavor",
    "pk": 7
},
{
    "fields": {
        "updated": "2014-09-03T00:26:11.770Z",
        "name": "m3.2xlarge",
        "created": "2014-09-03T00:26:11.770Z",
        "deleted": false,
        "description": "ec2 flavor m3.2xlarge",
        "deployments": [
            17,
            11
        ],
        "default": false,
        "flavor": "m3.2xlarge",
        "backend_status": "Provisioning in progress",
        "order": 35,
        "enacted": null
    },
    "model": "core.flavor",
    "pk": 8
},
{
    "fields": {
        "updated": "2014-05-21T18:36:48.166Z",
        "name": "Public dedicated IPv4",
        "created": "2013-12-09T14:15:16.899Z",
        "deleted": false,
        "description": "Connect a sliver to the public network using dedicated public IPv4 address",
        "sharedNetworkName": "ext-net",
        "guaranteedBandwidth": 0,
        "visibility": "public",
        "sharedNetworkId": "",
        "translation": "none",
        "backend_status": "Provisioning in progress",
        "enacted": "2014-05-21T15:36:30Z"
    },
    "model": "core.networktemplate",
    "pk": 1
},
{
    "fields": {
        "updated": "2014-05-21T18:36:21.832Z",
        "name": "Public shared IPv4",
        "created": "2013-12-09T14:17:29.551Z",
        "deleted": false,
        "description": "Connect a sliver to the public network via NAT",
        "sharedNetworkName": "nat-net",
        "guaranteedBandwidth": 0,
        "visibility": "private",
        "sharedNetworkId": "",
        "translation": "NAT",
        "backend_status": "Provisioning in progress",
        "enacted": "2014-05-21T15:36:03Z"
    },
    "model": "core.networktemplate",
    "pk": 3
},
{
    "fields": {
        "updated": "2014-05-21T18:35:54.317Z",
        "name": "Private",
        "created": "2013-12-09T14:18:02.336Z",
        "deleted": false,
        "description": "A private virtual network",
        "sharedNetworkName": "",
        "guaranteedBandwidth": 0,
        "visibility": "private",
        "sharedNetworkId": "",
        "translation": "none",
        "backend_status": "Provisioning in progress",
        "enacted": "2014-05-21T15:35:54Z"
    },
    "model": "core.networktemplate",
    "pk": 4
},
{
    "fields": {
        "router_id": "",
        "subnet": "",
        "updated": "2014-06-03T20:52:08.863Z",
        "subnet_id": "",
        "name": "dnsredir-nat",
        "created": "2014-06-03T07:15:01.403Z",
        "deleted": false,
        "network_id": "",
        "permittedSlices": [],
        "labels": "",
        "guaranteedBandwidth": 0,
        "permitAllSlices": false,
        "template": 3,
        "owner": 32,
        "backend_status": "Provisioning in progress",
        "ports": "udp/53541",
        "enacted": "2014-06-03T20:52:10.906Z"
    },
    "model": "core.network",
    "pk": 75
},
{
    "fields": {
        "router_id": "",
        "subnet": "",
        "updated": "2014-06-03T07:16:08.841Z",
        "subnet_id": "",
        "name": "dnsredir-private",
        "created": "2014-06-03T07:15:33.377Z",
        "deleted": false,
        "network_id": "",
        "permittedSlices": [],
        "labels": "",
        "guaranteedBandwidth": 0,
        "permitAllSlices": false,
        "template": 4,
        "owner": 32,
        "backend_status": "Provisioning in progress",
        "ports": "",
        "enacted": "2014-06-03T07:16:10.549Z"
    },
    "model": "core.network",
    "pk": 76
},
{
    "fields": {
        "router_id": "",
        "subnet": "",
        "updated": "2014-07-25T03:51:06.296Z",
        "subnet_id": "",
        "name": "princeton_syndicate-private",
        "created": "2014-07-25T03:48:20.878Z",
        "deleted": false,
        "network_id": "",
        "permittedSlices": [
            40
        ],
        "labels": "",
        "guaranteedBandwidth": 0,
        "permitAllSlices": false,
        "template": 4,
        "owner": 40,
        "backend_status": "Provisioning in progress",
        "ports": "",
        "enacted": "2014-07-25T03:51:10.534Z"
    },
    "model": "core.network",
    "pk": 82
},
{
    "fields": {
        "router_id": "",
        "subnet": "",
        "updated": "2014-08-14T23:57:42.676Z",
        "subnet_id": "",
        "name": "princeton_syndicate-nat-net",
        "created": "2014-07-25T03:50:31.250Z",
        "deleted": false,
        "network_id": "",
        "permittedSlices": [
            40
        ],
        "labels": "",
        "guaranteedBandwidth": 0,
        "permitAllSlices": false,
        "template": 3,
        "owner": 40,
        "backend_status": "Provisioning in progress",
        "ports": "tcp 37000-37999",
        "enacted": "2014-08-14T23:57:49.221Z"
    },
    "model": "core.network",
    "pk": 83
},
{
    "fields": {
        "router_id": "",
        "subnet": "",
        "updated": "2014-07-25T04:13:10.217Z",
        "subnet_id": "",
        "name": "princeton_syndicate-privat",
        "created": "2014-07-25T03:51:22.976Z",
        "deleted": false,
        "network_id": "",
        "permittedSlices": [
            40
        ],
        "labels": "",
        "guaranteedBandwidth": 0,
        "permitAllSlices": false,
        "template": 4,
        "owner": 40,
        "backend_status": "Provisioning in progress",
        "ports": "",
        "enacted": "2014-07-25T04:13:14.143Z"
    },
    "model": "core.network",
    "pk": 84
},
{
    "fields": {
        "router_id": "",
        "subnet": "",
        "updated": "2014-07-25T04:13:17.992Z",
        "subnet_id": "",
        "name": "princeton_syndicate-private",
        "created": "2014-07-25T03:51:25.979Z",
        "deleted": false,
        "network_id": "",
        "permittedSlices": [
            40
        ],
        "labels": "",
        "guaranteedBandwidth": 0,
        "permitAllSlices": false,
        "template": 4,
        "owner": 40,
        "backend_status": "Provisioning in progress",
        "ports": "",
        "enacted": "2014-07-25T04:13:22.088Z"
    },
    "model": "core.network",
    "pk": 85
},
{
    "fields": {
        "router_id": "",
        "subnet": "",
        "updated": "2014-08-01T23:41:35.762Z",
        "subnet_id": "",
        "name": "dnsdemux-nat",
        "created": "2014-08-01T23:37:00.625Z",
        "deleted": false,
        "network_id": "",
        "permittedSlices": [],
        "labels": "",
        "guaranteedBandwidth": 0,
        "permitAllSlices": false,
        "template": 1,
        "owner": 31,
        "backend_status": "Provisioning in progress",
        "ports": "",
        "enacted": "2014-08-01T23:41:40.487Z"
    },
    "model": "core.network",
    "pk": 90
},
{
    "fields": {
        "router_id": "",
        "subnet": "",
        "updated": "2014-08-01T23:41:26.525Z",
        "subnet_id": "",
        "name": "dnsdemux-private",
        "created": "2014-08-01T23:37:47.334Z",
        "deleted": false,
        "network_id": "",
        "permittedSlices": [],
        "labels": "",
        "guaranteedBandwidth": 0,
        "permitAllSlices": false,
        "template": 4,
        "owner": 31,
        "backend_status": "Provisioning in progress",
        "ports": "",
        "enacted": "2014-08-01T23:41:31.143Z"
    },
    "model": "core.network",
    "pk": 91
},
{
    "fields": {
        "router_id": "",
        "subnet": "",
        "updated": "2014-08-02T16:47:40.823Z",
        "subnet_id": "",
        "name": "dnsdemux-nat2",
        "created": "2014-08-02T16:43:45.571Z",
        "deleted": false,
        "network_id": "",
        "permittedSlices": [],
        "labels": "",
        "guaranteedBandwidth": 0,
        "permitAllSlices": false,
        "template": 3,
        "owner": 31,
        "backend_status": "Provisioning in progress",
        "ports": "",
        "enacted": "2014-08-02T16:47:45.685Z"
    },
    "model": "core.network",
    "pk": 93
},
{
    "fields": {
        "router_id": "",
        "subnet": "",
        "updated": "2014-08-19T16:22:55.637Z",
        "subnet_id": "",
        "name": "hpc-nat",
        "created": "2014-08-02T17:29:06.716Z",
        "deleted": false,
        "network_id": "",
        "permittedSlices": [],
        "labels": "",
        "guaranteedBandwidth": 0,
        "permitAllSlices": false,
        "template": 3,
        "owner": 45,
        "backend_status": "Provisioning in progress",
        "ports": "tcp 3200:3209, tcp 2120:2128, tcp 8006:8009",
        "enacted": "2014-08-19T16:23:04.137Z"
    },
    "model": "core.network",
    "pk": 94
},
{
    "fields": {
        "router_id": "",
        "subnet": "",
        "updated": "2014-08-02T17:32:28.492Z",
        "subnet_id": "",
        "name": "hpc-private",
        "created": "2014-08-02T17:29:38.618Z",
        "deleted": false,
        "network_id": "",
        "permittedSlices": [],
        "labels": "",
        "guaranteedBandwidth": 0,
        "permitAllSlices": false,
        "template": 4,
        "owner": 45,
        "backend_status": "Provisioning in progress",
        "ports": "",
        "enacted": "2014-08-02T17:32:33.195Z"
    },
    "model": "core.network",
    "pk": 95
},
{
    "fields": {
        "router_id": "",
        "subnet": "",
        "updated": "2014-08-04T17:41:36.141Z",
        "subnet_id": "",
        "name": "dnsdemux-pub",
        "created": "2014-08-04T17:24:54.199Z",
        "deleted": false,
        "network_id": "",
        "permittedSlices": [],
        "labels": "",
        "guaranteedBandwidth": 0,
        "permitAllSlices": false,
        "template": 1,
        "owner": 31,
        "backend_status": "Provisioning in progress",
        "ports": "",
        "enacted": "2014-08-04T17:41:41.584Z"
    },
    "model": "core.network",
    "pk": 96
},
{
    "fields": {
        "router_id": "",
        "subnet": "",
        "updated": "2014-08-19T21:41:17.783Z",
        "subnet_id": "",
        "name": "onlab_cmi-prviate",
        "created": "2014-08-19T21:40:48.549Z",
        "deleted": false,
        "network_id": "",
        "permittedSlices": [],
        "labels": "",
        "guaranteedBandwidth": 0,
        "permitAllSlices": false,
        "template": 4,
        "owner": 53,
        "backend_status": "Provisioning in progress",
        "ports": "",
        "enacted": "2014-08-19T21:41:26.169Z"
    },
    "model": "core.network",
    "pk": 105
},
{
    "fields": {
        "router_id": "",
        "subnet": "",
        "updated": "2014-08-20T00:08:46.888Z",
        "subnet_id": "",
        "name": "onlab_cmi-nat",
        "created": "2014-08-19T21:41:26.950Z",
        "deleted": false,
        "network_id": "",
        "permittedSlices": [],
        "labels": "",
        "guaranteedBandwidth": 0,
        "permitAllSlices": false,
        "template": 3,
        "owner": 53,
        "backend_status": "Provisioning in progress",
        "ports": "tcp 8003, tcp 8004, tcp 8140",
        "enacted": "2014-08-20T00:08:55.148Z"
    },
    "model": "core.network",
    "pk": 106
},
{
    "fields": {
        "router_id": "",
        "subnet": "",
        "updated": "2014-09-30T22:13:33.156Z",
        "subnet_id": "",
        "name": "onlab_cacti_private",
        "created": "2014-09-30T19:56:42.970Z",
        "deleted": false,
        "network_id": "",
        "permittedSlices": [],
        "labels": "",
        "guaranteedBandwidth": 0,
        "permitAllSlices": false,
        "template": 4,
        "owner": 76,
        "backend_status": "Provisioning in progress",
        "ports": "",
        "enacted": "2014-09-30T22:13:35.670Z"
    },
    "model": "core.network",
    "pk": 109
},
{
    "fields": {
        "router_id": "",
        "subnet": "",
        "updated": "2014-10-01T01:51:18.615Z",
        "subnet_id": "",
        "name": "onlab_cacti_nat",
        "created": "2014-09-30T19:57:30.963Z",
        "deleted": false,
        "network_id": "",
        "permittedSlices": [],
        "labels": "",
        "guaranteedBandwidth": 0,
        "permitAllSlices": false,
        "template": 3,
        "owner": 76,
        "backend_status": "Provisioning in progress",
        "ports": "tcp 8011",
        "enacted": "2014-10-01T01:51:21.339Z"
    },
    "model": "core.network",
    "pk": 110
},
{
    "fields": {
        "router_id": null,
        "subnet": "",
        "updated": "2014-10-09T18:47:42.786Z",
        "subnet_id": null,
        "name": "princeton_syndicate-public",
        "created": "2014-10-08T14:41:03.309Z",
        "deleted": false,
        "network_id": null,
        "permittedSlices": [],
        "labels": null,
        "guaranteedBandwidth": 0,
        "permitAllSlices": false,
        "template": 1,
        "owner": 40,
        "backend_status": "Provisioning in progress",
        "ports": null,
        "enacted": "2014-10-09T18:47:46.426Z"
    },
    "model": "core.network",
    "pk": 115
},
{
    "fields": {
        "router_id": null,
        "subnet": "",
        "updated": "2014-10-09T18:47:47.531Z",
        "subnet_id": null,
        "name": "princeton_syndicate-private",
        "created": "2014-10-08T14:41:17.387Z",
        "deleted": false,
        "network_id": null,
        "permittedSlices": [],
        "labels": null,
        "guaranteedBandwidth": 0,
        "permitAllSlices": false,
        "template": 4,
        "owner": 40,
        "backend_status": "Provisioning in progress",
        "ports": null,
        "enacted": "2014-10-09T18:47:51.228Z"
    },
    "model": "core.network",
    "pk": 116
},
{
    "fields": {
        "router_id": null,
        "subnet": "",
        "updated": "2014-10-09T18:49:53.945Z",
        "subnet_id": null,
        "name": "princeton_publicdata-public",
        "created": "2014-10-09T16:41:54.752Z",
        "deleted": false,
        "network_id": null,
        "permittedSlices": [],
        "labels": null,
        "guaranteedBandwidth": 0,
        "permitAllSlices": false,
        "template": 1,
        "owner": 97,
        "backend_status": "Provisioning in progress",
        "ports": null,
        "enacted": "2014-10-09T18:49:57.666Z"
    },
    "model": "core.network",
    "pk": 145
},
{
    "fields": {
        "router_id": null,
        "subnet": "",
        "updated": "2014-10-09T18:49:58.669Z",
        "subnet_id": null,
        "name": "princeton_publicdata-private",
        "created": "2014-10-09T16:42:09.773Z",
        "deleted": false,
        "network_id": null,
        "permittedSlices": [],
        "labels": null,
        "guaranteedBandwidth": 0,
        "permitAllSlices": false,
        "template": 4,
        "owner": 97,
        "backend_status": "Provisioning in progress",
        "ports": null,
        "enacted": "2014-10-09T18:50:02.295Z"
    },
    "model": "core.network",
    "pk": 146
},
{
    "fields": {
        "updated": "2014-06-03T07:15:39.719Z",
        "slice": 32,
        "network": 75,
        "created": "2014-06-03T07:15:39.718Z",
        "deleted": false,
        "backend_status": "Provisioning in progress",
        "enacted": "2014-06-03T04:14:26Z"
    },
    "model": "core.networkslice",
    "pk": 64
},
{
    "fields": {
        "updated": "2014-06-03T07:15:41.549Z",
        "slice": 32,
        "network": 76,
        "created": "2014-06-03T07:15:41.549Z",
        "deleted": false,
        "backend_status": "Provisioning in progress",
        "enacted": "2014-06-03T04:15:08Z"
    },
    "model": "core.networkslice",
    "pk": 65
},
{
    "fields": {
        "updated": "2014-07-25T03:55:49.567Z",
        "slice": 40,
        "network": 83,
        "created": "2014-07-25T03:55:49.567Z",
        "deleted": false,
        "backend_status": "Provisioning in progress",
        "enacted": null
    },
    "model": "core.networkslice",
    "pk": 71
},
{
    "fields": {
        "updated": "2014-07-25T03:55:53.455Z",
        "slice": 40,
        "network": 85,
        "created": "2014-07-25T03:55:53.455Z",
        "deleted": false,
        "backend_status": "Provisioning in progress",
        "enacted": null
    },
    "model": "core.networkslice",
    "pk": 72
},
{
    "fields": {
        "updated": "2014-08-01T23:38:13.297Z",
        "slice": 31,
        "network": 91,
        "created": "2014-08-01T23:38:13.297Z",
        "deleted": false,
        "backend_status": "Provisioning in progress",
        "enacted": null
    },
    "model": "core.networkslice",
    "pk": 78
},
{
    "fields": {
        "updated": "2014-08-02T17:29:53.601Z",
        "slice": 45,
        "network": 94,
        "created": "2014-08-02T17:29:53.601Z",
        "deleted": false,
        "backend_status": "Provisioning in progress",
        "enacted": null
    },
    "model": "core.networkslice",
    "pk": 80
},
{
    "fields": {
        "updated": "2014-08-02T17:29:58.108Z",
        "slice": 45,
        "network": 95,
        "created": "2014-08-02T17:29:58.108Z",
        "deleted": false,
        "backend_status": "Provisioning in progress",
        "enacted": null
    },
    "model": "core.networkslice",
    "pk": 81
},
{
    "fields": {
        "updated": "2014-08-04T17:32:16.332Z",
        "slice": 31,
        "network": 96,
        "created": "2014-08-04T17:32:16.332Z",
        "deleted": false,
        "backend_status": "Provisioning in progress",
        "enacted": null
    },
    "model": "core.networkslice",
    "pk": 82
},
{
    "fields": {
        "updated": "2014-08-21T19:58:24.526Z",
        "slice": 53,
        "network": 105,
        "created": "2014-08-19T21:42:19.939Z",
        "deleted": false,
        "backend_status": "",
        "enacted": null
    },
    "model": "core.networkslice",
    "pk": 91
},
{
    "fields": {
        "updated": "2014-08-21T19:58:33.777Z",
        "slice": 53,
        "network": 106,
        "created": "2014-08-19T21:42:28.249Z",
        "deleted": false,
        "backend_status": "",
        "enacted": null
    },
    "model": "core.networkslice",
    "pk": 92
},
{
    "fields": {
        "updated": "2014-09-30T19:57:37.139Z",
        "slice": 76,
        "network": 109,
        "created": "2014-09-30T19:57:37.139Z",
        "deleted": false,
        "backend_status": "Provisioning in progress",
        "enacted": null
    },
    "model": "core.networkslice",
    "pk": 96
},
{
    "fields": {
        "updated": "2014-09-30T19:57:38.047Z",
        "slice": 76,
        "network": 110,
        "created": "2014-09-30T19:57:38.047Z",
        "deleted": false,
        "backend_status": "Provisioning in progress",
        "enacted": null
    },
    "model": "core.networkslice",
    "pk": 97
},
{
    "fields": {
        "updated": "2014-10-08T14:41:16.345Z",
        "slice": 40,
        "network": 115,
        "created": "2014-10-08T14:41:16.345Z",
        "deleted": false,
        "backend_status": "Provisioning in progress",
        "enacted": null
    },
    "model": "core.networkslice",
    "pk": 100
},
{
    "fields": {
        "updated": "2014-10-08T14:41:35.969Z",
        "slice": 40,
        "network": 116,
        "created": "2014-10-08T14:41:35.969Z",
        "deleted": false,
        "backend_status": "Provisioning in progress",
        "enacted": null
    },
    "model": "core.networkslice",
    "pk": 101
},
{
    "fields": {
        "updated": "2014-10-09T16:42:22.452Z",
        "slice": 97,
        "network": 145,
        "created": "2014-10-09T16:42:22.452Z",
        "deleted": false,
        "backend_status": "Provisioning in progress",
        "enacted": null
    },
    "model": "core.networkslice",
    "pk": 124
},
{
    "fields": {
        "updated": "2014-10-09T16:42:23.336Z",
        "slice": 97,
        "network": 146,
        "created": "2014-10-09T16:42:23.336Z",
        "deleted": false,
        "backend_status": "Provisioning in progress",
        "enacted": null
    },
    "model": "core.networkslice",
    "pk": 125
},
{
    "fields": {
        "updated": "2013-12-09T14:43:25.664Z",
        "name": "allocation-pool-end",
        "created": "2013-12-09T14:43:25.664Z",
        "deleted": false,
        "description": "End of IPv4 address allocation pool",
        "backend_status": "Provisioning in progress",
        "enacted": null
    },
    "model": "core.networkparametertype",
    "pk": 1
},
{
    "fields": {
        "updated": "2013-12-09T14:43:45.564Z",
        "name": "allocation-pool-start",
        "created": "2013-12-09T14:43:45.564Z",
        "deleted": false,
        "description": "Start of IPv4 address allocation pool",
        "backend_status": "Provisioning in progress",
        "enacted": null
    },
    "model": "core.networkparametertype",
    "pk": 2
},
{
    "fields": {
        "updated": "2013-12-09T14:44:05.513Z",
        "name": "cidr",
        "created": "2013-12-09T14:44:05.513Z",
        "deleted": false,
        "description": "CIDR block for network",
        "backend_status": "Provisioning in progress",
        "enacted": null
    },
    "model": "core.networkparametertype",
    "pk": 3
},
{
    "fields": {
        "updated": "2013-12-18T21:29:00.470Z",
        "created": "2013-12-18T21:29:00.470Z",
        "deleted": false,
        "site": 10,
        "backend_status": "Provisioning in progress",
        "enacted": null
    },
    "model": "core.account",
    "pk": 14
},
{
    "fields": {
        "updated": "2013-12-18T21:29:00.495Z",
        "created": "2013-12-18T21:29:00.495Z",
        "deleted": false,
        "site": 22,
        "backend_status": "Provisioning in progress",
        "enacted": null
    },
    "model": "core.account",
    "pk": 15
},
{
    "fields": {
        "updated": "2013-12-18T21:29:00.502Z",
        "created": "2013-12-18T21:29:00.502Z",
        "deleted": false,
        "site": 24,
        "backend_status": "Provisioning in progress",
        "enacted": null
    },
    "model": "core.account",
    "pk": 16
},
{
    "fields": {
        "updated": "2013-12-18T21:29:16.421Z",
        "created": "2013-12-18T21:29:16.421Z",
        "deleted": false,
        "account": 14,
        "date": "2013-11-18T21:00:00Z",
        "backend_status": "Provisioning in progress",
        "enacted": null
    },
    "model": "core.invoice",
    "pk": 63
},
{
    "fields": {
        "updated": "2013-12-18T21:29:16.434Z",
        "created": "2013-12-18T21:29:16.434Z",
        "deleted": false,
        "account": 14,
        "date": "2013-11-24T21:00:00Z",
        "backend_status": "Provisioning in progress",
        "enacted": null
    },
    "model": "core.invoice",
    "pk": 64
},
{
    "fields": {
        "updated": "2013-12-18T21:29:17.229Z",
        "created": "2013-12-18T21:29:17.229Z",
        "deleted": false,
        "account": 14,
        "date": "2013-12-01T21:00:00Z",
        "backend_status": "Provisioning in progress",
        "enacted": null
    },
    "model": "core.invoice",
    "pk": 65
},
{
    "fields": {
        "updated": "2013-12-18T21:29:18.213Z",
        "created": "2013-12-18T21:29:18.212Z",
        "deleted": false,
        "account": 14,
        "date": "2013-12-08T21:00:00Z",
        "backend_status": "Provisioning in progress",
        "enacted": null
    },
    "model": "core.invoice",
    "pk": 66
},
{
    "fields": {
        "updated": "2013-12-18T21:29:19.091Z",
        "created": "2013-12-18T21:29:19.091Z",
        "deleted": false,
        "account": 14,
        "date": "2013-12-15T21:00:00Z",
        "backend_status": "Provisioning in progress",
        "enacted": null
    },
    "model": "core.invoice",
    "pk": 67
},
{
    "fields": {
        "updated": "2013-12-18T21:29:20.175Z",
        "created": "2013-12-18T21:29:20.175Z",
        "deleted": false,
        "account": 15,
        "date": "2013-11-18T21:00:00Z",
        "backend_status": "Provisioning in progress",
        "enacted": null
    },
    "model": "core.invoice",
    "pk": 68
},
{
    "fields": {
        "updated": "2013-12-18T21:29:20.193Z",
        "created": "2013-12-18T21:29:20.193Z",
        "deleted": false,
        "account": 15,
        "date": "2013-11-24T21:00:00Z",
        "backend_status": "Provisioning in progress",
        "enacted": null
    },
    "model": "core.invoice",
    "pk": 69
},
{
    "fields": {
        "updated": "2013-12-18T21:29:22.239Z",
        "created": "2013-12-18T21:29:22.239Z",
        "deleted": false,
        "account": 15,
        "date": "2013-12-01T21:00:00Z",
        "backend_status": "Provisioning in progress",
        "enacted": null
    },
    "model": "core.invoice",
    "pk": 70
},
{
    "fields": {
        "updated": "2013-12-18T21:29:24.550Z",
        "created": "2013-12-18T21:29:24.550Z",
        "deleted": false,
        "account": 15,
        "date": "2013-12-08T21:00:00Z",
        "backend_status": "Provisioning in progress",
        "enacted": null
    },
    "model": "core.invoice",
    "pk": 71
},
{
    "fields": {
        "updated": "2013-12-18T21:29:26.820Z",
        "created": "2013-12-18T21:29:26.820Z",
        "deleted": false,
        "account": 15,
        "date": "2013-12-15T21:00:00Z",
        "backend_status": "Provisioning in progress",
        "enacted": null
    },
    "model": "core.invoice",
    "pk": 72
},
{
    "fields": {
        "updated": "2013-12-18T21:29:29.206Z",
        "created": "2013-12-18T21:29:29.206Z",
        "deleted": false,
        "account": 16,
        "date": "2013-11-18T21:00:00Z",
        "backend_status": "Provisioning in progress",
        "enacted": null
    },
    "model": "core.invoice",
    "pk": 73
},
{
    "fields": {
        "updated": "2013-12-18T21:29:29.222Z",
        "created": "2013-12-18T21:29:29.222Z",
        "deleted": false,
        "account": 16,
        "date": "2013-11-24T21:00:00Z",
        "backend_status": "Provisioning in progress",
        "enacted": null
    },
    "model": "core.invoice",
    "pk": 74
},
{
    "fields": {
        "updated": "2013-12-18T21:29:29.538Z",
        "created": "2013-12-18T21:29:29.538Z",
        "deleted": false,
        "account": 16,
        "date": "2013-12-01T21:00:00Z",
        "backend_status": "Provisioning in progress",
        "enacted": null
    },
    "model": "core.invoice",
    "pk": 75
},
{
    "fields": {
        "updated": "2013-12-18T21:29:29.894Z",
        "created": "2013-12-18T21:29:29.894Z",
        "deleted": false,
        "account": 16,
        "date": "2013-12-08T21:00:00Z",
        "backend_status": "Provisioning in progress",
        "enacted": null
    },
    "model": "core.invoice",
    "pk": 76
},
{
    "fields": {
        "updated": "2013-12-18T21:29:30.251Z",
        "created": "2013-12-18T21:29:30.251Z",
        "deleted": false,
        "account": 16,
        "date": "2013-12-15T21:00:00Z",
        "backend_status": "Provisioning in progress",
        "enacted": null
    },
    "model": "core.invoice",
    "pk": 77
},
{
    "fields": {
        "updated": "2013-12-18T21:29:00.529Z",
        "name": "node17.washington.vicci.org",
        "created": "2013-12-18T21:29:00.529Z",
        "deleted": false,
        "backend_status": "Provisioning in progress",
        "enacted": null
    },
    "model": "core.usableobject",
    "pk": 104
},
{
    "fields": {
        "updated": "2013-12-18T21:29:01.289Z",
        "name": "node16.washington.vicci.org",
        "created": "2013-12-18T21:29:01.289Z",
        "deleted": false,
        "backend_status": "Provisioning in progress",
        "enacted": null
    },
    "model": "core.usableobject",
    "pk": 105
},
{
    "fields": {
        "updated": "2013-12-18T21:29:02.189Z",
        "name": "node15.washington.vicci.org",
        "created": "2013-12-18T21:29:02.189Z",
        "deleted": false,
        "backend_status": "Provisioning in progress",
        "enacted": null
    },
    "model": "core.usableobject",
    "pk": 106
},
{
    "fields": {
        "updated": "2013-12-18T21:29:03.178Z",
        "name": "node14.washington.vicci.org",
        "created": "2013-12-18T21:29:03.178Z",
        "deleted": false,
        "backend_status": "Provisioning in progress",
        "enacted": null
    },
    "model": "core.usableobject",
    "pk": 107
},
{
    "fields": {
        "updated": "2013-12-18T21:29:03.942Z",
        "name": "node70.princeton.vicci.org",
        "created": "2013-12-18T21:29:03.942Z",
        "deleted": false,
        "backend_status": "Provisioning in progress",
        "enacted": null
    },
    "model": "core.usableobject",
    "pk": 108
},
{
    "fields": {
        "updated": "2013-12-18T21:29:04.702Z",
        "name": "node69.princeton.vicci.org",
        "created": "2013-12-18T21:29:04.702Z",
        "deleted": false,
        "backend_status": "Provisioning in progress",
        "enacted": null
    },
    "model": "core.usableobject",
    "pk": 109
},
{
    "fields": {
        "updated": "2013-12-18T21:29:05.547Z",
        "name": "node68.princeton.vicci.org",
        "created": "2013-12-18T21:29:05.547Z",
        "deleted": false,
        "backend_status": "Provisioning in progress",
        "enacted": null
    },
    "model": "core.usableobject",
    "pk": 110
},
{
    "fields": {
        "updated": "2013-12-18T21:29:06.336Z",
        "name": "node67.princeton.vicci.org",
        "created": "2013-12-18T21:29:06.336Z",
        "deleted": false,
        "backend_status": "Provisioning in progress",
        "enacted": null
    },
    "model": "core.usableobject",
    "pk": 111
},
{
    "fields": {
        "updated": "2013-12-18T21:29:07.101Z",
        "name": "node30.princeton.vicci.org",
        "created": "2013-12-18T21:29:07.101Z",
        "deleted": false,
        "backend_status": "Provisioning in progress",
        "enacted": null
    },
    "model": "core.usableobject",
    "pk": 112
},
{
    "fields": {
        "updated": "2013-12-18T21:29:09.453Z",
        "name": "node55.stanford.vicci.org",
        "created": "2013-12-18T21:29:09.453Z",
        "deleted": false,
        "backend_status": "Provisioning in progress",
        "enacted": null
    },
    "model": "core.usableobject",
    "pk": 113
},
{
    "fields": {
        "updated": "2013-12-18T21:29:10.216Z",
        "name": "node12.princeton.vicci.org",
        "created": "2013-12-18T21:29:10.216Z",
        "deleted": false,
        "backend_status": "Provisioning in progress",
        "enacted": null
    },
    "model": "core.usableobject",
    "pk": 114
},
{
    "fields": {
        "updated": "2013-12-18T21:29:10.975Z",
        "name": "node20.washington.vicci.org",
        "created": "2013-12-18T21:29:10.975Z",
        "deleted": false,
        "backend_status": "Provisioning in progress",
        "enacted": null
    },
    "model": "core.usableobject",
    "pk": 115
},
{
    "fields": {
        "updated": "2013-12-18T21:29:11.729Z",
        "name": "node1.stanford.vicci.org",
        "created": "2013-12-18T21:29:11.729Z",
        "deleted": false,
        "backend_status": "Provisioning in progress",
        "enacted": null
    },
    "model": "core.usableobject",
    "pk": 116
},
{
    "fields": {
        "updated": "2013-12-18T21:29:12.494Z",
        "name": "node33.princeton.vicci.org",
        "created": "2013-12-18T21:29:12.494Z",
        "deleted": false,
        "backend_status": "Provisioning in progress",
        "enacted": null
    },
    "model": "core.usableobject",
    "pk": 117
},
{
    "fields": {
        "updated": "2013-12-18T21:29:13.329Z",
        "name": "node15.princeton.vicci.org",
        "created": "2013-12-18T21:29:13.329Z",
        "deleted": false,
        "backend_status": "Provisioning in progress",
        "enacted": null
    },
    "model": "core.usableobject",
    "pk": 118
},
{
    "fields": {
        "updated": "2013-12-18T21:29:14.083Z",
        "name": "node23.princeton.vicci.org",
        "created": "2013-12-18T21:29:14.083Z",
        "deleted": false,
        "backend_status": "Provisioning in progress",
        "enacted": null
    },
    "model": "core.usableobject",
    "pk": 119
},
{
    "fields": {
        "updated": "2013-12-18T21:29:14.847Z",
        "name": "node10.princeton.vicci.org",
        "created": "2013-12-18T21:29:14.847Z",
        "deleted": false,
        "backend_status": "Provisioning in progress",
        "enacted": null
    },
    "model": "core.usableobject",
    "pk": 120
},
{
    "fields": {
        "updated": "2013-12-18T21:29:15.609Z",
        "name": "node13.princeton.vicci.org",
        "created": "2013-12-18T21:29:15.609Z",
        "deleted": false,
        "backend_status": "Provisioning in progress",
        "enacted": null
    },
    "model": "core.usableobject",
    "pk": 121
},
{
    "fields": {
        "updated": "2013-12-18T21:29:19.973Z",
        "created": "2013-12-18T21:29:19.973Z",
        "deleted": false,
        "account": 14,
        "amount": 0.2968,
        "date": "2013-12-03T02:00:00Z",
        "backend_status": "Provisioning in progress",
        "enacted": null
    },
    "model": "core.payment",
    "pk": 37
},
{
    "fields": {
        "updated": "2013-12-18T21:29:19.979Z",
        "created": "2013-12-18T21:29:19.979Z",
        "deleted": false,
        "account": 14,
        "amount": 21.14,
        "date": "2013-12-09T02:00:00Z",
        "backend_status": "Provisioning in progress",
        "enacted": null
    },
    "model": "core.payment",
    "pk": 38
},
{
    "fields": {
        "updated": "2013-12-18T21:29:19.987Z",
        "created": "2013-12-18T21:29:19.987Z",
        "deleted": false,
        "account": 14,
        "amount": 24.3768,
        "date": "2013-12-16T02:00:00Z",
        "backend_status": "Provisioning in progress",
        "enacted": null
    },
    "model": "core.payment",
    "pk": 39
},
{
    "fields": {
        "updated": "2013-12-18T21:29:29.154Z",
        "created": "2013-12-18T21:29:29.153Z",
        "deleted": false,
        "account": 15,
        "amount": 0.3024,
        "date": "2013-12-03T02:00:00Z",
        "backend_status": "Provisioning in progress",
        "enacted": null
    },
    "model": "core.payment",
    "pk": 40
},
{
    "fields": {
        "updated": "2013-12-18T21:29:29.166Z",
        "created": "2013-12-18T21:29:29.166Z",
        "deleted": false,
        "account": 15,
        "amount": 86.5536,
        "date": "2013-12-09T02:00:00Z",
        "backend_status": "Provisioning in progress",
        "enacted": null
    },
    "model": "core.payment",
    "pk": 41
},
{
    "fields": {
        "updated": "2013-12-18T21:29:29.174Z",
        "created": "2013-12-18T21:29:29.174Z",
        "deleted": false,
        "account": 15,
        "amount": 96.404,
        "date": "2013-12-16T02:00:00Z",
        "backend_status": "Provisioning in progress",
        "enacted": null
    },
    "model": "core.payment",
    "pk": 42
},
{
    "fields": {
        "updated": "2013-12-18T21:29:30.620Z",
        "created": "2013-12-18T21:29:30.620Z",
        "deleted": false,
        "account": 16,
        "amount": 0.1848,
        "date": "2013-12-03T02:00:00Z",
        "backend_status": "Provisioning in progress",
        "enacted": null
    },
    "model": "core.payment",
    "pk": 43
},
{
    "fields": {
        "updated": "2013-12-18T21:29:30.626Z",
        "created": "2013-12-18T21:29:30.626Z",
        "deleted": false,
        "account": 16,
        "amount": 8.5904,
        "date": "2013-12-09T02:00:00Z",
        "backend_status": "Provisioning in progress",
        "enacted": null
    },
    "model": "core.payment",
    "pk": 44
},
{
    "fields": {
        "updated": "2013-12-18T21:29:30.634Z",
        "created": "2013-12-18T21:29:30.634Z",
        "deleted": false,
        "account": 16,
        "amount": 10.0016,
        "date": "2013-12-16T02:00:00Z",
        "backend_status": "Provisioning in progress",
        "enacted": null
    },
    "model": "core.payment",
    "pk": 45
},
{
    "fields": {},
    "model": "hpc.hpcservice",
    "pk": 12
},
{
    "fields": {
        "updated": "2014-09-23T23:39:52.767Z",
        "name": "VVNodecheckNSP",
        "created": "2014-09-23T22:12:56.380Z",
        "deleted": false,
        "description": "",
        "enabled": true,
        "service_provider_id": 2,
        "backend_status": "Provisioning in progress",
        "enacted": "2014-09-23T23:40:10.675Z"
    },
    "model": "hpc.serviceprovider",
    "pk": 4
},
{
    "fields": {
        "updated": "2014-09-23T23:40:29.527Z",
        "name": "viccisp",
        "created": "2014-09-23T22:12:58.010Z",
        "deleted": false,
        "description": "",
        "enabled": true,
        "service_provider_id": 5,
        "backend_status": "Provisioning in progress",
        "enacted": "2014-09-23T23:40:47.552Z"
    },
    "model": "hpc.serviceprovider",
    "pk": 6
},
{
    "fields": {
        "updated": "2014-09-23T23:41:05.729Z",
        "name": "internet2sp",
        "created": "2014-09-23T22:47:53.487Z",
        "deleted": false,
        "description": "",
        "enabled": true,
        "service_provider_id": 6,
        "backend_status": "Provisioning in progress",
        "enacted": "2014-09-23T23:41:23.597Z"
    },
    "model": "hpc.serviceprovider",
    "pk": 7
},
{
    "fields": {
        "updated": "2014-09-23T23:41:43.223Z",
        "name": "testcdn",
        "created": "2014-09-23T23:02:20.664Z",
        "deleted": false,
        "description": "",
        "enabled": true,
        "service_provider_id": 7,
        "backend_status": "Provisioning in progress",
        "enacted": "2014-09-23T23:42:01.240Z"
    },
    "model": "hpc.serviceprovider",
    "pk": 8
},
{
    "fields": {
        "updated": "2014-09-23T23:47:49.530Z",
        "name": "Test Content Provider",
        "created": "2014-09-23T22:16:56.130Z",
        "deleted": false,
        "serviceProvider": 8,
        "description": "",
        "enabled": true,
        "content_provider_id": 18,
        "users": [],
        "backend_status": "Provisioning in progress",
        "enacted": "2014-09-23T23:48:07.481Z"
    },
    "model": "hpc.contentprovider",
    "pk": 36
},
{
    "fields": {
        "updated": "2014-09-23T23:42:19.442Z",
        "name": "internet2cp",
        "created": "2014-09-23T22:16:57.073Z",
        "deleted": false,
        "serviceProvider": 7,
        "description": "",
        "enabled": true,
        "content_provider_id": 10,
        "users": [],
        "backend_status": "Provisioning in progress",
        "enacted": "2014-09-23T23:42:37.769Z"
    },
    "model": "hpc.contentprovider",
    "pk": 37
},
{
    "fields": {
        "updated": "2014-09-23T23:42:55.920Z",
        "name": "nyu",
        "created": "2014-09-23T22:16:57.847Z",
        "deleted": false,
        "serviceProvider": 7,
        "description": "",
        "enabled": true,
        "content_provider_id": 11,
        "users": [],
        "backend_status": "Provisioning in progress",
        "enacted": "2014-09-23T23:43:13.938Z"
    },
    "model": "hpc.contentprovider",
    "pk": 38
},
{
    "fields": {
        "updated": "2014-09-23T23:43:32.572Z",
        "name": "princeton",
        "created": "2014-09-23T22:16:58.603Z",
        "deleted": false,
        "serviceProvider": 7,
        "description": "",
        "enabled": true,
        "content_provider_id": 12,
        "users": [],
        "backend_status": "Provisioning in progress",
        "enacted": "2014-09-23T23:43:51.291Z"
    },
    "model": "hpc.contentprovider",
    "pk": 39
},
{
    "fields": {
        "updated": "2014-09-23T23:44:11.623Z",
        "name": "duke",
        "created": "2014-09-23T22:17:01.008Z",
        "deleted": false,
        "serviceProvider": 7,
        "description": "",
        "enabled": true,
        "content_provider_id": 13,
        "users": [],
        "backend_status": "Provisioning in progress",
        "enacted": "2014-09-23T23:44:29.685Z"
    },
    "model": "hpc.contentprovider",
    "pk": 40
},
{
    "fields": {
        "updated": "2014-09-23T23:44:49.341Z",
        "name": "syndicatecp",
        "created": "2014-09-23T22:17:01.770Z",
        "deleted": false,
        "serviceProvider": 6,
        "description": "",
        "enabled": true,
        "content_provider_id": 14,
        "users": [],
        "backend_status": "Provisioning in progress",
        "enacted": "2014-09-23T23:45:14.937Z"
    },
    "model": "hpc.contentprovider",
    "pk": 41
},
{
    "fields": {
        "updated": "2014-09-23T23:45:33.737Z",
        "name": "onlabcp",
        "created": "2014-09-23T22:17:02.452Z",
        "deleted": false,
        "serviceProvider": 6,
        "description": "",
        "enabled": true,
        "content_provider_id": 15,
        "users": [],
        "backend_status": "Provisioning in progress",
        "enacted": "2014-09-23T23:45:52.260Z"
    },
    "model": "hpc.contentprovider",
    "pk": 42
},
{
    "fields": {
        "updated": "2014-09-23T23:46:10.347Z",
        "name": "FIU",
        "created": "2014-09-23T22:17:04.498Z",
        "deleted": false,
        "serviceProvider": 7,
        "description": "",
        "enabled": true,
        "content_provider_id": 16,
        "users": [],
        "backend_status": "Provisioning in progress",
        "enacted": "2014-09-23T23:46:52.730Z"
    },
    "model": "hpc.contentprovider",
    "pk": 43
},
{
    "fields": {
        "updated": "2014-09-23T23:47:11.412Z",
        "name": "testcp2",
        "created": "2014-09-23T22:17:05.350Z",
        "deleted": false,
        "serviceProvider": 7,
        "description": "",
        "enabled": true,
        "content_provider_id": 17,
        "users": [],
        "backend_status": "Provisioning in progress",
        "enacted": "2014-09-23T23:47:29.629Z"
    },
    "model": "hpc.contentprovider",
    "pk": 44
},
{
    "fields": {
        "updated": "2014-09-24T00:21:29.109Z",
        "contentProvider": 41,
        "origin_server_id": 376,
        "description": "test",
        "created": "2013-12-11T23:57:18.286Z",
        "deleted": false,
        "enabled": true,
        "redirects": true,
        "protocol": "http",
        "url": "node51.washington.vicci.org:32780",
        "authenticated": false,
        "backend_status": "AttributeError(\"SyncOriginServer instance has no attribute 'all_os_id'\",)",
        "enacted": "2014-09-24T00:21:47.801Z"
    },
    "model": "hpc.originserver",
    "pk": 3616
},
{
    "fields": {
        "updated": "2014-09-24T05:35:24.130Z",
        "contentProvider": 41,
        "origin_server_id": 1039,
        "description": "test",
        "created": "2013-12-11T23:57:18.298Z",
        "deleted": false,
        "enabled": true,
        "redirects": true,
        "protocol": "http",
        "url": "node50.washington.vicci.org:32780",
        "authenticated": false,
        "backend_status": "<Fault ONEVFault: 100: 'user_id 3: Update: Object does not exist, it must be created first.'>",
        "enacted": "2014-09-24T05:35:24.198Z"
    },
    "model": "hpc.originserver",
    "pk": 3617
},
{
    "fields": {
        "updated": "2014-09-24T00:22:06.012Z",
        "contentProvider": 41,
        "origin_server_id": 377,
        "description": "test",
        "created": "2013-12-11T23:57:20.694Z",
        "deleted": false,
        "enabled": true,
        "redirects": true,
        "protocol": "http",
        "url": "www.cs.princeton.edu",
        "authenticated": false,
        "backend_status": "Provisioning in progress",
        "enacted": "2014-09-24T00:22:23.928Z"
    },
    "model": "hpc.originserver",
    "pk": 3881
},
{
    "fields": {
        "updated": "2014-09-23T23:52:15.539Z",
        "contentProvider": 37,
        "origin_server_id": 363,
        "description": "test",
        "created": "2014-09-23T22:17:34.918Z",
        "deleted": false,
        "enabled": true,
        "redirects": true,
        "protocol": "HTTP",
        "url": "events.internet2.edu",
        "authenticated": false,
        "backend_status": "Provisioning in progress",
        "enacted": "2014-09-23T23:52:33.780Z"
    },
    "model": "hpc.originserver",
    "pk": 3883
},
{
    "fields": {
        "updated": "2014-09-23T23:52:54.731Z",
        "contentProvider": 37,
        "origin_server_id": 364,
        "description": "test",
        "created": "2014-09-23T22:17:40.909Z",
        "deleted": false,
        "enabled": true,
        "redirects": true,
        "protocol": "HTTP",
        "url": "mirror.umd.edu",
        "authenticated": false,
        "backend_status": "Provisioning in progress",
        "enacted": "2014-09-23T23:53:12.672Z"
    },
    "model": "hpc.originserver",
    "pk": 3884
},
{
    "fields": {
        "updated": "2014-09-23T23:53:34.739Z",
        "contentProvider": 37,
        "origin_server_id": 365,
        "description": "test",
        "created": "2014-09-23T22:17:41.723Z",
        "deleted": false,
        "enabled": true,
        "redirects": true,
        "protocol": "HTTP",
        "url": "www.internet2.edu",
        "authenticated": false,
        "backend_status": "Provisioning in progress",
        "enacted": "2014-09-23T23:53:54.659Z"
    },
    "model": "hpc.originserver",
    "pk": 3885
},
{
    "fields": {
        "updated": "2014-09-23T23:54:17.670Z",
        "contentProvider": 38,
        "origin_server_id": 366,
        "description": "test",
        "created": "2014-09-23T22:17:42.444Z",
        "deleted": false,
        "enabled": true,
        "redirects": true,
        "protocol": "HTTP",
        "url": "node37.princeton.vicci.org:8011",
        "authenticated": false,
        "backend_status": "Provisioning in progress",
        "enacted": "2014-09-23T23:54:35.946Z"
    },
    "model": "hpc.originserver",
    "pk": 3886
},
{
    "fields": {
        "updated": "2014-09-23T23:54:54.438Z",
        "contentProvider": 38,
        "origin_server_id": 367,
        "description": "test",
        "created": "2014-09-23T22:17:43.182Z",
        "deleted": false,
        "enabled": true,
        "redirects": true,
        "protocol": "HTTP",
        "url": "shanghai.nyu.edu",
        "authenticated": false,
        "backend_status": "Provisioning in progress",
        "enacted": "2014-09-23T23:55:13.199Z"
    },
    "model": "hpc.originserver",
    "pk": 3887
},
{
    "fields": {
        "updated": "2014-09-23T23:55:30.925Z",
        "contentProvider": 38,
        "origin_server_id": 368,
        "description": "test",
        "created": "2014-09-23T22:17:43.889Z",
        "deleted": false,
        "enabled": true,
        "redirects": true,
        "protocol": "HTTP",
        "url": "shanghai.nyu.edu.proxy1.vicci.org",
        "authenticated": false,
        "backend_status": "Provisioning in progress",
        "enacted": "2014-09-23T23:55:49.622Z"
    },
    "model": "hpc.originserver",
    "pk": 3888
},
{
    "fields": {
        "updated": "2014-09-23T23:56:07.436Z",
        "contentProvider": 38,
        "origin_server_id": 369,
        "description": "test",
        "created": "2014-09-23T22:17:44.621Z",
        "deleted": false,
        "enabled": true,
        "redirects": true,
        "protocol": "HTTP",
        "url": "www.nyu.edu",
        "authenticated": false,
        "backend_status": "Provisioning in progress",
        "enacted": "2014-09-23T23:56:26.295Z"
    },
    "model": "hpc.originserver",
    "pk": 3889
},
{
    "fields": {
        "updated": "2014-09-23T23:56:44.530Z",
        "contentProvider": 39,
        "origin_server_id": 370,
        "description": "test",
        "created": "2014-09-23T22:17:45.431Z",
        "deleted": false,
        "enabled": true,
        "redirects": true,
        "protocol": "HTTP",
        "url": "www.princeton.edu",
        "authenticated": false,
        "backend_status": "Provisioning in progress",
        "enacted": "2014-09-23T23:57:02.468Z"
    },
    "model": "hpc.originserver",
    "pk": 3890
},
{
    "fields": {
        "updated": "2014-09-23T23:57:21.528Z",
        "contentProvider": 40,
        "origin_server_id": 371,
        "description": "test",
        "created": "2014-09-23T22:17:46.186Z",
        "deleted": false,
        "enabled": true,
        "redirects": true,
        "protocol": "HTTP",
        "url": "dku.edu.cn",
        "authenticated": false,
        "backend_status": "Provisioning in progress",
        "enacted": "2014-09-23T23:57:40.477Z"
    },
    "model": "hpc.originserver",
    "pk": 3891
},
{
    "fields": {
        "updated": "2014-09-23T23:57:59.492Z",
        "contentProvider": 40,
        "origin_server_id": 372,
        "description": "test",
        "created": "2014-09-23T22:17:46.890Z",
        "deleted": false,
        "enabled": true,
        "redirects": true,
        "protocol": "HTTP",
        "url": "dku.edu.cn.proxy1.vicci.org",
        "authenticated": false,
        "backend_status": "Provisioning in progress",
        "enacted": "2014-09-23T23:58:19.195Z"
    },
    "model": "hpc.originserver",
    "pk": 3892
},
{
    "fields": {
        "updated": "2014-09-23T23:58:37.718Z",
        "contentProvider": 40,
        "origin_server_id": 373,
        "description": "test",
        "created": "2014-09-23T22:17:47.697Z",
        "deleted": false,
        "enabled": true,
        "redirects": true,
        "protocol": "HTTP",
        "url": "dku.edu.cn.proxy2.vicci.org",
        "authenticated": false,
        "backend_status": "Provisioning in progress",
        "enacted": "2014-09-23T23:58:55.628Z"
    },
    "model": "hpc.originserver",
    "pk": 3893
},
{
    "fields": {
        "updated": "2014-09-24T00:00:58.416Z",
        "contentProvider": 41,
        "origin_server_id": 374,
        "description": "test",
        "created": "2014-09-23T22:17:48.408Z",
        "deleted": false,
        "enabled": true,
        "redirects": true,
        "protocol": "HTTP",
        "url": "147-179.surfsnel.dsl.internl.net:32780",
        "authenticated": false,
        "backend_status": "Provisioning in progress",
        "enacted": "2014-09-24T00:00:58.476Z"
    },
    "model": "hpc.originserver",
    "pk": 3894
},
{
    "fields": {
        "updated": "2014-09-24T00:01:16.725Z",
        "contentProvider": 41,
        "origin_server_id": 375,
        "description": "test",
        "created": "2014-09-23T22:17:49.165Z",
        "deleted": false,
        "enabled": true,
        "redirects": true,
        "protocol": "HTTP",
        "url": "75-130-96-12.static.oxfr.ma.charter.com:32780",
        "authenticated": false,
        "backend_status": "Provisioning in progress",
        "enacted": "2014-09-24T00:01:16.782Z"
    },
    "model": "hpc.originserver",
    "pk": 3895
},
{
    "fields": {
        "updated": "2014-09-24T00:22:42.796Z",
        "contentProvider": 41,
        "origin_server_id": 378,
        "description": "test",
        "created": "2014-09-23T22:17:49.877Z",
        "deleted": false,
        "enabled": true,
        "redirects": true,
        "protocol": "HTTP",
        "url": "75-130-96-13.static.oxfr.ma.charter.com:32780",
        "authenticated": false,
        "backend_status": "Provisioning in progress",
        "enacted": "2014-09-24T00:23:01.522Z"
    },
    "model": "hpc.originserver",
    "pk": 3896
},
{
    "fields": {
        "updated": "2014-09-24T00:23:19.823Z",
        "contentProvider": 41,
        "origin_server_id": 379,
        "description": "test",
        "created": "2014-09-23T22:17:50.607Z",
        "deleted": false,
        "enabled": true,
        "redirects": true,
        "protocol": "HTTP",
        "url": "adam.ee.ntu.edu.tw:32780",
        "authenticated": false,
        "backend_status": "Provisioning in progress",
        "enacted": "2014-09-24T00:23:38.512Z"
    },
    "model": "hpc.originserver",
    "pk": 3897
},
{
    "fields": {
        "updated": "2014-09-24T00:24:00.139Z",
        "contentProvider": 41,
        "origin_server_id": 380,
        "description": "test",
        "created": "2014-09-23T22:17:51.379Z",
        "deleted": false,
        "enabled": true,
        "redirects": true,
        "protocol": "HTTP",
        "url": "ait05.us.es:32780",
        "authenticated": false,
        "backend_status": "Provisioning in progress",
        "enacted": "2014-09-24T00:24:18.512Z"
    },
    "model": "hpc.originserver",
    "pk": 3898
},
{
    "fields": {
        "updated": "2014-09-24T00:24:46.174Z",
        "contentProvider": 41,
        "origin_server_id": 381,
        "description": "test",
        "created": "2014-09-23T22:17:52.210Z",
        "deleted": false,
        "enabled": true,
        "redirects": true,
        "protocol": "HTTP",
        "url": "ait21.us.es:32780",
        "authenticated": false,
        "backend_status": "Provisioning in progress",
        "enacted": "2014-09-24T00:25:04.153Z"
    },
    "model": "hpc.originserver",
    "pk": 3899
},
{
    "fields": {
        "updated": "2014-09-24T00:25:22.769Z",
        "contentProvider": 41,
        "origin_server_id": 382,
        "description": "test",
        "created": "2014-09-23T22:17:53.051Z",
        "deleted": false,
        "enabled": true,
        "redirects": true,
        "protocol": "HTTP",
        "url": "aladdin.planetlab.extranet.uni-passau.de:32780",
        "authenticated": false,
        "backend_status": "Provisioning in progress",
        "enacted": "2014-09-24T00:25:41.822Z"
    },
    "model": "hpc.originserver",
    "pk": 3900
},
{
    "fields": {
        "updated": "2014-09-24T00:26:00.562Z",
        "contentProvider": 41,
        "origin_server_id": 383,
        "description": "test",
        "created": "2014-09-23T22:17:53.811Z",
        "deleted": false,
        "enabled": true,
        "redirects": true,
        "protocol": "HTTP",
        "url": "chimay.infonet.fundp.ac.be:32780",
        "authenticated": false,
        "backend_status": "Provisioning in progress",
        "enacted": "2014-09-24T00:26:22.668Z"
    },
    "model": "hpc.originserver",
    "pk": 3901
},
{
    "fields": {
        "updated": "2014-09-24T00:26:41.627Z",
        "contentProvider": 41,
        "origin_server_id": 384,
        "description": "test",
        "created": "2014-09-23T22:17:54.545Z",
        "deleted": false,
        "enabled": true,
        "redirects": true,
        "protocol": "HTTP",
        "url": "chronos.disy.inf.uni-konstanz.de:32780",
        "authenticated": false,
        "backend_status": "Provisioning in progress",
        "enacted": "2014-09-24T00:27:02.171Z"
    },
    "model": "hpc.originserver",
    "pk": 3902
},
{
    "fields": {
        "updated": "2014-09-24T00:27:20.328Z",
        "contentProvider": 41,
        "origin_server_id": 385,
        "description": "test",
        "created": "2014-09-23T22:17:55.575Z",
        "deleted": false,
        "enabled": true,
        "redirects": true,
        "protocol": "HTTP",
        "url": "cs-planetlab3.cs.surrey.sfu.ca:32780",
        "authenticated": false,
        "backend_status": "Provisioning in progress",
        "enacted": "2014-09-24T00:27:40.724Z"
    },
    "model": "hpc.originserver",
    "pk": 3903
},
{
    "fields": {
        "updated": "2014-09-24T00:27:59.178Z",
        "contentProvider": 41,
        "origin_server_id": 386,
        "description": "test",
        "created": "2014-09-23T22:17:56.409Z",
        "deleted": false,
        "enabled": true,
        "redirects": true,
        "protocol": "HTTP",
        "url": "csplanetlab4.kaist.ac.kr:32780",
        "authenticated": false,
        "backend_status": "Provisioning in progress",
        "enacted": "2014-09-24T00:28:17.832Z"
    },
    "model": "hpc.originserver",
    "pk": 3904
},
{
    "fields": {
        "updated": "2014-09-24T00:28:36.364Z",
        "contentProvider": 41,
        "origin_server_id": 387,
        "description": "test",
        "created": "2014-09-23T22:17:57.139Z",
        "deleted": false,
        "enabled": true,
        "redirects": true,
        "protocol": "HTTP",
        "url": "dannan.disy.inf.uni-konstanz.de:32780",
        "authenticated": false,
        "backend_status": "Provisioning in progress",
        "enacted": "2014-09-24T00:28:55.108Z"
    },
    "model": "hpc.originserver",
    "pk": 3905
},
{
    "fields": {
        "updated": "2014-09-24T00:29:13.774Z",
        "contentProvider": 41,
        "origin_server_id": 388,
        "description": "test",
        "created": "2014-09-23T22:17:57.927Z",
        "deleted": false,
        "enabled": true,
        "redirects": true,
        "protocol": "HTTP",
        "url": "dfn-ple1.x-win.dfn.de:32780",
        "authenticated": false,
        "backend_status": "Provisioning in progress",
        "enacted": "2014-09-24T00:29:32.295Z"
    },
    "model": "hpc.originserver",
    "pk": 3906
},
{
    "fields": {
        "updated": "2014-09-24T00:29:51.983Z",
        "contentProvider": 41,
        "origin_server_id": 389,
        "description": "test",
        "created": "2014-09-23T22:17:58.936Z",
        "deleted": false,
        "enabled": true,
        "redirects": true,
        "protocol": "HTTP",
        "url": "dplanet1.uoc.edu:32780",
        "authenticated": false,
        "backend_status": "Provisioning in progress",
        "enacted": "2014-09-24T00:30:10.713Z"
    },
    "model": "hpc.originserver",
    "pk": 3907
},
{
    "fields": {
        "updated": "2014-09-24T00:30:29.185Z",
        "contentProvider": 41,
        "origin_server_id": 390,
        "description": "test",
        "created": "2014-09-23T22:17:59.697Z",
        "deleted": false,
        "enabled": true,
        "redirects": true,
        "protocol": "HTTP",
        "url": "dplanet2.uoc.edu:32780",
        "authenticated": false,
        "backend_status": "Provisioning in progress",
        "enacted": "2014-09-24T00:30:50.558Z"
    },
    "model": "hpc.originserver",
    "pk": 3908
},
{
    "fields": {
        "updated": "2014-09-24T00:31:09.535Z",
        "contentProvider": 41,
        "origin_server_id": 391,
        "description": "test",
        "created": "2014-09-23T22:18:00.420Z",
        "deleted": false,
        "enabled": true,
        "redirects": true,
        "protocol": "HTTP",
        "url": "dschinni.planetlab.extranet.uni-passau.de:32780",
        "authenticated": false,
        "backend_status": "Provisioning in progress",
        "enacted": "2014-09-24T00:31:31.483Z"
    },
    "model": "hpc.originserver",
    "pk": 3909
},
{
    "fields": {
        "updated": "2014-09-24T00:31:53.847Z",
        "contentProvider": 41,
        "origin_server_id": 392,
        "description": "test",
        "created": "2014-09-23T22:18:01.227Z",
        "deleted": false,
        "enabled": true,
        "redirects": true,
        "protocol": "HTTP",
        "url": "earth.cs.brown.edu:32780",
        "authenticated": false,
        "backend_status": "Provisioning in progress",
        "enacted": "2014-09-24T00:32:12.894Z"
    },
    "model": "hpc.originserver",
    "pk": 3910
},
{
    "fields": {
        "updated": "2014-09-24T00:32:45.504Z",
        "contentProvider": 41,
        "origin_server_id": 393,
        "description": "test",
        "created": "2014-09-23T22:18:02.013Z",
        "deleted": false,
        "enabled": true,
        "redirects": true,
        "protocol": "HTTP",
        "url": "ebb.colgate.edu:32780",
        "authenticated": false,
        "backend_status": "Provisioning in progress",
        "enacted": "2014-09-24T00:33:03.308Z"
    },
    "model": "hpc.originserver",
    "pk": 3911
},
{
    "fields": {
        "updated": "2014-09-24T00:33:22.073Z",
        "contentProvider": 41,
        "origin_server_id": 394,
        "description": "test",
        "created": "2014-09-23T22:18:02.773Z",
        "deleted": false,
        "enabled": true,
        "redirects": true,
        "protocol": "HTTP",
        "url": "eve.ee.ntu.edu.tw:32780",
        "authenticated": false,
        "backend_status": "Provisioning in progress",
        "enacted": "2014-09-24T00:33:41.047Z"
    },
    "model": "hpc.originserver",
    "pk": 3912
},
{
    "fields": {
        "updated": "2014-09-24T00:33:59.316Z",
        "contentProvider": 41,
        "origin_server_id": 395,
        "description": "test",
        "created": "2014-09-23T22:18:03.510Z",
        "deleted": false,
        "enabled": true,
        "redirects": true,
        "protocol": "HTTP",
        "url": "flow.colgate.edu:32780",
        "authenticated": false,
        "backend_status": "Provisioning in progress",
        "enacted": "2014-09-24T00:34:32.961Z"
    },
    "model": "hpc.originserver",
    "pk": 3913
},
{
    "fields": {
        "updated": "2014-09-24T00:34:51.680Z",
        "contentProvider": 41,
        "origin_server_id": 396,
        "description": "test",
        "created": "2014-09-23T22:18:04.313Z",
        "deleted": false,
        "enabled": true,
        "redirects": true,
        "protocol": "HTTP",
        "url": "gschembra3.diit.unict.it:32780",
        "authenticated": false,
        "backend_status": "Provisioning in progress",
        "enacted": "2014-09-24T00:35:09.566Z"
    },
    "model": "hpc.originserver",
    "pk": 3914
},
{
    "fields": {
        "updated": "2014-09-24T00:35:28.166Z",
        "contentProvider": 41,
        "origin_server_id": 397,
        "description": "test",
        "created": "2014-09-23T22:18:05.162Z",
        "deleted": false,
        "enabled": true,
        "redirects": true,
        "protocol": "HTTP",
        "url": "gschembra4.diit.unict.it:32780",
        "authenticated": false,
        "backend_status": "Provisioning in progress",
        "enacted": "2014-09-24T00:35:47.027Z"
    },
    "model": "hpc.originserver",
    "pk": 3915
},
{
    "fields": {
        "updated": "2014-09-24T00:36:05.784Z",
        "contentProvider": 41,
        "origin_server_id": 398,
        "description": "test",
        "created": "2014-09-23T22:18:05.959Z",
        "deleted": false,
        "enabled": true,
        "redirects": true,
        "protocol": "HTTP",
        "url": "host1.planetlab.informatik.tu-darmstadt.de:32780",
        "authenticated": false,
        "backend_status": "Provisioning in progress",
        "enacted": "2014-09-24T00:36:23.837Z"
    },
    "model": "hpc.originserver",
    "pk": 3916
},
{
    "fields": {
        "updated": "2014-09-24T00:36:43.254Z",
        "contentProvider": 41,
        "origin_server_id": 399,
        "description": "test",
        "created": "2014-09-23T22:18:06.769Z",
        "deleted": false,
        "enabled": true,
        "redirects": true,
        "protocol": "HTTP",
        "url": "host147-82-static.93-94-b.business.telecomitalia.it:32780",
        "authenticated": false,
        "backend_status": "Provisioning in progress",
        "enacted": "2014-09-24T00:37:10.907Z"
    },
    "model": "hpc.originserver",
    "pk": 3917
},
{
    "fields": {
        "updated": "2014-09-24T00:37:29.573Z",
        "contentProvider": 41,
        "origin_server_id": 400,
        "description": "test",
        "created": "2014-09-23T22:18:07.513Z",
        "deleted": false,
        "enabled": true,
        "redirects": true,
        "protocol": "HTTP",
        "url": "host149-82-static.93-94-b.business.telecomitalia.it:32780",
        "authenticated": false,
        "backend_status": "Provisioning in progress",
        "enacted": "2014-09-24T00:37:48.629Z"
    },
    "model": "hpc.originserver",
    "pk": 3918
},
{
    "fields": {
        "updated": "2014-09-24T00:38:07.557Z",
        "contentProvider": 41,
        "origin_server_id": 401,
        "description": "test",
        "created": "2014-09-23T22:18:08.361Z",
        "deleted": false,
        "enabled": true,
        "redirects": true,
        "protocol": "HTTP",
        "url": "host2.planetlab.informatik.tu-darmstadt.de:32780",
        "authenticated": false,
        "backend_status": "Provisioning in progress",
        "enacted": "2014-09-24T00:38:26.538Z"
    },
    "model": "hpc.originserver",
    "pk": 3919
},
{
    "fields": {
        "updated": "2014-09-24T00:38:44.925Z",
        "contentProvider": 41,
        "origin_server_id": 402,
        "description": "test",
        "created": "2014-09-23T22:18:09.107Z",
        "deleted": false,
        "enabled": true,
        "redirects": true,
        "protocol": "HTTP",
        "url": "host3-plb.loria.fr:32780",
        "authenticated": false,
        "backend_status": "Provisioning in progress",
        "enacted": "2014-09-24T00:39:06.162Z"
    },
    "model": "hpc.originserver",
    "pk": 3920
},
{
    "fields": {
        "updated": "2014-09-24T00:39:24.384Z",
        "contentProvider": 41,
        "origin_server_id": 403,
        "description": "test",
        "created": "2014-09-23T22:18:09.821Z",
        "deleted": false,
        "enabled": true,
        "redirects": true,
        "protocol": "HTTP",
        "url": "host4-plb.loria.fr:32780",
        "authenticated": false,
        "backend_status": "Provisioning in progress",
        "enacted": "2014-09-24T00:39:43.650Z"
    },
    "model": "hpc.originserver",
    "pk": 3921
},
{
    "fields": {
        "updated": "2014-09-24T00:40:01.999Z",
        "contentProvider": 41,
        "origin_server_id": 404,
        "description": "test",
        "created": "2014-09-23T22:18:10.639Z",
        "deleted": false,
        "enabled": true,
        "redirects": true,
        "protocol": "HTTP",
        "url": "iason.inf.uth.gr:32780",
        "authenticated": false,
        "backend_status": "Provisioning in progress",
        "enacted": "2014-09-24T00:40:19.992Z"
    },
    "model": "hpc.originserver",
    "pk": 3922
},
{
    "fields": {
        "updated": "2014-09-24T05:22:11.376Z",
        "contentProvider": 41,
        "origin_server_id": 414,
        "description": "test",
        "created": "2014-09-23T22:18:11.362Z",
        "deleted": false,
        "enabled": true,
        "redirects": true,
        "protocol": "HTTP",
        "url": "inriarennes1.irisa.fr:32780",
        "authenticated": false,
        "backend_status": "Provisioning in progress",
        "enacted": "2014-09-24T05:22:11.445Z"
    },
    "model": "hpc.originserver",
    "pk": 3923
},
{
    "fields": {
        "updated": "2014-09-24T05:18:36.075Z",
        "contentProvider": 41,
        "origin_server_id": 406,
        "description": "test",
        "created": "2014-09-23T22:18:12.442Z",
        "deleted": false,
        "enabled": true,
        "redirects": true,
        "protocol": "HTTP",
        "url": "inriarennes2.irisa.fr:32780",
        "authenticated": false,
        "backend_status": "Provisioning in progress",
        "enacted": "2014-09-24T05:18:54.061Z"
    },
    "model": "hpc.originserver",
    "pk": 3924
},
{
    "fields": {
        "updated": "2014-09-24T05:19:11.744Z",
        "contentProvider": 41,
        "origin_server_id": 407,
        "description": "test",
        "created": "2014-09-23T22:18:13.181Z",
        "deleted": false,
        "enabled": true,
        "redirects": true,
        "protocol": "HTTP",
        "url": "iraplab1.iralab.uni-karlsruhe.de:32780",
        "authenticated": false,
        "backend_status": "Provisioning in progress",
        "enacted": "2014-09-24T05:19:30.108Z"
    },
    "model": "hpc.originserver",
    "pk": 3925
},
{
    "fields": {
        "updated": "2014-09-24T05:20:19.597Z",
        "contentProvider": 41,
        "origin_server_id": 408,
        "description": "test",
        "created": "2014-09-23T22:18:13.894Z",
        "deleted": false,
        "enabled": true,
        "redirects": true,
        "protocol": "HTTP",
        "url": "iraplab2.iralab.uni-karlsruhe.de:32780",
        "authenticated": false,
        "backend_status": "Provisioning in progress",
        "enacted": "2014-09-24T05:20:19.665Z"
    },
    "model": "hpc.originserver",
    "pk": 3926
},
{
    "fields": {
        "updated": "2014-09-24T05:20:38.264Z",
        "contentProvider": 41,
        "origin_server_id": 409,
        "description": "test",
        "created": "2014-09-23T22:18:14.669Z",
        "deleted": false,
        "enabled": true,
        "redirects": true,
        "protocol": "HTTP",
        "url": "itchy.comlab.bth.se:32780",
        "authenticated": false,
        "backend_status": "Provisioning in progress",
        "enacted": "2014-09-24T05:20:38.343Z"
    },
    "model": "hpc.originserver",
    "pk": 3927
},
{
    "fields": {
        "updated": "2014-09-24T05:20:56.132Z",
        "contentProvider": 41,
        "origin_server_id": 410,
        "description": "test",
        "created": "2014-09-23T22:18:15.406Z",
        "deleted": false,
        "enabled": true,
        "redirects": true,
        "protocol": "HTTP",
        "url": "jupiter.cs.brown.edu:32780",
        "authenticated": false,
        "backend_status": "Provisioning in progress",
        "enacted": "2014-09-24T05:20:56.226Z"
    },
    "model": "hpc.originserver",
    "pk": 3928
},
{
    "fields": {
        "updated": "2014-09-24T05:21:13.933Z",
        "contentProvider": 41,
        "origin_server_id": 411,
        "description": "test",
        "created": "2014-09-23T22:18:16.096Z",
        "deleted": false,
        "enabled": true,
        "redirects": true,
        "protocol": "HTTP",
        "url": "jupiter.planetlab.carleton.ca:32780",
        "authenticated": false,
        "backend_status": "Provisioning in progress",
        "enacted": "2014-09-24T05:21:13.986Z"
    },
    "model": "hpc.originserver",
    "pk": 3929
},
{
    "fields": {
        "updated": "2014-09-24T05:21:34.916Z",
        "contentProvider": 41,
        "origin_server_id": 412,
        "description": "test",
        "created": "2014-09-23T22:18:16.856Z",
        "deleted": false,
        "enabled": true,
        "redirects": true,
        "protocol": "HTTP",
        "url": "kostis.di.uoa.gr:32780",
        "authenticated": false,
        "backend_status": "Provisioning in progress",
        "enacted": "2014-09-24T05:21:34.958Z"
    },
    "model": "hpc.originserver",
    "pk": 3930
},
{
    "fields": {
        "updated": "2014-09-24T05:21:53.100Z",
        "contentProvider": 41,
        "origin_server_id": 413,
        "description": "test",
        "created": "2014-09-23T22:18:23.654Z",
        "deleted": false,
        "enabled": true,
        "redirects": true,
        "protocol": "HTTP",
        "url": "kupl1.ittc.ku.edu:32780",
        "authenticated": false,
        "backend_status": "Provisioning in progress",
        "enacted": "2014-09-24T05:21:53.156Z"
    },
    "model": "hpc.originserver",
    "pk": 3931
},
{
    "fields": {
        "updated": "2014-09-23T23:48:26.333Z",
        "contentProvider": 41,
        "origin_server_id": 358,
        "description": "test",
        "created": "2014-09-23T22:18:24.425Z",
        "deleted": false,
        "enabled": true,
        "redirects": true,
        "protocol": "HTTP",
        "url": "kupl2.ittc.ku.edu:32780",
        "authenticated": false,
        "backend_status": "Provisioning in progress",
        "enacted": "2014-09-23T23:48:44.326Z"
    },
    "model": "hpc.originserver",
    "pk": 3932
},
{
    "fields": {
        "updated": "2014-09-24T05:22:29.886Z",
        "contentProvider": 41,
        "origin_server_id": 415,
        "description": "test",
        "created": "2014-09-23T22:18:26.879Z",
        "deleted": false,
        "enabled": true,
        "redirects": true,
        "protocol": "HTTP",
        "url": "lefthand.eecs.harvard.edu:32780",
        "authenticated": false,
        "backend_status": "Provisioning in progress",
        "enacted": "2014-09-24T05:22:29.949Z"
    },
    "model": "hpc.originserver",
    "pk": 3933
},
{
    "fields": {
        "updated": "2014-09-24T05:22:47.887Z",
        "contentProvider": 41,
        "origin_server_id": 416,
        "description": "test",
        "created": "2014-09-23T22:18:27.729Z",
        "deleted": false,
        "enabled": true,
        "redirects": true,
        "protocol": "HTTP",
        "url": "lim-planetlab-1.univ-reunion.fr:32780",
        "authenticated": false,
        "backend_status": "Provisioning in progress",
        "enacted": "2014-09-24T05:22:47.949Z"
    },
    "model": "hpc.originserver",
    "pk": 3934
},
{
    "fields": {
        "updated": "2014-09-24T05:23:05.964Z",
        "contentProvider": 41,
        "origin_server_id": 417,
        "description": "test",
        "created": "2014-09-23T22:18:29.891Z",
        "deleted": false,
        "enabled": true,
        "redirects": true,
        "protocol": "HTTP",
        "url": "lim-planetlab-2.univ-reunion.fr:32780",
        "authenticated": false,
        "backend_status": "Provisioning in progress",
        "enacted": "2014-09-24T05:23:06.023Z"
    },
    "model": "hpc.originserver",
    "pk": 3935
},
{
    "fields": {
        "updated": "2014-09-24T05:23:24.173Z",
        "contentProvider": 41,
        "origin_server_id": 418,
        "description": "test",
        "created": "2014-09-23T22:18:30.657Z",
        "deleted": false,
        "enabled": true,
        "redirects": true,
        "protocol": "HTTP",
        "url": "lsirextpc01.epfl.ch:32780",
        "authenticated": false,
        "backend_status": "Provisioning in progress",
        "enacted": "2014-09-24T05:23:24.229Z"
    },
    "model": "hpc.originserver",
    "pk": 3936
},
{
    "fields": {
        "updated": "2014-09-24T05:23:42.941Z",
        "contentProvider": 41,
        "origin_server_id": 419,
        "description": "test",
        "created": "2014-09-23T22:18:31.475Z",
        "deleted": false,
        "enabled": true,
        "redirects": true,
        "protocol": "HTTP",
        "url": "lsirextpc02.epfl.ch:32780",
        "authenticated": false,
        "backend_status": "Provisioning in progress",
        "enacted": "2014-09-24T05:23:43.007Z"
    },
    "model": "hpc.originserver",
    "pk": 3937
},
{
    "fields": {
        "updated": "2014-09-24T05:24:01.384Z",
        "contentProvider": 41,
        "origin_server_id": 420,
        "description": "test",
        "created": "2014-09-23T22:18:32.944Z",
        "deleted": false,
        "enabled": true,
        "redirects": true,
        "protocol": "HTTP",
        "url": "marie.iet.unipi.it:32780",
        "authenticated": false,
        "backend_status": "Provisioning in progress",
        "enacted": "2014-09-24T05:24:01.445Z"
    },
    "model": "hpc.originserver",
    "pk": 3938
},
{
    "fields": {
        "updated": "2014-09-24T05:24:19.468Z",
        "contentProvider": 41,
        "origin_server_id": 421,
        "description": "test",
        "created": "2014-09-23T22:18:33.696Z",
        "deleted": false,
        "enabled": true,
        "redirects": true,
        "protocol": "HTTP",
        "url": "mars.planetlab.haw-hamburg.de:32780",
        "authenticated": false,
        "backend_status": "Provisioning in progress",
        "enacted": "2014-09-24T05:24:19.536Z"
    },
    "model": "hpc.originserver",
    "pk": 3939
},
{
    "fields": {
        "updated": "2014-09-24T05:24:39.035Z",
        "contentProvider": 41,
        "origin_server_id": 422,
        "description": "test",
        "created": "2014-09-23T22:18:34.516Z",
        "deleted": false,
        "enabled": true,
        "redirects": true,
        "protocol": "HTTP",
        "url": "medea.inf.uth.gr:32780",
        "authenticated": false,
        "backend_status": "Provisioning in progress",
        "enacted": "2014-09-24T05:24:39.092Z"
    },
    "model": "hpc.originserver",
    "pk": 3940
},
{
    "fields": {
        "updated": "2014-09-24T05:24:58.094Z",
        "contentProvider": 41,
        "origin_server_id": 423,
        "description": "test",
        "created": "2014-09-23T22:18:35.455Z",
        "deleted": false,
        "enabled": true,
        "redirects": true,
        "protocol": "HTTP",
        "url": "mercury.silicon-valley.ru:32780",
        "authenticated": false,
        "backend_status": "Provisioning in progress",
        "enacted": "2014-09-24T05:24:58.151Z"
    },
    "model": "hpc.originserver",
    "pk": 3941
},
{
    "fields": {
        "updated": "2014-09-24T05:25:16.786Z",
        "contentProvider": 41,
        "origin_server_id": 424,
        "description": "test",
        "created": "2014-09-23T22:18:36.181Z",
        "deleted": false,
        "enabled": true,
        "redirects": true,
        "protocol": "HTTP",
        "url": "merkur.planetlab.haw-hamburg.de:32780",
        "authenticated": false,
        "backend_status": "Provisioning in progress",
        "enacted": "2014-09-24T05:25:16.846Z"
    },
    "model": "hpc.originserver",
    "pk": 3942
},
{
    "fields": {
        "updated": "2014-09-24T05:25:40.042Z",
        "contentProvider": 41,
        "origin_server_id": 425,
        "description": "test",
        "created": "2014-09-23T22:18:37.018Z",
        "deleted": false,
        "enabled": true,
        "redirects": true,
        "protocol": "HTTP",
        "url": "metis.mcs.suffolk.edu:32780",
        "authenticated": false,
        "backend_status": "Provisioning in progress",
        "enacted": "2014-09-24T05:25:40.103Z"
    },
    "model": "hpc.originserver",
    "pk": 3943
},
{
    "fields": {
        "updated": "2014-09-24T05:25:58.310Z",
        "contentProvider": 41,
        "origin_server_id": 426,
        "description": "test",
        "created": "2014-09-23T22:18:38.589Z",
        "deleted": false,
        "enabled": true,
        "redirects": true,
        "protocol": "HTTP",
        "url": "miranda.planetlab.cs.umd.edu:32780",
        "authenticated": false,
        "backend_status": "Provisioning in progress",
        "enacted": "2014-09-24T05:25:58.367Z"
    },
    "model": "hpc.originserver",
    "pk": 3944
},
{
    "fields": {
        "updated": "2014-09-24T05:26:16.487Z",
        "contentProvider": 41,
        "origin_server_id": 427,
        "description": "test",
        "created": "2014-09-23T22:18:39.298Z",
        "deleted": false,
        "enabled": true,
        "redirects": true,
        "protocol": "HTTP",
        "url": "mtuplanetlab1.cs.mtu.edu:32780",
        "authenticated": false,
        "backend_status": "Provisioning in progress",
        "enacted": "2014-09-24T05:26:16.549Z"
    },
    "model": "hpc.originserver",
    "pk": 3945
},
{
    "fields": {
        "updated": "2014-09-24T05:26:34.912Z",
        "contentProvider": 41,
        "origin_server_id": 428,
        "description": "test",
        "created": "2014-09-23T22:18:40.439Z",
        "deleted": false,
        "enabled": true,
        "redirects": true,
        "protocol": "HTTP",
        "url": "mtuplanetlab2.cs.mtu.edu:32780",
        "authenticated": false,
        "backend_status": "Provisioning in progress",
        "enacted": "2014-09-24T05:26:34.970Z"
    },
    "model": "hpc.originserver",
    "pk": 3946
},
{
    "fields": {
        "updated": "2014-09-24T05:26:53.280Z",
        "contentProvider": 41,
        "origin_server_id": 429,
        "description": "test",
        "created": "2014-09-23T22:18:41.337Z",
        "deleted": false,
        "enabled": true,
        "redirects": true,
        "protocol": "HTTP",
        "url": "nis-planet1.doshisha.ac.jp:32780",
        "authenticated": false,
        "backend_status": "Provisioning in progress",
        "enacted": "2014-09-24T05:26:53.417Z"
    },
    "model": "hpc.originserver",
    "pk": 3947
},
{
    "fields": {
        "updated": "2014-09-24T05:27:12.456Z",
        "contentProvider": 41,
        "origin_server_id": 430,
        "description": "test",
        "created": "2014-09-23T22:18:42.158Z",
        "deleted": false,
        "enabled": true,
        "redirects": true,
        "protocol": "HTTP",
        "url": "nis-planet2.doshisha.ac.jp:32780",
        "authenticated": false,
        "backend_status": "Provisioning in progress",
        "enacted": "2014-09-24T05:27:12.509Z"
    },
    "model": "hpc.originserver",
    "pk": 3948
},
{
    "fields": {
        "updated": "2014-09-24T05:27:31.331Z",
        "contentProvider": 41,
        "origin_server_id": 431,
        "description": "test",
        "created": "2014-09-23T22:18:42.978Z",
        "deleted": false,
        "enabled": true,
        "redirects": true,
        "protocol": "HTTP",
        "url": "node-1.mcgillplanetlab.org:32780",
        "authenticated": false,
        "backend_status": "Provisioning in progress",
        "enacted": "2014-09-24T05:27:31.386Z"
    },
    "model": "hpc.originserver",
    "pk": 3949
},
{
    "fields": {
        "updated": "2014-09-24T05:27:50.374Z",
        "contentProvider": 41,
        "origin_server_id": 432,
        "description": "test",
        "created": "2014-09-23T22:18:43.900Z",
        "deleted": false,
        "enabled": true,
        "redirects": true,
        "protocol": "HTTP",
        "url": "node-2.mcgillplanetlab.org:32780",
        "authenticated": false,
        "backend_status": "Provisioning in progress",
        "enacted": "2014-09-24T05:27:50.437Z"
    },
    "model": "hpc.originserver",
    "pk": 3950
},
{
    "fields": {
        "updated": "2014-09-24T05:28:08.591Z",
        "contentProvider": 41,
        "origin_server_id": 433,
        "description": "test",
        "created": "2014-09-23T22:18:44.618Z",
        "deleted": false,
        "enabled": true,
        "redirects": true,
        "protocol": "HTTP",
        "url": "node1.planetlab.mathcs.emory.edu:32780",
        "authenticated": false,
        "backend_status": "Provisioning in progress",
        "enacted": "2014-09-24T05:28:08.652Z"
    },
    "model": "hpc.originserver",
    "pk": 3951
},
{
    "fields": {
        "updated": "2014-09-24T05:28:27.368Z",
        "contentProvider": 41,
        "origin_server_id": 434,
        "description": "test",
        "created": "2014-09-23T22:18:45.351Z",
        "deleted": false,
        "enabled": true,
        "redirects": true,
        "protocol": "HTTP",
        "url": "node1pl.planet-lab.telecom-lille1.eu:32780",
        "authenticated": false,
        "backend_status": "Provisioning in progress",
        "enacted": "2014-09-24T05:28:27.448Z"
    },
    "model": "hpc.originserver",
    "pk": 3952
},
{
    "fields": {
        "updated": "2014-09-24T05:28:46.068Z",
        "contentProvider": 41,
        "origin_server_id": 435,
        "description": "test",
        "created": "2014-09-23T22:18:46.053Z",
        "deleted": false,
        "enabled": true,
        "redirects": true,
        "protocol": "HTTP",
        "url": "node2.planetlab.albany.edu:32780",
        "authenticated": false,
        "backend_status": "Provisioning in progress",
        "enacted": "2014-09-24T05:28:46.124Z"
    },
    "model": "hpc.originserver",
    "pk": 3953
},
{
    "fields": {
        "updated": "2014-09-24T05:29:04.445Z",
        "contentProvider": 41,
        "origin_server_id": 436,
        "description": "test",
        "created": "2014-09-23T22:18:46.865Z",
        "deleted": false,
        "enabled": true,
        "redirects": true,
        "protocol": "HTTP",
        "url": "node2.planetlab.mathcs.emory.edu:32780",
        "authenticated": false,
        "backend_status": "Provisioning in progress",
        "enacted": "2014-09-24T05:29:04.497Z"
    },
    "model": "hpc.originserver",
    "pk": 3954
},
{
    "fields": {
        "updated": "2014-09-24T05:29:22.404Z",
        "contentProvider": 41,
        "origin_server_id": 437,
        "description": "test",
        "created": "2014-09-23T22:19:02.011Z",
        "deleted": false,
        "enabled": true,
        "redirects": true,
        "protocol": "HTTP",
        "url": "node2pl.planet-lab.telecom-lille1.eu:32780",
        "authenticated": false,
        "backend_status": "Provisioning in progress",
        "enacted": "2014-09-24T05:29:22.462Z"
    },
    "model": "hpc.originserver",
    "pk": 3955
},
{
    "fields": {
        "updated": "2014-09-24T05:29:41.713Z",
        "contentProvider": 41,
        "origin_server_id": 438,
        "description": "test",
        "created": "2014-09-23T22:19:02.828Z",
        "deleted": false,
        "enabled": true,
        "redirects": true,
        "protocol": "HTTP",
        "url": "nodea.howard.edu:32780",
        "authenticated": false,
        "backend_status": "Provisioning in progress",
        "enacted": "2014-09-24T05:29:41.779Z"
    },
    "model": "hpc.originserver",
    "pk": 3956
},
{
    "fields": {
        "updated": "2014-09-24T05:29:59.556Z",
        "contentProvider": 41,
        "origin_server_id": 439,
        "description": "test",
        "created": "2014-09-23T22:19:03.617Z",
        "deleted": false,
        "enabled": true,
        "redirects": true,
        "protocol": "HTTP",
        "url": "nodeb.howard.edu:32780",
        "authenticated": false,
        "backend_status": "Provisioning in progress",
        "enacted": "2014-09-24T05:29:59.621Z"
    },
    "model": "hpc.originserver",
    "pk": 3957
},
{
    "fields": {
        "updated": "2014-09-24T05:30:18.143Z",
        "contentProvider": 41,
        "origin_server_id": 440,
        "description": "test",
        "created": "2014-09-23T22:19:04.311Z",
        "deleted": false,
        "enabled": true,
        "redirects": true,
        "protocol": "HTTP",
        "url": "onelab-1.fhi-fokus.de:32780",
        "authenticated": false,
        "backend_status": "Provisioning in progress",
        "enacted": "2014-09-24T05:30:18.192Z"
    },
    "model": "hpc.originserver",
    "pk": 3958
},
{
    "fields": {
        "updated": "2014-09-24T05:30:36.533Z",
        "contentProvider": 41,
        "origin_server_id": 441,
        "description": "test",
        "created": "2014-09-23T22:19:05.028Z",
        "deleted": false,
        "enabled": true,
        "redirects": true,
        "protocol": "HTTP",
        "url": "onelab-2.fhi-fokus.de:32780",
        "authenticated": false,
        "backend_status": "Provisioning in progress",
        "enacted": "2014-09-24T05:30:36.671Z"
    },
    "model": "hpc.originserver",
    "pk": 3959
},
{
    "fields": {
        "updated": "2014-09-24T05:32:53.193Z",
        "contentProvider": 41,
        "origin_server_id": 442,
        "description": "test",
        "created": "2014-09-23T22:19:10.728Z",
        "deleted": false,
        "enabled": true,
        "redirects": true,
        "protocol": "HTTP",
        "url": "onelab1.info.ucl.ac.be:32780",
        "authenticated": false,
        "backend_status": "Provisioning in progress",
        "enacted": "2014-09-24T05:32:53.257Z"
    },
    "model": "hpc.originserver",
    "pk": 3960
},
{
    "fields": {
        "updated": "2014-09-24T05:32:53.461Z",
        "contentProvider": 41,
        "origin_server_id": 443,
        "description": "test",
        "created": "2014-09-23T22:19:11.440Z",
        "deleted": false,
        "enabled": true,
        "redirects": true,
        "protocol": "HTTP",
        "url": "onelab2.info.ucl.ac.be:32780",
        "authenticated": false,
        "backend_status": "Provisioning in progress",
        "enacted": "2014-09-24T05:32:53.521Z"
    },
    "model": "hpc.originserver",
    "pk": 3961
},
{
    "fields": {
        "updated": "2014-09-24T05:32:53.701Z",
        "contentProvider": 41,
        "origin_server_id": 444,
        "description": "test",
        "created": "2014-09-23T22:19:12.187Z",
        "deleted": false,
        "enabled": true,
        "redirects": true,
        "protocol": "HTTP",
        "url": "onelab3.info.ucl.ac.be:32780",
        "authenticated": false,
        "backend_status": "Provisioning in progress",
        "enacted": "2014-09-24T05:32:53.753Z"
    },
    "model": "hpc.originserver",
    "pk": 3962
},
{
    "fields": {
        "updated": "2014-09-24T05:32:53.917Z",
        "contentProvider": 41,
        "origin_server_id": 445,
        "description": "test",
        "created": "2014-09-23T22:19:13.073Z",
        "deleted": false,
        "enabled": true,
        "redirects": true,
        "protocol": "HTTP",
        "url": "onelab3.warsaw.rd.tp.pl:32780",
        "authenticated": false,
        "backend_status": "Provisioning in progress",
        "enacted": "2014-09-24T05:32:53.968Z"
    },
    "model": "hpc.originserver",
    "pk": 3963
},
{
    "fields": {
        "updated": "2014-09-24T05:32:54.142Z",
        "contentProvider": 41,
        "origin_server_id": 446,
        "description": "test",
        "created": "2014-09-23T22:19:14.329Z",
        "deleted": false,
        "enabled": true,
        "redirects": true,
        "protocol": "HTTP",
        "url": "onelab6.iet.unipi.it:32780",
        "authenticated": false,
        "backend_status": "Provisioning in progress",
        "enacted": "2014-09-24T05:32:54.200Z"
    },
    "model": "hpc.originserver",
    "pk": 3964
},
{
    "fields": {
        "updated": "2014-09-24T05:32:54.358Z",
        "contentProvider": 41,
        "origin_server_id": 447,
        "description": "test",
        "created": "2014-09-23T22:19:15.082Z",
        "deleted": false,
        "enabled": true,
        "redirects": true,
        "protocol": "HTTP",
        "url": "onelab7.iet.unipi.it:32780",
        "authenticated": false,
        "backend_status": "Provisioning in progress",
        "enacted": "2014-09-24T05:32:54.424Z"
    },
    "model": "hpc.originserver",
    "pk": 3965
},
{
    "fields": {
        "updated": "2014-09-24T05:32:54.592Z",
        "contentProvider": 41,
        "origin_server_id": 448,
        "description": "test",
        "created": "2014-09-23T22:19:15.959Z",
        "deleted": false,
        "enabled": true,
        "redirects": true,
        "protocol": "HTTP",
        "url": "ops.ii.uam.es:32780",
        "authenticated": false,
        "backend_status": "Provisioning in progress",
        "enacted": "2014-09-24T05:32:54.755Z"
    },
    "model": "hpc.originserver",
    "pk": 3966
},
{
    "fields": {
        "updated": "2014-09-24T05:32:54.920Z",
        "contentProvider": 41,
        "origin_server_id": 449,
        "description": "test",
        "created": "2014-09-23T22:19:16.652Z",
        "deleted": false,
        "enabled": true,
        "redirects": true,
        "protocol": "HTTP",
        "url": "orval.infonet.fundp.ac.be:32780",
        "authenticated": false,
        "backend_status": "Provisioning in progress",
        "enacted": "2014-09-24T05:32:54.987Z"
    },
    "model": "hpc.originserver",
    "pk": 3967
},
{
    "fields": {
        "updated": "2014-09-24T05:32:55.154Z",
        "contentProvider": 41,
        "origin_server_id": 450,
        "description": "test",
        "created": "2014-09-23T22:19:17.400Z",
        "deleted": false,
        "enabled": true,
        "redirects": true,
        "protocol": "HTTP",
        "url": "osiris.planetlab.cs.umd.edu:32780",
        "authenticated": false,
        "backend_status": "Provisioning in progress",
        "enacted": "2014-09-24T05:32:55.219Z"
    },
    "model": "hpc.originserver",
    "pk": 3968
},
{
    "fields": {
        "updated": "2014-09-24T05:32:55.387Z",
        "contentProvider": 41,
        "origin_server_id": 451,
        "description": "test",
        "created": "2014-09-23T22:19:20.844Z",
        "deleted": false,
        "enabled": true,
        "redirects": true,
        "protocol": "HTTP",
        "url": "peeramide.irisa.fr:32780",
        "authenticated": false,
        "backend_status": "Provisioning in progress",
        "enacted": "2014-09-24T05:32:55.451Z"
    },
    "model": "hpc.originserver",
    "pk": 3969
},
{
    "fields": {
        "updated": "2014-09-24T05:32:55.620Z",
        "contentProvider": 41,
        "origin_server_id": 452,
        "description": "test",
        "created": "2014-09-23T22:19:21.587Z",
        "deleted": false,
        "enabled": true,
        "redirects": true,
        "protocol": "HTTP",
        "url": "peeramidion.irisa.fr:32780",
        "authenticated": false,
        "backend_status": "Provisioning in progress",
        "enacted": "2014-09-24T05:32:55.682Z"
    },
    "model": "hpc.originserver",
    "pk": 3970
},
{
    "fields": {
        "updated": "2014-09-24T05:32:55.853Z",
        "contentProvider": 41,
        "origin_server_id": 453,
        "description": "test",
        "created": "2014-09-23T22:19:29.750Z",
        "deleted": false,
        "enabled": true,
        "redirects": true,
        "protocol": "HTTP",
        "url": "pl-node-0.csl.sri.com:32780",
        "authenticated": false,
        "backend_status": "Provisioning in progress",
        "enacted": "2014-09-24T05:32:55.906Z"
    },
    "model": "hpc.originserver",
    "pk": 3971
},
{
    "fields": {
        "updated": "2014-09-24T05:32:56.078Z",
        "contentProvider": 41,
        "origin_server_id": 454,
        "description": "test",
        "created": "2014-09-23T22:19:31.046Z",
        "deleted": false,
        "enabled": true,
        "redirects": true,
        "protocol": "HTTP",
        "url": "pl-node-1.csl.sri.com:32780",
        "authenticated": false,
        "backend_status": "Provisioning in progress",
        "enacted": "2014-09-24T05:32:56.138Z"
    },
    "model": "hpc.originserver",
    "pk": 3972
},
{
    "fields": {
        "updated": "2014-09-24T05:32:56.294Z",
        "contentProvider": 41,
        "origin_server_id": 455,
        "description": "test",
        "created": "2014-09-23T22:19:31.790Z",
        "deleted": false,
        "enabled": true,
        "redirects": true,
        "protocol": "HTTP",
        "url": "pl02.comp.polyu.edu.hk:32780",
        "authenticated": false,
        "backend_status": "Provisioning in progress",
        "enacted": "2014-09-24T05:32:56.353Z"
    },
    "model": "hpc.originserver",
    "pk": 3973
},
{
    "fields": {
        "updated": "2014-09-24T05:32:56.511Z",
        "contentProvider": 41,
        "origin_server_id": 456,
        "description": "test",
        "created": "2014-09-23T22:19:32.508Z",
        "deleted": false,
        "enabled": true,
        "redirects": true,
        "protocol": "HTTP",
        "url": "pl1.6test.edu.cn:32780",
        "authenticated": false,
        "backend_status": "Provisioning in progress",
        "enacted": "2014-09-24T05:32:56.568Z"
    },
    "model": "hpc.originserver",
    "pk": 3974
},
{
    "fields": {
        "updated": "2014-09-24T05:32:56.727Z",
        "contentProvider": 41,
        "origin_server_id": 457,
        "description": "test",
        "created": "2014-09-23T22:19:33.281Z",
        "deleted": false,
        "enabled": true,
        "redirects": true,
        "protocol": "HTTP",
        "url": "pl1.bell-labs.fr:32780",
        "authenticated": false,
        "backend_status": "Provisioning in progress",
        "enacted": "2014-09-24T05:32:56.792Z"
    },
    "model": "hpc.originserver",
    "pk": 3975
},
{
    "fields": {
        "updated": "2014-09-24T05:32:57.001Z",
        "contentProvider": 41,
        "origin_server_id": 458,
        "description": "test",
        "created": "2014-09-23T22:19:34.007Z",
        "deleted": false,
        "enabled": true,
        "redirects": true,
        "protocol": "HTTP",
        "url": "pl1.ccsrfi.net:32780",
        "authenticated": false,
        "backend_status": "Provisioning in progress",
        "enacted": "2014-09-24T05:32:57.057Z"
    },
    "model": "hpc.originserver",
    "pk": 3976
},
{
    "fields": {
        "updated": "2014-09-24T05:32:57.218Z",
        "contentProvider": 41,
        "origin_server_id": 459,
        "description": "test",
        "created": "2014-09-23T22:19:34.782Z",
        "deleted": false,
        "enabled": true,
        "redirects": true,
        "protocol": "HTTP",
        "url": "pl1.cis.uab.edu:32780",
        "authenticated": false,
        "backend_status": "Provisioning in progress",
        "enacted": "2014-09-24T05:32:57.289Z"
    },
    "model": "hpc.originserver",
    "pk": 3977
},
{
    "fields": {
        "updated": "2014-09-24T05:32:57.452Z",
        "contentProvider": 41,
        "origin_server_id": 460,
        "description": "test",
        "created": "2014-09-23T22:19:35.909Z",
        "deleted": false,
        "enabled": true,
        "redirects": true,
        "protocol": "HTTP",
        "url": "pl1.cs.montana.edu:32780",
        "authenticated": false,
        "backend_status": "Provisioning in progress",
        "enacted": "2014-09-24T05:32:57.520Z"
    },
    "model": "hpc.originserver",
    "pk": 3978
},
{
    "fields": {
        "updated": "2014-09-24T05:32:57.685Z",
        "contentProvider": 41,
        "origin_server_id": 461,
        "description": "test",
        "created": "2014-09-23T22:19:37.076Z",
        "deleted": false,
        "enabled": true,
        "redirects": true,
        "protocol": "HTTP",
        "url": "pl1.cs.yale.edu:32780",
        "authenticated": false,
        "backend_status": "Provisioning in progress",
        "enacted": "2014-09-24T05:32:57.752Z"
    },
    "model": "hpc.originserver",
    "pk": 3979
},
{
    "fields": {
        "updated": "2014-09-24T05:32:57.918Z",
        "contentProvider": 41,
        "origin_server_id": 462,
        "description": "test",
        "created": "2014-09-23T22:19:37.999Z",
        "deleted": false,
        "enabled": true,
        "redirects": true,
        "protocol": "HTTP",
        "url": "pl1.csl.utoronto.ca:32780",
        "authenticated": false,
        "backend_status": "Provisioning in progress",
        "enacted": "2014-09-24T05:32:57.984Z"
    },
    "model": "hpc.originserver",
    "pk": 3980
},
{
    "fields": {
        "updated": "2014-09-24T05:32:58.151Z",
        "contentProvider": 41,
        "origin_server_id": 463,
        "description": "test",
        "created": "2014-09-23T22:19:39.005Z",
        "deleted": false,
        "enabled": true,
        "redirects": true,
        "protocol": "HTTP",
        "url": "pl1.eng.monash.edu.au:32780",
        "authenticated": false,
        "backend_status": "Provisioning in progress",
        "enacted": "2014-09-24T05:32:58.216Z"
    },
    "model": "hpc.originserver",
    "pk": 3981
},
{
    "fields": {
        "updated": "2014-09-24T05:32:58.384Z",
        "contentProvider": 41,
        "origin_server_id": 464,
        "description": "test",
        "created": "2014-09-23T22:19:40.278Z",
        "deleted": false,
        "enabled": true,
        "redirects": true,
        "protocol": "HTTP",
        "url": "pl1.pku.edu.cn:32780",
        "authenticated": false,
        "backend_status": "Provisioning in progress",
        "enacted": "2014-09-24T05:32:58.448Z"
    },
    "model": "hpc.originserver",
    "pk": 3982
},
{
    "fields": {
        "updated": "2014-09-24T05:32:58.609Z",
        "contentProvider": 41,
        "origin_server_id": 465,
        "description": "test",
        "created": "2014-09-23T22:19:41.053Z",
        "deleted": false,
        "enabled": true,
        "redirects": true,
        "protocol": "HTTP",
        "url": "pl1.planetlab.ics.tut.ac.jp:32780",
        "authenticated": false,
        "backend_status": "Provisioning in progress",
        "enacted": "2014-09-24T05:32:58.671Z"
    },
    "model": "hpc.originserver",
    "pk": 3983
},
{
    "fields": {
        "updated": "2014-09-24T05:32:58.826Z",
        "contentProvider": 41,
        "origin_server_id": 466,
        "description": "test",
        "created": "2014-09-23T22:19:41.817Z",
        "deleted": false,
        "enabled": true,
        "redirects": true,
        "protocol": "HTTP",
        "url": "pl1.planetlab.uvic.ca:32780",
        "authenticated": false,
        "backend_status": "Provisioning in progress",
        "enacted": "2014-09-24T05:32:58.886Z"
    },
    "model": "hpc.originserver",
    "pk": 3984
},
{
    "fields": {
        "updated": "2014-09-24T05:32:59.059Z",
        "contentProvider": 41,
        "origin_server_id": 467,
        "description": "test",
        "created": "2014-09-23T22:19:47.645Z",
        "deleted": false,
        "enabled": true,
        "redirects": true,
        "protocol": "HTTP",
        "url": "pl1.rcc.uottawa.ca:32780",
        "authenticated": false,
        "backend_status": "Provisioning in progress",
        "enacted": "2014-09-24T05:32:59.127Z"
    },
    "model": "hpc.originserver",
    "pk": 3985
},
{
    "fields": {
        "updated": "2014-09-24T05:32:59.300Z",
        "contentProvider": 41,
        "origin_server_id": 468,
        "description": "test",
        "created": "2014-09-23T22:19:48.425Z",
        "deleted": false,
        "enabled": true,
        "redirects": true,
        "protocol": "HTTP",
        "url": "pl1.ucs.indiana.edu:32780",
        "authenticated": false,
        "backend_status": "Provisioning in progress",
        "enacted": "2014-09-24T05:32:59.367Z"
    },
    "model": "hpc.originserver",
    "pk": 3986
},
{
    "fields": {
        "updated": "2014-09-24T05:32:59.533Z",
        "contentProvider": 41,
        "origin_server_id": 469,
        "description": "test",
        "created": "2014-09-23T22:19:49.153Z",
        "deleted": false,
        "enabled": true,
        "redirects": true,
        "protocol": "HTTP",
        "url": "pl1.uni-rostock.de:32780",
        "authenticated": false,
        "backend_status": "Provisioning in progress",
        "enacted": "2014-09-24T05:32:59.590Z"
    },
    "model": "hpc.originserver",
    "pk": 3987
},
{
    "fields": {
        "updated": "2014-09-24T05:32:59.758Z",
        "contentProvider": 41,
        "origin_server_id": 470,
        "description": "test",
        "created": "2014-09-23T22:19:49.882Z",
        "deleted": false,
        "enabled": true,
        "redirects": true,
        "protocol": "HTTP",
        "url": "pl1snu.koren.kr:32780",
        "authenticated": false,
        "backend_status": "Provisioning in progress",
        "enacted": "2014-09-24T05:32:59.822Z"
    },
    "model": "hpc.originserver",
    "pk": 3988
},
{
    "fields": {
        "updated": "2014-09-24T05:32:59.991Z",
        "contentProvider": 41,
        "origin_server_id": 471,
        "description": "test",
        "created": "2014-09-23T22:19:50.658Z",
        "deleted": false,
        "enabled": true,
        "redirects": true,
        "protocol": "HTTP",
        "url": "pl2.6test.edu.cn:32780",
        "authenticated": false,
        "backend_status": "Provisioning in progress",
        "enacted": "2014-09-24T05:33:00.062Z"
    },
    "model": "hpc.originserver",
    "pk": 3989
},
{
    "fields": {
        "updated": "2014-09-24T05:33:00.233Z",
        "contentProvider": 41,
        "origin_server_id": 472,
        "description": "test",
        "created": "2014-09-23T22:19:51.779Z",
        "deleted": false,
        "enabled": true,
        "redirects": true,
        "protocol": "HTTP",
        "url": "pl2.bell-labs.fr:32780",
        "authenticated": false,
        "backend_status": "Provisioning in progress",
        "enacted": "2014-09-24T05:33:00.302Z"
    },
    "model": "hpc.originserver",
    "pk": 3990
},
{
    "fields": {
        "updated": "2014-09-24T05:33:00.457Z",
        "contentProvider": 41,
        "origin_server_id": 473,
        "description": "test",
        "created": "2014-09-23T22:19:52.610Z",
        "deleted": false,
        "enabled": true,
        "redirects": true,
        "protocol": "HTTP",
        "url": "pl2.ccsrfi.net:32780",
        "authenticated": false,
        "backend_status": "Provisioning in progress",
        "enacted": "2014-09-24T05:33:00.518Z"
    },
    "model": "hpc.originserver",
    "pk": 3991
},
{
    "fields": {
        "updated": "2014-09-24T05:33:00.674Z",
        "contentProvider": 41,
        "origin_server_id": 474,
        "description": "test",
        "created": "2014-09-23T22:19:58.845Z",
        "deleted": false,
        "enabled": true,
        "redirects": true,
        "protocol": "HTTP",
        "url": "pl2.cis.uab.edu:32780",
        "authenticated": false,
        "backend_status": "Provisioning in progress",
        "enacted": "2014-09-24T05:33:00.733Z"
    },
    "model": "hpc.originserver",
    "pk": 3992
},
{
    "fields": {
        "updated": "2014-09-23T23:49:02.361Z",
        "contentProvider": 41,
        "origin_server_id": 359,
        "description": "test",
        "created": "2014-09-23T22:20:04.540Z",
        "deleted": false,
        "enabled": true,
        "redirects": true,
        "protocol": "HTTP",
        "url": "pl2.cs.montana.edu:32780",
        "authenticated": false,
        "backend_status": "Provisioning in progress",
        "enacted": "2014-09-23T23:49:20.121Z"
    },
    "model": "hpc.originserver",
    "pk": 3993
},
{
    "fields": {
        "updated": "2014-09-23T23:50:17.214Z",
        "contentProvider": 41,
        "origin_server_id": 360,
        "description": "test",
        "created": "2014-09-23T22:20:05.228Z",
        "deleted": false,
        "enabled": true,
        "redirects": true,
        "protocol": "HTTP",
        "url": "pl2.cs.unm.edu:32780",
        "authenticated": false,
        "backend_status": "Provisioning in progress",
        "enacted": "2014-09-23T23:50:37.091Z"
    },
    "model": "hpc.originserver",
    "pk": 3994
},
{
    "fields": {
        "updated": "2014-09-23T23:50:55.549Z",
        "contentProvider": 41,
        "origin_server_id": 361,
        "description": "test",
        "created": "2014-09-23T22:20:06.078Z",
        "deleted": false,
        "enabled": true,
        "redirects": true,
        "protocol": "HTTP",
        "url": "pl2.cs.yale.edu:32780",
        "authenticated": false,
        "backend_status": "Provisioning in progress",
        "enacted": "2014-09-23T23:51:13.622Z"
    },
    "model": "hpc.originserver",
    "pk": 3995
},
{
    "fields": {
        "updated": "2014-09-23T23:51:31.495Z",
        "contentProvider": 41,
        "origin_server_id": 362,
        "description": "test",
        "created": "2014-09-23T22:20:06.820Z",
        "deleted": false,
        "enabled": true,
        "redirects": true,
        "protocol": "HTTP",
        "url": "pl2.csl.utoronto.ca:32780",
        "authenticated": false,
        "backend_status": "Provisioning in progress",
        "enacted": "2014-09-23T23:51:53.023Z"
    },
    "model": "hpc.originserver",
    "pk": 3996
},
{
    "fields": {
        "updated": "2014-09-24T05:33:00.899Z",
        "contentProvider": 41,
        "origin_server_id": 475,
        "description": "test",
        "created": "2014-09-23T22:20:07.902Z",
        "deleted": false,
        "enabled": true,
        "redirects": true,
        "protocol": "HTTP",
        "url": "pl2.eng.monash.edu.au:32780",
        "authenticated": false,
        "backend_status": "Provisioning in progress",
        "enacted": "2014-09-24T05:33:00.956Z"
    },
    "model": "hpc.originserver",
    "pk": 3997
},
{
    "fields": {
        "updated": "2014-09-24T05:33:01.199Z",
        "contentProvider": 41,
        "origin_server_id": 476,
        "description": "test",
        "created": "2014-09-23T22:20:10.417Z",
        "deleted": false,
        "enabled": true,
        "redirects": true,
        "protocol": "HTTP",
        "url": "pl2.pku.edu.cn:32780",
        "authenticated": false,
        "backend_status": "Provisioning in progress",
        "enacted": "2014-09-24T05:33:01.354Z"
    },
    "model": "hpc.originserver",
    "pk": 3998
},
{
    "fields": {
        "updated": "2014-09-24T05:33:01.523Z",
        "contentProvider": 41,
        "origin_server_id": 477,
        "description": "test",
        "created": "2014-09-23T22:20:11.155Z",
        "deleted": false,
        "enabled": true,
        "redirects": true,
        "protocol": "HTTP",
        "url": "pl2.planetlab.ics.tut.ac.jp:32780",
        "authenticated": false,
        "backend_status": "Provisioning in progress",
        "enacted": "2014-09-24T05:33:01.644Z"
    },
    "model": "hpc.originserver",
    "pk": 3999
},
{
    "fields": {
        "updated": "2014-09-24T05:33:01.823Z",
        "contentProvider": 41,
        "origin_server_id": 478,
        "description": "test",
        "created": "2014-09-23T22:20:11.908Z",
        "deleted": false,
        "enabled": true,
        "redirects": true,
        "protocol": "HTTP",
        "url": "pl2.rcc.uottawa.ca:32780",
        "authenticated": false,
        "backend_status": "Provisioning in progress",
        "enacted": "2014-09-24T05:33:01.892Z"
    },
    "model": "hpc.originserver",
    "pk": 4000
},
{
    "fields": {
        "updated": "2014-09-24T05:33:02.056Z",
        "contentProvider": 41,
        "origin_server_id": 479,
        "description": "test",
        "created": "2014-09-23T22:20:12.678Z",
        "deleted": false,
        "enabled": true,
        "redirects": true,
        "protocol": "HTTP",
        "url": "pl2.sos.info.hiroshima-cu.ac.jp:32780",
        "authenticated": false,
        "backend_status": "Provisioning in progress",
        "enacted": "2014-09-24T05:33:02.115Z"
    },
    "model": "hpc.originserver",
    "pk": 4001
},
{
    "fields": {
        "updated": "2014-09-24T05:33:02.289Z",
        "contentProvider": 41,
        "origin_server_id": 480,
        "description": "test",
        "created": "2014-09-23T22:20:13.477Z",
        "deleted": false,
        "enabled": true,
        "redirects": true,
        "protocol": "HTTP",
        "url": "pl2.ucs.indiana.edu:32780",
        "authenticated": false,
        "backend_status": "Provisioning in progress",
        "enacted": "2014-09-24T05:33:02.355Z"
    },
    "model": "hpc.originserver",
    "pk": 4002
},
{
    "fields": {
        "updated": "2014-09-24T05:33:02.522Z",
        "contentProvider": 41,
        "origin_server_id": 481,
        "description": "test",
        "created": "2014-09-23T22:20:14.260Z",
        "deleted": false,
        "enabled": true,
        "redirects": true,
        "protocol": "HTTP",
        "url": "pl2.uni-rostock.de:32780",
        "authenticated": false,
        "backend_status": "Provisioning in progress",
        "enacted": "2014-09-24T05:33:02.571Z"
    },
    "model": "hpc.originserver",
    "pk": 4003
},
{
    "fields": {
        "updated": "2014-09-24T05:33:02.739Z",
        "contentProvider": 41,
        "origin_server_id": 482,
        "description": "test",
        "created": "2014-09-23T22:20:15.183Z",
        "deleted": false,
        "enabled": true,
        "redirects": true,
        "protocol": "HTTP",
        "url": "pl2.zju.edu.cn:32780",
        "authenticated": false,
        "backend_status": "Provisioning in progress",
        "enacted": "2014-09-24T05:33:02.803Z"
    },
    "model": "hpc.originserver",
    "pk": 4004
},
{
    "fields": {
        "updated": "2014-09-24T05:33:02.964Z",
        "contentProvider": 41,
        "origin_server_id": 483,
        "description": "test",
        "created": "2014-09-23T22:20:15.960Z",
        "deleted": false,
        "enabled": true,
        "redirects": true,
        "protocol": "HTTP",
        "url": "pl2snu.koren.kr:32780",
        "authenticated": false,
        "backend_status": "Provisioning in progress",
        "enacted": "2014-09-24T05:33:03.026Z"
    },
    "model": "hpc.originserver",
    "pk": 4005
},
{
    "fields": {
        "updated": "2014-09-24T05:33:03.230Z",
        "contentProvider": 41,
        "origin_server_id": 484,
        "description": "test",
        "created": "2014-09-23T22:20:16.700Z",
        "deleted": false,
        "enabled": true,
        "redirects": true,
        "protocol": "HTTP",
        "url": "pl3.cs.unm.edu:32780",
        "authenticated": false,
        "backend_status": "Provisioning in progress",
        "enacted": "2014-09-24T05:33:03.291Z"
    },
    "model": "hpc.originserver",
    "pk": 4006
},
{
    "fields": {
        "updated": "2014-09-24T05:33:03.472Z",
        "contentProvider": 41,
        "origin_server_id": 485,
        "description": "test",
        "created": "2014-09-23T22:20:18.083Z",
        "deleted": false,
        "enabled": true,
        "redirects": true,
        "protocol": "HTTP",
        "url": "pl3.planetlab.uvic.ca:32780",
        "authenticated": false,
        "backend_status": "Provisioning in progress",
        "enacted": "2014-09-24T05:33:03.539Z"
    },
    "model": "hpc.originserver",
    "pk": 4007
},
{
    "fields": {
        "updated": "2014-09-24T05:33:03.705Z",
        "contentProvider": 41,
        "origin_server_id": 486,
        "description": "test",
        "created": "2014-09-23T22:20:18.854Z",
        "deleted": false,
        "enabled": true,
        "redirects": true,
        "protocol": "HTTP",
        "url": "pl4.cs.unm.edu:32780",
        "authenticated": false,
        "backend_status": "Provisioning in progress",
        "enacted": "2014-09-24T05:33:03.771Z"
    },
    "model": "hpc.originserver",
    "pk": 4008
},
{
    "fields": {
        "updated": "2014-09-24T05:33:03.930Z",
        "contentProvider": 41,
        "origin_server_id": 487,
        "description": "test",
        "created": "2014-09-23T22:20:24.126Z",
        "deleted": false,
        "enabled": true,
        "redirects": true,
        "protocol": "HTTP",
        "url": "plab-1.sinp.msu.ru:32780",
        "authenticated": false,
        "backend_status": "Provisioning in progress",
        "enacted": "2014-09-24T05:33:03.987Z"
    },
    "model": "hpc.originserver",
    "pk": 4009
},
{
    "fields": {
        "updated": "2014-09-24T05:33:04.213Z",
        "contentProvider": 41,
        "origin_server_id": 488,
        "description": "test",
        "created": "2014-09-23T22:20:24.885Z",
        "deleted": false,
        "enabled": true,
        "redirects": true,
        "protocol": "HTTP",
        "url": "plab-2.diegm.uniud.it:32780",
        "authenticated": false,
        "backend_status": "Provisioning in progress",
        "enacted": "2014-09-24T05:33:04.268Z"
    },
    "model": "hpc.originserver",
    "pk": 4010
},
{
    "fields": {
        "updated": "2014-09-24T05:33:04.429Z",
        "contentProvider": 41,
        "origin_server_id": 489,
        "description": "test",
        "created": "2014-09-23T22:20:32.664Z",
        "deleted": false,
        "enabled": true,
        "redirects": true,
        "protocol": "HTTP",
        "url": "plab1-c703.uibk.ac.at:32780",
        "authenticated": false,
        "backend_status": "Provisioning in progress",
        "enacted": "2014-09-24T05:33:04.558Z"
    },
    "model": "hpc.originserver",
    "pk": 4011
},
{
    "fields": {
        "updated": "2014-09-24T05:33:04.796Z",
        "contentProvider": 41,
        "origin_server_id": 490,
        "description": "test",
        "created": "2014-09-23T22:20:33.619Z",
        "deleted": false,
        "enabled": true,
        "redirects": true,
        "protocol": "HTTP",
        "url": "plab1-itec.uni-klu.ac.at:32780",
        "authenticated": false,
        "backend_status": "Provisioning in progress",
        "enacted": "2014-09-24T05:33:04.873Z"
    },
    "model": "hpc.originserver",
    "pk": 4012
},
{
    "fields": {
        "updated": "2014-09-24T05:33:05.354Z",
        "contentProvider": 41,
        "origin_server_id": 491,
        "description": "test",
        "created": "2014-09-23T22:20:55.591Z",
        "deleted": false,
        "enabled": true,
        "redirects": true,
        "protocol": "HTTP",
        "url": "plab1.create-net.org:32780",
        "authenticated": false,
        "backend_status": "Provisioning in progress",
        "enacted": "2014-09-24T05:33:05.419Z"
    },
    "model": "hpc.originserver",
    "pk": 4013
},
{
    "fields": {
        "updated": "2014-09-24T05:33:05.589Z",
        "contentProvider": 41,
        "origin_server_id": 492,
        "description": "test",
        "created": "2014-09-23T22:20:56.297Z",
        "deleted": false,
        "enabled": true,
        "redirects": true,
        "protocol": "HTTP",
        "url": "plab1.cs.msu.ru:32780",
        "authenticated": false,
        "backend_status": "Provisioning in progress",
        "enacted": "2014-09-24T05:33:05.651Z"
    },
    "model": "hpc.originserver",
    "pk": 4014
},
{
    "fields": {
        "updated": "2014-09-24T05:33:06.292Z",
        "contentProvider": 41,
        "origin_server_id": 493,
        "description": "test",
        "created": "2014-09-23T22:20:57.022Z",
        "deleted": false,
        "enabled": true,
        "redirects": true,
        "protocol": "HTTP",
        "url": "plab1.cs.ust.hk:32780",
        "authenticated": false,
        "backend_status": "Provisioning in progress",
        "enacted": "2014-09-24T05:33:06.354Z"
    },
    "model": "hpc.originserver",
    "pk": 4015
},
{
    "fields": {
        "updated": "2014-09-24T05:33:06.623Z",
        "contentProvider": 41,
        "origin_server_id": 494,
        "description": "test",
        "created": "2014-09-23T22:20:57.890Z",
        "deleted": false,
        "enabled": true,
        "redirects": true,
        "protocol": "HTTP",
        "url": "plab1.engr.sjsu.edu:32780",
        "authenticated": false,
        "backend_status": "Provisioning in progress",
        "enacted": "2014-09-24T05:33:06.686Z"
    },
    "model": "hpc.originserver",
    "pk": 4016
},
{
    "fields": {
        "updated": "2014-09-24T05:33:06.902Z",
        "contentProvider": 41,
        "origin_server_id": 495,
        "description": "test",
        "created": "2014-09-23T22:20:58.615Z",
        "deleted": false,
        "enabled": true,
        "redirects": true,
        "protocol": "HTTP",
        "url": "plab1.nec-labs.com:32780",
        "authenticated": false,
        "backend_status": "Provisioning in progress",
        "enacted": "2014-09-24T05:33:06.967Z"
    },
    "model": "hpc.originserver",
    "pk": 4017
},
{
    "fields": {
        "updated": "2014-09-24T05:33:08.592Z",
        "contentProvider": 41,
        "origin_server_id": 496,
        "description": "test",
        "created": "2014-09-23T22:20:59.317Z",
        "deleted": false,
        "enabled": true,
        "redirects": true,
        "protocol": "HTTP",
        "url": "plab1.tidprojects.com:32780",
        "authenticated": false,
        "backend_status": "Provisioning in progress",
        "enacted": "2014-09-24T05:33:08.656Z"
    },
    "model": "hpc.originserver",
    "pk": 4018
},
{
    "fields": {
        "updated": "2014-09-24T05:33:08.792Z",
        "contentProvider": 41,
        "origin_server_id": 497,
        "description": "test",
        "created": "2014-09-23T22:21:00.042Z",
        "deleted": false,
        "enabled": true,
        "redirects": true,
        "protocol": "HTTP",
        "url": "plab2-c703.uibk.ac.at:32780",
        "authenticated": false,
        "backend_status": "Provisioning in progress",
        "enacted": "2014-09-24T05:33:08.855Z"
    },
    "model": "hpc.originserver",
    "pk": 4019
},
{
    "fields": {
        "updated": "2014-09-24T05:33:09.198Z",
        "contentProvider": 41,
        "origin_server_id": 498,
        "description": "test",
        "created": "2014-09-23T22:21:00.825Z",
        "deleted": false,
        "enabled": true,
        "redirects": true,
        "protocol": "HTTP",
        "url": "plab2-itec.uni-klu.ac.at:32780",
        "authenticated": false,
        "backend_status": "Provisioning in progress",
        "enacted": "2014-09-24T05:33:09.261Z"
    },
    "model": "hpc.originserver",
    "pk": 4020
},
{
    "fields": {
        "updated": "2014-09-24T05:33:09.598Z",
        "contentProvider": 41,
        "origin_server_id": 499,
        "description": "test",
        "created": "2014-09-23T22:21:01.586Z",
        "deleted": false,
        "enabled": true,
        "redirects": true,
        "protocol": "HTTP",
        "url": "plab2.create-net.org:32780",
        "authenticated": false,
        "backend_status": "Provisioning in progress",
        "enacted": "2014-09-24T05:33:09.658Z"
    },
    "model": "hpc.originserver",
    "pk": 4021
},
{
    "fields": {
        "updated": "2014-09-24T05:33:09.825Z",
        "contentProvider": 41,
        "origin_server_id": 500,
        "description": "test",
        "created": "2014-09-23T22:21:02.333Z",
        "deleted": false,
        "enabled": true,
        "redirects": true,
        "protocol": "HTTP",
        "url": "plab2.cs.ust.hk:32780",
        "authenticated": false,
        "backend_status": "Provisioning in progress",
        "enacted": "2014-09-24T05:33:09.882Z"
    },
    "model": "hpc.originserver",
    "pk": 4022
},
{
    "fields": {
        "updated": "2014-09-24T05:33:10.041Z",
        "contentProvider": 41,
        "origin_server_id": 501,
        "description": "test",
        "created": "2014-09-23T22:21:03.346Z",
        "deleted": false,
        "enabled": true,
        "redirects": true,
        "protocol": "HTTP",
        "url": "plab2.engr.sjsu.edu:32780",
        "authenticated": false,
        "backend_status": "Provisioning in progress",
        "enacted": "2014-09-24T05:33:10.105Z"
    },
    "model": "hpc.originserver",
    "pk": 4023
},
{
    "fields": {
        "updated": "2014-09-24T05:33:10.266Z",
        "contentProvider": 41,
        "origin_server_id": 502,
        "description": "test",
        "created": "2014-09-23T22:21:04.022Z",
        "deleted": false,
        "enabled": true,
        "redirects": true,
        "protocol": "HTTP",
        "url": "plab2.larc.usp.br:32780",
        "authenticated": false,
        "backend_status": "Provisioning in progress",
        "enacted": "2014-09-24T05:33:10.329Z"
    },
    "model": "hpc.originserver",
    "pk": 4024
},
{
    "fields": {
        "updated": "2014-09-24T05:33:10.499Z",
        "contentProvider": 41,
        "origin_server_id": 503,
        "description": "test",
        "created": "2014-09-23T22:21:04.732Z",
        "deleted": false,
        "enabled": true,
        "redirects": true,
        "protocol": "HTTP",
        "url": "plab2.nec-labs.com:32780",
        "authenticated": false,
        "backend_status": "Provisioning in progress",
        "enacted": "2014-09-24T05:33:10.560Z"
    },
    "model": "hpc.originserver",
    "pk": 4025
},
{
    "fields": {
        "updated": "2014-09-24T05:33:10.707Z",
        "contentProvider": 41,
        "origin_server_id": 504,
        "description": "test",
        "created": "2014-09-23T22:21:05.621Z",
        "deleted": false,
        "enabled": true,
        "redirects": true,
        "protocol": "HTTP",
        "url": "plab2.ple.silweb.pl:32780",
        "authenticated": false,
        "backend_status": "Provisioning in progress",
        "enacted": "2014-09-24T05:33:10.767Z"
    },
    "model": "hpc.originserver",
    "pk": 4026
},
{
    "fields": {
        "updated": "2014-09-24T05:33:10.957Z",
        "contentProvider": 41,
        "origin_server_id": 505,
        "description": "test",
        "created": "2014-09-23T22:21:06.478Z",
        "deleted": false,
        "enabled": true,
        "redirects": true,
        "protocol": "HTTP",
        "url": "plab2.tidprojects.com:32780",
        "authenticated": false,
        "backend_status": "Provisioning in progress",
        "enacted": "2014-09-24T05:33:11.024Z"
    },
    "model": "hpc.originserver",
    "pk": 4027
},
{
    "fields": {
        "updated": "2014-09-24T05:33:11.198Z",
        "contentProvider": 41,
        "origin_server_id": 506,
        "description": "test",
        "created": "2014-09-23T22:21:07.193Z",
        "deleted": false,
        "enabled": true,
        "redirects": true,
        "protocol": "HTTP",
        "url": "plab3.cs.msu.ru:32780",
        "authenticated": false,
        "backend_status": "Provisioning in progress",
        "enacted": "2014-09-24T05:33:11.256Z"
    },
    "model": "hpc.originserver",
    "pk": 4028
},
{
    "fields": {
        "updated": "2014-09-24T05:33:11.415Z",
        "contentProvider": 41,
        "origin_server_id": 507,
        "description": "test",
        "created": "2014-09-23T22:21:11.400Z",
        "deleted": false,
        "enabled": true,
        "redirects": true,
        "protocol": "HTTP",
        "url": "plab3.eece.ksu.edu:32780",
        "authenticated": false,
        "backend_status": "Provisioning in progress",
        "enacted": "2014-09-24T05:33:11.480Z"
    },
    "model": "hpc.originserver",
    "pk": 4029
},
{
    "fields": {
        "updated": "2014-09-24T05:33:11.656Z",
        "contentProvider": 41,
        "origin_server_id": 508,
        "description": "test",
        "created": "2014-09-23T22:21:16.768Z",
        "deleted": false,
        "enabled": true,
        "redirects": true,
        "protocol": "HTTP",
        "url": "plab3.ple.silweb.pl:32780",
        "authenticated": false,
        "backend_status": "Provisioning in progress",
        "enacted": "2014-09-24T05:33:11.711Z"
    },
    "model": "hpc.originserver",
    "pk": 4030
},
{
    "fields": {
        "updated": "2014-09-24T05:33:11.873Z",
        "contentProvider": 41,
        "origin_server_id": 509,
        "description": "test",
        "created": "2014-09-23T22:21:17.489Z",
        "deleted": false,
        "enabled": true,
        "redirects": true,
        "protocol": "HTTP",
        "url": "plab4.eece.ksu.edu:32780",
        "authenticated": false,
        "backend_status": "Provisioning in progress",
        "enacted": "2014-09-24T05:33:11.927Z"
    },
    "model": "hpc.originserver",
    "pk": 4031
},
{
    "fields": {
        "updated": "2014-09-24T05:33:12.089Z",
        "contentProvider": 41,
        "origin_server_id": 510,
        "description": "test",
        "created": "2014-09-23T22:21:18.224Z",
        "deleted": false,
        "enabled": true,
        "redirects": true,
        "protocol": "HTTP",
        "url": "plab4.ple.silweb.pl:32780",
        "authenticated": false,
        "backend_status": "Provisioning in progress",
        "enacted": "2014-09-24T05:33:12.158Z"
    },
    "model": "hpc.originserver",
    "pk": 4032
},
{
    "fields": {
        "updated": "2014-09-24T05:33:12.314Z",
        "contentProvider": 41,
        "origin_server_id": 511,
        "description": "test",
        "created": "2014-09-23T22:21:19.028Z",
        "deleted": false,
        "enabled": true,
        "redirects": true,
        "protocol": "HTTP",
        "url": "planck227ple.test.ibbt.be:32780",
        "authenticated": false,
        "backend_status": "Provisioning in progress",
        "enacted": "2014-09-24T05:33:12.374Z"
    },
    "model": "hpc.originserver",
    "pk": 4033
},
{
    "fields": {
        "updated": "2014-09-24T05:33:12.539Z",
        "contentProvider": 41,
        "origin_server_id": 512,
        "description": "test",
        "created": "2014-09-23T22:21:19.722Z",
        "deleted": false,
        "enabled": true,
        "redirects": true,
        "protocol": "HTTP",
        "url": "planck228ple.test.ibbt.be:32780",
        "authenticated": false,
        "backend_status": "Provisioning in progress",
        "enacted": "2014-09-24T05:33:12.605Z"
    },
    "model": "hpc.originserver",
    "pk": 4034
},
{
    "fields": {
        "updated": "2014-09-24T05:33:12.764Z",
        "contentProvider": 41,
        "origin_server_id": 513,
        "description": "test",
        "created": "2014-09-23T22:21:20.792Z",
        "deleted": false,
        "enabled": true,
        "redirects": true,
        "protocol": "HTTP",
        "url": "plane-lab-pb1.uni-paderborn.de:32780",
        "authenticated": false,
        "backend_status": "Provisioning in progress",
        "enacted": "2014-09-24T05:33:12.821Z"
    },
    "model": "hpc.originserver",
    "pk": 4035
},
{
    "fields": {
        "updated": "2014-09-24T05:33:12.989Z",
        "contentProvider": 41,
        "origin_server_id": 514,
        "description": "test",
        "created": "2014-09-23T22:21:21.502Z",
        "deleted": false,
        "enabled": true,
        "redirects": true,
        "protocol": "HTTP",
        "url": "planet-lab-node1.netgroup.uniroma2.it:32780",
        "authenticated": false,
        "backend_status": "Provisioning in progress",
        "enacted": "2014-09-24T05:33:13.053Z"
    },
    "model": "hpc.originserver",
    "pk": 4036
},
{
    "fields": {
        "updated": "2014-09-24T05:33:13.222Z",
        "contentProvider": 41,
        "origin_server_id": 515,
        "description": "test",
        "created": "2014-09-23T22:21:23.773Z",
        "deleted": false,
        "enabled": true,
        "redirects": true,
        "protocol": "HTTP",
        "url": "planet-lab-node2.netgroup.uniroma2.it:32780",
        "authenticated": false,
        "backend_status": "Provisioning in progress",
        "enacted": "2014-09-24T05:33:13.293Z"
    },
    "model": "hpc.originserver",
    "pk": 4037
},
{
    "fields": {
        "updated": "2014-09-24T05:33:13.447Z",
        "contentProvider": 41,
        "origin_server_id": 516,
        "description": "test",
        "created": "2014-09-23T22:21:28.265Z",
        "deleted": false,
        "enabled": true,
        "redirects": true,
        "protocol": "HTTP",
        "url": "planet-lab1.cs.ucr.edu:32780",
        "authenticated": false,
        "backend_status": "Provisioning in progress",
        "enacted": "2014-09-24T05:33:13.500Z"
    },
    "model": "hpc.originserver",
    "pk": 4038
},
{
    "fields": {
        "updated": "2014-09-24T05:33:13.671Z",
        "contentProvider": 41,
        "origin_server_id": 517,
        "description": "test",
        "created": "2014-09-23T22:21:28.988Z",
        "deleted": false,
        "enabled": true,
        "redirects": true,
        "protocol": "HTTP",
        "url": "planet-lab1.itba.edu.ar:32780",
        "authenticated": false,
        "backend_status": "Provisioning in progress",
        "enacted": "2014-09-24T05:33:13.731Z"
    },
    "model": "hpc.originserver",
    "pk": 4039
},
{
    "fields": {
        "updated": "2014-09-24T05:33:13.888Z",
        "contentProvider": 41,
        "origin_server_id": 518,
        "description": "test",
        "created": "2014-09-23T22:21:31.418Z",
        "deleted": false,
        "enabled": true,
        "redirects": true,
        "protocol": "HTTP",
        "url": "planet-lab1.uba.ar:32780",
        "authenticated": false,
        "backend_status": "Provisioning in progress",
        "enacted": "2014-09-24T05:33:13.955Z"
    },
    "model": "hpc.originserver",
    "pk": 4040
},
{
    "fields": {
        "updated": "2014-09-24T05:33:14.171Z",
        "contentProvider": 41,
        "origin_server_id": 519,
        "description": "test",
        "created": "2014-09-23T22:21:32.136Z",
        "deleted": false,
        "enabled": true,
        "redirects": true,
        "protocol": "HTTP",
        "url": "planet-lab2.cs.ucr.edu:32780",
        "authenticated": false,
        "backend_status": "Provisioning in progress",
        "enacted": "2014-09-24T05:33:14.236Z"
    },
    "model": "hpc.originserver",
    "pk": 4041
},
{
    "fields": {
        "updated": "2014-09-24T05:33:14.412Z",
        "contentProvider": 41,
        "origin_server_id": 520,
        "description": "test",
        "created": "2014-09-23T22:21:47.282Z",
        "deleted": false,
        "enabled": true,
        "redirects": true,
        "protocol": "HTTP",
        "url": "planet-lab2.itba.edu.ar:32780",
        "authenticated": false,
        "backend_status": "Provisioning in progress",
        "enacted": "2014-09-24T05:33:14.526Z"
    },
    "model": "hpc.originserver",
    "pk": 4042
},
{
    "fields": {
        "updated": "2014-09-24T05:33:14.729Z",
        "contentProvider": 41,
        "origin_server_id": 521,
        "description": "test",
        "created": "2014-09-23T22:21:48.425Z",
        "deleted": false,
        "enabled": true,
        "redirects": true,
        "protocol": "HTTP",
        "url": "planet-lab2.uba.ar:32780",
        "authenticated": false,
        "backend_status": "Provisioning in progress",
        "enacted": "2014-09-24T05:33:14.800Z"
    },
    "model": "hpc.originserver",
    "pk": 4043
},
{
    "fields": {
        "updated": "2014-09-24T05:33:14.962Z",
        "contentProvider": 41,
        "origin_server_id": 522,
        "description": "test",
        "created": "2014-09-23T22:21:49.187Z",
        "deleted": false,
        "enabled": true,
        "redirects": true,
        "protocol": "HTTP",
        "url": "planet0.jaist.ac.jp:32780",
        "authenticated": false,
        "backend_status": "Provisioning in progress",
        "enacted": "2014-09-24T05:33:15.023Z"
    },
    "model": "hpc.originserver",
    "pk": 4044
},
{
    "fields": {
        "updated": "2014-09-24T05:33:15.212Z",
        "contentProvider": 41,
        "origin_server_id": 523,
        "description": "test",
        "created": "2014-09-23T22:21:49.885Z",
        "deleted": false,
        "enabled": true,
        "redirects": true,
        "protocol": "HTTP",
        "url": "planet01.hhi.fraunhofer.de:32780",
        "authenticated": false,
        "backend_status": "Provisioning in progress",
        "enacted": "2014-09-24T05:33:15.280Z"
    },
    "model": "hpc.originserver",
    "pk": 4045
},
{
    "fields": {
        "updated": "2014-09-24T05:33:15.470Z",
        "contentProvider": 41,
        "origin_server_id": 524,
        "description": "test",
        "created": "2014-09-23T22:21:50.763Z",
        "deleted": false,
        "enabled": true,
        "redirects": true,
        "protocol": "HTTP",
        "url": "planet02.hhi.fraunhofer.de:32780",
        "authenticated": false,
        "backend_status": "Provisioning in progress",
        "enacted": "2014-09-24T05:33:15.536Z"
    },
    "model": "hpc.originserver",
    "pk": 4046
},
{
    "fields": {
        "updated": "2014-09-24T05:33:15.720Z",
        "contentProvider": 41,
        "origin_server_id": 525,
        "description": "test",
        "created": "2014-09-23T22:21:51.508Z",
        "deleted": false,
        "enabled": true,
        "redirects": true,
        "protocol": "HTTP",
        "url": "planet1.cc.gt.atl.ga.us:32780",
        "authenticated": false,
        "backend_status": "Provisioning in progress",
        "enacted": "2014-09-24T05:33:15.801Z"
    },
    "model": "hpc.originserver",
    "pk": 4047
},
{
    "fields": {
        "updated": "2014-09-24T05:33:15.961Z",
        "contentProvider": 41,
        "origin_server_id": 526,
        "description": "test",
        "created": "2014-09-23T22:21:52.195Z",
        "deleted": false,
        "enabled": true,
        "redirects": true,
        "protocol": "HTTP",
        "url": "planet1.cs.huji.ac.il:32780",
        "authenticated": false,
        "backend_status": "Provisioning in progress",
        "enacted": "2014-09-24T05:33:16.058Z"
    },
    "model": "hpc.originserver",
    "pk": 4048
},
{
    "fields": {
        "updated": "2014-09-24T05:33:16.228Z",
        "contentProvider": 41,
        "origin_server_id": 527,
        "description": "test",
        "created": "2014-09-23T22:21:52.934Z",
        "deleted": false,
        "enabled": true,
        "redirects": true,
        "protocol": "HTTP",
        "url": "planet1.cs.rochester.edu:32780",
        "authenticated": false,
        "backend_status": "Provisioning in progress",
        "enacted": "2014-09-24T05:33:16.315Z"
    },
    "model": "hpc.originserver",
    "pk": 4049
},
{
    "fields": {
        "updated": "2014-09-24T05:33:16.478Z",
        "contentProvider": 41,
        "origin_server_id": 528,
        "description": "test",
        "created": "2014-09-23T22:21:53.674Z",
        "deleted": false,
        "enabled": true,
        "redirects": true,
        "protocol": "HTTP",
        "url": "planet1.dsp.ac.cn:32780",
        "authenticated": false,
        "backend_status": "Provisioning in progress",
        "enacted": "2014-09-24T05:33:16.555Z"
    },
    "model": "hpc.originserver",
    "pk": 4050
},
{
    "fields": {
        "updated": "2014-09-24T05:33:16.752Z",
        "contentProvider": 41,
        "origin_server_id": 529,
        "description": "test",
        "created": "2014-09-23T22:21:54.410Z",
        "deleted": false,
        "enabled": true,
        "redirects": true,
        "protocol": "HTTP",
        "url": "planet1.elte.hu:32780",
        "authenticated": false,
        "backend_status": "Provisioning in progress",
        "enacted": "2014-09-24T05:33:16.811Z"
    },
    "model": "hpc.originserver",
    "pk": 4051
},
{
    "fields": {
        "updated": "2014-09-24T05:33:16.993Z",
        "contentProvider": 41,
        "origin_server_id": 530,
        "description": "test",
        "created": "2014-09-23T22:21:55.115Z",
        "deleted": false,
        "enabled": true,
        "redirects": true,
        "protocol": "HTTP",
        "url": "planet1.inf.tu-dresden.de:32780",
        "authenticated": false,
        "backend_status": "Provisioning in progress",
        "enacted": "2014-09-24T05:33:17.051Z"
    },
    "model": "hpc.originserver",
    "pk": 4052
},
{
    "fields": {
        "updated": "2014-09-24T05:33:17.252Z",
        "contentProvider": 41,
        "origin_server_id": 531,
        "description": "test",
        "created": "2014-09-23T22:21:55.985Z",
        "deleted": false,
        "enabled": true,
        "redirects": true,
        "protocol": "HTTP",
        "url": "planet1.itc.auth.gr:32780",
        "authenticated": false,
        "backend_status": "Provisioning in progress",
        "enacted": "2014-09-24T05:33:17.316Z"
    },
    "model": "hpc.originserver",
    "pk": 4053
},
{
    "fields": {
        "updated": "2014-09-24T05:33:17.477Z",
        "contentProvider": 41,
        "origin_server_id": 532,
        "description": "test",
        "created": "2014-09-23T22:21:56.932Z",
        "deleted": false,
        "enabled": true,
        "redirects": true,
        "protocol": "HTTP",
        "url": "planet1.l3s.uni-hannover.de:32780",
        "authenticated": false,
        "backend_status": "Provisioning in progress",
        "enacted": "2014-09-24T05:33:17.532Z"
    },
    "model": "hpc.originserver",
    "pk": 4054
},
{
    "fields": {
        "updated": "2014-09-24T05:33:17.735Z",
        "contentProvider": 41,
        "origin_server_id": 533,
        "description": "test",
        "created": "2014-09-23T22:21:57.715Z",
        "deleted": false,
        "enabled": true,
        "redirects": true,
        "protocol": "HTTP",
        "url": "planet1.pnl.nitech.ac.jp:32780",
        "authenticated": false,
        "backend_status": "Provisioning in progress",
        "enacted": "2014-09-24T05:33:17.788Z"
    },
    "model": "hpc.originserver",
    "pk": 4055
},
{
    "fields": {
        "updated": "2014-09-24T05:33:17.960Z",
        "contentProvider": 41,
        "origin_server_id": 534,
        "description": "test",
        "created": "2014-09-23T22:21:58.735Z",
        "deleted": false,
        "enabled": true,
        "redirects": true,
        "protocol": "HTTP",
        "url": "planet1.prakinf.tu-ilmenau.de:32780",
        "authenticated": false,
        "backend_status": "Provisioning in progress",
        "enacted": "2014-09-24T05:33:18.020Z"
    },
    "model": "hpc.originserver",
    "pk": 4056
},
{
    "fields": {
        "updated": "2014-09-24T05:33:18.217Z",
        "contentProvider": 41,
        "origin_server_id": 535,
        "description": "test",
        "created": "2014-09-23T22:21:59.426Z",
        "deleted": false,
        "enabled": true,
        "redirects": true,
        "protocol": "HTTP",
        "url": "planet1.servers.ua.pt:32780",
        "authenticated": false,
        "backend_status": "Provisioning in progress",
        "enacted": "2014-09-24T05:33:18.302Z"
    },
    "model": "hpc.originserver",
    "pk": 4057
},
{
    "fields": {
        "updated": "2014-09-24T05:33:18.467Z",
        "contentProvider": 41,
        "origin_server_id": 536,
        "description": "test",
        "created": "2014-09-23T22:22:06.550Z",
        "deleted": false,
        "enabled": true,
        "redirects": true,
        "protocol": "HTTP",
        "url": "planet1.unipr.it:32780",
        "authenticated": false,
        "backend_status": "Provisioning in progress",
        "enacted": "2014-09-24T05:33:18.550Z"
    },
    "model": "hpc.originserver",
    "pk": 4058
},
{
    "fields": {
        "updated": "2014-09-24T05:33:18.725Z",
        "contentProvider": 41,
        "origin_server_id": 537,
        "description": "test",
        "created": "2014-09-23T22:22:07.256Z",
        "deleted": false,
        "enabled": true,
        "redirects": true,
        "protocol": "HTTP",
        "url": "planet1.zib.de:32780",
        "authenticated": false,
        "backend_status": "Provisioning in progress",
        "enacted": "2014-09-24T05:33:18.807Z"
    },
    "model": "hpc.originserver",
    "pk": 4059
},
{
    "fields": {
        "updated": "2014-09-24T05:33:18.984Z",
        "contentProvider": 41,
        "origin_server_id": 538,
        "description": "test",
        "created": "2014-09-23T22:22:09.427Z",
        "deleted": false,
        "enabled": true,
        "redirects": true,
        "protocol": "HTTP",
        "url": "planet11.csc.ncsu.edu:32780",
        "authenticated": false,
        "backend_status": "Provisioning in progress",
        "enacted": "2014-09-24T05:33:19.047Z"
    },
    "model": "hpc.originserver",
    "pk": 4060
},
{
    "fields": {
        "updated": "2014-09-24T05:33:19.275Z",
        "contentProvider": 41,
        "origin_server_id": 539,
        "description": "test",
        "created": "2014-09-23T22:22:10.210Z",
        "deleted": false,
        "enabled": true,
        "redirects": true,
        "protocol": "HTTP",
        "url": "planet12.csc.ncsu.edu:32780",
        "authenticated": false,
        "backend_status": "Provisioning in progress",
        "enacted": "2014-09-24T05:33:19.337Z"
    },
    "model": "hpc.originserver",
    "pk": 4061
},
{
    "fields": {
        "updated": "2014-09-24T05:33:19.492Z",
        "contentProvider": 41,
        "origin_server_id": 540,
        "description": "test",
        "created": "2014-09-23T22:22:10.968Z",
        "deleted": false,
        "enabled": true,
        "redirects": true,
        "protocol": "HTTP",
        "url": "planet2.cc.gt.atl.ga.us:32780",
        "authenticated": false,
        "backend_status": "Provisioning in progress",
        "enacted": "2014-09-24T05:33:19.552Z"
    },
    "model": "hpc.originserver",
    "pk": 4062
},
{
    "fields": {
        "updated": "2014-09-24T05:33:19.724Z",
        "contentProvider": 41,
        "origin_server_id": 541,
        "description": "test",
        "created": "2014-09-23T22:22:11.669Z",
        "deleted": false,
        "enabled": true,
        "redirects": true,
        "protocol": "HTTP",
        "url": "planet2.cs.rochester.edu:32780",
        "authenticated": false,
        "backend_status": "Provisioning in progress",
        "enacted": "2014-09-24T05:33:19.800Z"
    },
    "model": "hpc.originserver",
    "pk": 4063
},
{
    "fields": {
        "updated": "2014-09-24T05:33:19.974Z",
        "contentProvider": 41,
        "origin_server_id": 542,
        "description": "test",
        "created": "2014-09-23T22:22:12.444Z",
        "deleted": false,
        "enabled": true,
        "redirects": true,
        "protocol": "HTTP",
        "url": "planet2.dsp.ac.cn:32780",
        "authenticated": false,
        "backend_status": "Provisioning in progress",
        "enacted": "2014-09-24T05:33:20.024Z"
    },
    "model": "hpc.originserver",
    "pk": 4064
},
{
    "fields": {
        "updated": "2014-09-24T05:33:20.199Z",
        "contentProvider": 41,
        "origin_server_id": 543,
        "description": "test",
        "created": "2014-09-23T22:22:13.165Z",
        "deleted": false,
        "enabled": true,
        "redirects": true,
        "protocol": "HTTP",
        "url": "planet2.elte.hu:32780",
        "authenticated": false,
        "backend_status": "Provisioning in progress",
        "enacted": "2014-09-24T05:33:20.264Z"
    },
    "model": "hpc.originserver",
    "pk": 4065
},
{
    "fields": {
        "updated": "2014-09-24T05:33:20.432Z",
        "contentProvider": 41,
        "origin_server_id": 544,
        "description": "test",
        "created": "2014-09-23T22:22:13.890Z",
        "deleted": false,
        "enabled": true,
        "redirects": true,
        "protocol": "HTTP",
        "url": "planet2.inf.tu-dresden.de:32780",
        "authenticated": false,
        "backend_status": "Provisioning in progress",
        "enacted": "2014-09-24T05:33:20.504Z"
    },
    "model": "hpc.originserver",
    "pk": 4066
},
{
    "fields": {
        "updated": "2014-09-24T05:33:20.674Z",
        "contentProvider": 41,
        "origin_server_id": 545,
        "description": "test",
        "created": "2014-09-23T22:22:14.645Z",
        "deleted": false,
        "enabled": true,
        "redirects": true,
        "protocol": "HTTP",
        "url": "planet2.itc.auth.gr:32780",
        "authenticated": false,
        "backend_status": "Provisioning in progress",
        "enacted": "2014-09-24T05:33:20.736Z"
    },
    "model": "hpc.originserver",
    "pk": 4067
},
{
    "fields": {
        "updated": "2014-09-24T05:33:20.907Z",
        "contentProvider": 41,
        "origin_server_id": 546,
        "description": "test",
        "created": "2014-09-23T22:22:15.420Z",
        "deleted": false,
        "enabled": true,
        "redirects": true,
        "protocol": "HTTP",
        "url": "planet2.ku.edu.tr:32780",
        "authenticated": false,
        "backend_status": "Provisioning in progress",
        "enacted": "2014-09-24T05:33:20.959Z"
    },
    "model": "hpc.originserver",
    "pk": 4068
},
{
    "fields": {
        "updated": "2014-09-24T05:33:21.115Z",
        "contentProvider": 41,
        "origin_server_id": 547,
        "description": "test",
        "created": "2014-09-23T22:22:16.206Z",
        "deleted": false,
        "enabled": true,
        "redirects": true,
        "protocol": "HTTP",
        "url": "planet2.l3s.uni-hannover.de:32780",
        "authenticated": false,
        "backend_status": "Provisioning in progress",
        "enacted": "2014-09-24T05:33:21.175Z"
    },
    "model": "hpc.originserver",
    "pk": 4069
},
{
    "fields": {
        "updated": "2014-09-24T05:33:21.340Z",
        "contentProvider": 41,
        "origin_server_id": 548,
        "description": "test",
        "created": "2014-09-23T22:22:16.916Z",
        "deleted": false,
        "enabled": true,
        "redirects": true,
        "protocol": "HTTP",
        "url": "planet2.pnl.nitech.ac.jp:32780",
        "authenticated": false,
        "backend_status": "Provisioning in progress",
        "enacted": "2014-09-24T05:33:21.415Z"
    },
    "model": "hpc.originserver",
    "pk": 4070
},
{
    "fields": {
        "updated": "2014-09-24T05:33:21.582Z",
        "contentProvider": 41,
        "origin_server_id": 549,
        "description": "test",
        "created": "2014-09-23T22:22:17.635Z",
        "deleted": false,
        "enabled": true,
        "redirects": true,
        "protocol": "HTTP",
        "url": "planet2.prakinf.tu-ilmenau.de:32780",
        "authenticated": false,
        "backend_status": "Provisioning in progress",
        "enacted": "2014-09-24T05:33:21.630Z"
    },
    "model": "hpc.originserver",
    "pk": 4071
},
{
    "fields": {
        "updated": "2014-09-24T05:33:21.798Z",
        "contentProvider": 41,
        "origin_server_id": 550,
        "description": "test",
        "created": "2014-09-23T22:22:18.336Z",
        "deleted": false,
        "enabled": true,
        "redirects": true,
        "protocol": "HTTP",
        "url": "planet2.servers.ua.pt:32780",
        "authenticated": false,
        "backend_status": "Provisioning in progress",
        "enacted": "2014-09-24T05:33:21.854Z"
    },
    "model": "hpc.originserver",
    "pk": 4072
},
{
    "fields": {
        "updated": "2014-09-24T05:33:22.023Z",
        "contentProvider": 41,
        "origin_server_id": 551,
        "description": "test",
        "created": "2014-09-23T22:22:19.059Z",
        "deleted": false,
        "enabled": true,
        "redirects": true,
        "protocol": "HTTP",
        "url": "planet2.unipr.it:32780",
        "authenticated": false,
        "backend_status": "Provisioning in progress",
        "enacted": "2014-09-24T05:33:22.069Z"
    },
    "model": "hpc.originserver",
    "pk": 4073
},
{
    "fields": {
        "updated": "2014-09-24T05:33:22.248Z",
        "contentProvider": 41,
        "origin_server_id": 552,
        "description": "test",
        "created": "2014-09-23T22:22:19.777Z",
        "deleted": false,
        "enabled": true,
        "redirects": true,
        "protocol": "HTTP",
        "url": "planet2.zib.de:32780",
        "authenticated": false,
        "backend_status": "Provisioning in progress",
        "enacted": "2014-09-24T05:33:22.309Z"
    },
    "model": "hpc.originserver",
    "pk": 4074
},
{
    "fields": {
        "updated": "2014-09-24T05:33:22.481Z",
        "contentProvider": 41,
        "origin_server_id": 553,
        "description": "test",
        "created": "2014-09-23T22:22:20.623Z",
        "deleted": false,
        "enabled": true,
        "redirects": true,
        "protocol": "HTTP",
        "url": "planet3.cs.huji.ac.il:32780",
        "authenticated": false,
        "backend_status": "Provisioning in progress",
        "enacted": "2014-09-24T05:33:22.541Z"
    },
    "model": "hpc.originserver",
    "pk": 4075
},
{
    "fields": {
        "updated": "2014-09-24T05:33:22.697Z",
        "contentProvider": 41,
        "origin_server_id": 554,
        "description": "test",
        "created": "2014-09-23T22:22:21.329Z",
        "deleted": false,
        "enabled": true,
        "redirects": true,
        "protocol": "HTTP",
        "url": "planet3.cs.ucsb.edu:32780",
        "authenticated": false,
        "backend_status": "Provisioning in progress",
        "enacted": "2014-09-24T05:33:22.756Z"
    },
    "model": "hpc.originserver",
    "pk": 4076
},
{
    "fields": {
        "updated": "2014-09-24T05:33:22.922Z",
        "contentProvider": 41,
        "origin_server_id": 555,
        "description": "test",
        "created": "2014-09-23T22:22:22.045Z",
        "deleted": false,
        "enabled": true,
        "redirects": true,
        "protocol": "HTTP",
        "url": "planet3.prakinf.tu-ilmenau.de:32780",
        "authenticated": false,
        "backend_status": "Provisioning in progress",
        "enacted": "2014-09-24T05:33:22.980Z"
    },
    "model": "hpc.originserver",
    "pk": 4077
},
{
    "fields": {
        "updated": "2014-09-24T05:33:23.197Z",
        "contentProvider": 41,
        "origin_server_id": 556,
        "description": "test",
        "created": "2014-09-23T22:22:22.774Z",
        "deleted": false,
        "enabled": true,
        "redirects": true,
        "protocol": "HTTP",
        "url": "planet4.cc.gt.atl.ga.us:32780",
        "authenticated": false,
        "backend_status": "Provisioning in progress",
        "enacted": "2014-09-24T05:33:23.261Z"
    },
    "model": "hpc.originserver",
    "pk": 4078
},
{
    "fields": {
        "updated": "2014-09-24T05:33:23.431Z",
        "contentProvider": 41,
        "origin_server_id": 557,
        "description": "test",
        "created": "2014-09-23T22:22:23.595Z",
        "deleted": false,
        "enabled": true,
        "redirects": true,
        "protocol": "HTTP",
        "url": "planet4.cs.ucsb.edu:32780",
        "authenticated": false,
        "backend_status": "Provisioning in progress",
        "enacted": "2014-09-24T05:33:23.609Z"
    },
    "model": "hpc.originserver",
    "pk": 4079
},
{
    "fields": {
        "updated": "2014-09-24T05:33:23.821Z",
        "contentProvider": 41,
        "origin_server_id": 558,
        "description": "test",
        "created": "2014-09-23T22:22:24.296Z",
        "deleted": false,
        "enabled": true,
        "redirects": true,
        "protocol": "HTTP",
        "url": "planet5.cs.ucsb.edu:32780",
        "authenticated": false,
        "backend_status": "Provisioning in progress",
        "enacted": "2014-09-24T05:33:23.932Z"
    },
    "model": "hpc.originserver",
    "pk": 4080
},
{
    "fields": {
        "updated": "2014-09-24T05:33:24.137Z",
        "contentProvider": 41,
        "origin_server_id": 559,
        "description": "test",
        "created": "2014-09-23T22:22:25.054Z",
        "deleted": false,
        "enabled": true,
        "redirects": true,
        "protocol": "HTTP",
        "url": "planet6.cs.ucsb.edu:32780",
        "authenticated": false,
        "backend_status": "Provisioning in progress",
        "enacted": "2014-09-24T05:33:24.304Z"
    },
    "model": "hpc.originserver",
    "pk": 4081
},
{
    "fields": {
        "updated": "2014-09-24T05:33:24.471Z",
        "contentProvider": 41,
        "origin_server_id": 560,
        "description": "test",
        "created": "2014-09-23T22:22:26.514Z",
        "deleted": false,
        "enabled": true,
        "redirects": true,
        "protocol": "HTTP",
        "url": "planetlab-01.bu.edu:32780",
        "authenticated": false,
        "backend_status": "Provisioning in progress",
        "enacted": "2014-09-24T05:33:24.536Z"
    },
    "model": "hpc.originserver",
    "pk": 4082
},
{
    "fields": {
        "updated": "2014-09-24T05:33:24.704Z",
        "contentProvider": 41,
        "origin_server_id": 561,
        "description": "test",
        "created": "2014-09-23T22:22:27.222Z",
        "deleted": false,
        "enabled": true,
        "redirects": true,
        "protocol": "HTTP",
        "url": "planetlab-01.cs.princeton.edu:32780",
        "authenticated": false,
        "backend_status": "Provisioning in progress",
        "enacted": "2014-09-24T05:33:25.025Z"
    },
    "model": "hpc.originserver",
    "pk": 4083
},
{
    "fields": {
        "updated": "2014-09-24T05:33:25.187Z",
        "contentProvider": 41,
        "origin_server_id": 562,
        "description": "test",
        "created": "2014-09-23T22:22:28.022Z",
        "deleted": false,
        "enabled": true,
        "redirects": true,
        "protocol": "HTTP",
        "url": "planetlab-01.ece.uprm.edu:32780",
        "authenticated": false,
        "backend_status": "Provisioning in progress",
        "enacted": "2014-09-24T05:33:25.257Z"
    },
    "model": "hpc.originserver",
    "pk": 4084
},
{
    "fields": {
        "updated": "2014-09-24T05:33:25.403Z",
        "contentProvider": 41,
        "origin_server_id": 563,
        "description": "test",
        "created": "2014-09-23T22:22:28.826Z",
        "deleted": false,
        "enabled": true,
        "redirects": true,
        "protocol": "HTTP",
        "url": "planetlab-01.vt.nodes.planet-lab.org:32780",
        "authenticated": false,
        "backend_status": "Provisioning in progress",
        "enacted": "2014-09-24T05:33:25.463Z"
    },
    "model": "hpc.originserver",
    "pk": 4085
},
{
    "fields": {
        "updated": "2014-09-24T05:33:25.620Z",
        "contentProvider": 41,
        "origin_server_id": 564,
        "description": "test",
        "created": "2014-09-23T22:22:29.786Z",
        "deleted": false,
        "enabled": true,
        "redirects": true,
        "protocol": "HTTP",
        "url": "planetlab-02.bu.edu:32780",
        "authenticated": false,
        "backend_status": "Provisioning in progress",
        "enacted": "2014-09-24T05:33:25.679Z"
    },
    "model": "hpc.originserver",
    "pk": 4086
},
{
    "fields": {
        "updated": "2014-09-24T05:33:25.836Z",
        "contentProvider": 41,
        "origin_server_id": 565,
        "description": "test",
        "created": "2014-09-23T22:22:30.732Z",
        "deleted": false,
        "enabled": true,
        "redirects": true,
        "protocol": "HTTP",
        "url": "planetlab-02.ece.uprm.edu:32780",
        "authenticated": false,
        "backend_status": "Provisioning in progress",
        "enacted": "2014-09-24T05:33:25.902Z"
    },
    "model": "hpc.originserver",
    "pk": 4087
},
{
    "fields": {
        "updated": "2014-09-24T05:33:26.061Z",
        "contentProvider": 41,
        "origin_server_id": 566,
        "description": "test",
        "created": "2014-09-23T22:22:31.468Z",
        "deleted": false,
        "enabled": true,
        "redirects": true,
        "protocol": "HTTP",
        "url": "planetlab-02.kusa.ac.jp:32780",
        "authenticated": false,
        "backend_status": "Provisioning in progress",
        "enacted": "2014-09-24T05:33:26.117Z"
    },
    "model": "hpc.originserver",
    "pk": 4088
},
{
    "fields": {
        "updated": "2014-09-24T05:33:26.286Z",
        "contentProvider": 41,
        "origin_server_id": 567,
        "description": "test",
        "created": "2014-09-23T22:22:32.218Z",
        "deleted": false,
        "enabled": true,
        "redirects": true,
        "protocol": "HTTP",
        "url": "planetlab-02.vt.nodes.planet-lab.org:32780",
        "authenticated": false,
        "backend_status": "Provisioning in progress",
        "enacted": "2014-09-24T05:33:26.341Z"
    },
    "model": "hpc.originserver",
    "pk": 4089
},
{
    "fields": {
        "updated": "2014-09-24T05:33:26.511Z",
        "contentProvider": 41,
        "origin_server_id": 568,
        "description": "test",
        "created": "2014-09-23T22:22:32.981Z",
        "deleted": false,
        "enabled": true,
        "redirects": true,
        "protocol": "HTTP",
        "url": "planetlab-03.vt.nodes.planet-lab.org:32780",
        "authenticated": false,
        "backend_status": "Provisioning in progress",
        "enacted": "2014-09-24T05:33:26.565Z"
    },
    "model": "hpc.originserver",
    "pk": 4090
},
{
    "fields": {
        "updated": "2014-09-24T05:33:26.727Z",
        "contentProvider": 41,
        "origin_server_id": 569,
        "description": "test",
        "created": "2014-09-23T22:22:33.759Z",
        "deleted": false,
        "enabled": true,
        "redirects": true,
        "protocol": "HTTP",
        "url": "planetlab-04.vt.nodes.planet-lab.org:32780",
        "authenticated": false,
        "backend_status": "Provisioning in progress",
        "enacted": "2014-09-24T05:33:26.805Z"
    },
    "model": "hpc.originserver",
    "pk": 4091
},
{
    "fields": {
        "updated": "2014-09-24T05:33:27.002Z",
        "contentProvider": 41,
        "origin_server_id": 570,
        "description": "test",
        "created": "2014-09-23T22:22:34.461Z",
        "deleted": false,
        "enabled": true,
        "redirects": true,
        "protocol": "HTTP",
        "url": "planetlab-1.calpoly-netlab.net:32780",
        "authenticated": false,
        "backend_status": "Provisioning in progress",
        "enacted": "2014-09-24T05:33:27.061Z"
    },
    "model": "hpc.originserver",
    "pk": 4092
},
{
    "fields": {
        "updated": "2014-09-24T05:33:27.343Z",
        "contentProvider": 41,
        "origin_server_id": 571,
        "description": "test",
        "created": "2014-09-23T22:22:35.199Z",
        "deleted": false,
        "enabled": true,
        "redirects": true,
        "protocol": "HTTP",
        "url": "planetlab-1.cs.auckland.ac.nz:32780",
        "authenticated": false,
        "backend_status": "Provisioning in progress",
        "enacted": "2014-09-24T05:33:27.409Z"
    },
    "model": "hpc.originserver",
    "pk": 4093
},
{
    "fields": {
        "updated": "2014-09-24T05:33:27.593Z",
        "contentProvider": 41,
        "origin_server_id": 572,
        "description": "test",
        "created": "2014-09-23T22:22:35.966Z",
        "deleted": false,
        "enabled": true,
        "redirects": true,
        "protocol": "HTTP",
        "url": "planetlab-1.cs.colostate.edu:32780",
        "authenticated": false,
        "backend_status": "Provisioning in progress",
        "enacted": "2014-09-24T05:33:27.724Z"
    },
    "model": "hpc.originserver",
    "pk": 4094
},
{
    "fields": {
        "updated": "2014-09-24T05:33:27.884Z",
        "contentProvider": 41,
        "origin_server_id": 573,
        "description": "test",
        "created": "2014-09-23T22:22:36.694Z",
        "deleted": false,
        "enabled": true,
        "redirects": true,
        "protocol": "HTTP",
        "url": "planetlab-1.cs.ucy.ac.cy:32780",
        "authenticated": false,
        "backend_status": "Provisioning in progress",
        "enacted": "2014-09-24T05:33:27.939Z"
    },
    "model": "hpc.originserver",
    "pk": 4095
},
{
    "fields": {
        "updated": "2014-09-24T05:33:28.093Z",
        "contentProvider": 41,
        "origin_server_id": 574,
        "description": "test",
        "created": "2014-09-23T22:22:37.644Z",
        "deleted": false,
        "enabled": true,
        "redirects": true,
        "protocol": "HTTP",
        "url": "planetlab-1.cs.unibas.ch:32780",
        "authenticated": false,
        "backend_status": "Provisioning in progress",
        "enacted": "2014-09-24T05:33:28.146Z"
    },
    "model": "hpc.originserver",
    "pk": 4096
},
{
    "fields": {
        "updated": "2014-09-24T05:33:28.309Z",
        "contentProvider": 41,
        "origin_server_id": 575,
        "description": "test",
        "created": "2014-09-23T22:22:38.492Z",
        "deleted": false,
        "enabled": true,
        "redirects": true,
        "protocol": "HTTP",
        "url": "planetlab-1.cse.ohio-state.edu:32780",
        "authenticated": false,
        "backend_status": "Provisioning in progress",
        "enacted": "2014-09-24T05:33:28.369Z"
    },
    "model": "hpc.originserver",
    "pk": 4097
},
{
    "fields": {
        "updated": "2014-09-24T05:33:28.542Z",
        "contentProvider": 41,
        "origin_server_id": 576,
        "description": "test",
        "created": "2014-09-23T22:22:40.463Z",
        "deleted": false,
        "enabled": true,
        "redirects": true,
        "protocol": "HTTP",
        "url": "planetlab-1.di.fc.ul.pt:32780",
        "authenticated": false,
        "backend_status": "Provisioning in progress",
        "enacted": "2014-09-24T05:33:28.601Z"
    },
    "model": "hpc.originserver",
    "pk": 4098
},
{
    "fields": {
        "updated": "2014-09-24T05:33:28.759Z",
        "contentProvider": 41,
        "origin_server_id": 577,
        "description": "test",
        "created": "2014-09-23T22:22:41.196Z",
        "deleted": false,
        "enabled": true,
        "redirects": true,
        "protocol": "HTTP",
        "url": "planetlab-1.elisa.cpsc.ucalgary.ca:32780",
        "authenticated": false,
        "backend_status": "Provisioning in progress",
        "enacted": "2014-09-24T05:33:28.817Z"
    },
    "model": "hpc.originserver",
    "pk": 4099
},
{
    "fields": {
        "updated": "2014-09-24T05:33:28.984Z",
        "contentProvider": 41,
        "origin_server_id": 578,
        "description": "test",
        "created": "2014-09-23T22:22:42.029Z",
        "deleted": false,
        "enabled": true,
        "redirects": true,
        "protocol": "HTTP",
        "url": "planetlab-1.fokus.fraunhofer.de:32780",
        "authenticated": false,
        "backend_status": "Provisioning in progress",
        "enacted": "2014-09-24T05:33:29.040Z"
    },
    "model": "hpc.originserver",
    "pk": 4100
},
{
    "fields": {
        "updated": "2014-09-24T05:33:29.225Z",
        "contentProvider": 41,
        "origin_server_id": 579,
        "description": "test",
        "created": "2014-09-23T22:22:43.118Z",
        "deleted": false,
        "enabled": true,
        "redirects": true,
        "protocol": "HTTP",
        "url": "planetlab-1.imag.fr:32780",
        "authenticated": false,
        "backend_status": "Provisioning in progress",
        "enacted": "2014-09-24T05:33:29.280Z"
    },
    "model": "hpc.originserver",
    "pk": 4101
},
{
    "fields": {
        "updated": "2014-09-24T05:33:29.450Z",
        "contentProvider": 41,
        "origin_server_id": 580,
        "description": "test",
        "created": "2014-09-23T22:22:43.866Z",
        "deleted": false,
        "enabled": true,
        "redirects": true,
        "protocol": "HTTP",
        "url": "planetlab-1.imperial.ac.uk:32780",
        "authenticated": false,
        "backend_status": "Provisioning in progress",
        "enacted": "2014-09-24T05:33:29.512Z"
    },
    "model": "hpc.originserver",
    "pk": 4102
},
{
    "fields": {
        "updated": "2014-09-24T05:33:29.675Z",
        "contentProvider": 41,
        "origin_server_id": 581,
        "description": "test",
        "created": "2014-09-23T22:22:44.602Z",
        "deleted": false,
        "enabled": true,
        "redirects": true,
        "protocol": "HTTP",
        "url": "planetlab-1.ing.unimo.it:32780",
        "authenticated": false,
        "backend_status": "Provisioning in progress",
        "enacted": "2014-09-24T05:33:29.735Z"
    },
    "model": "hpc.originserver",
    "pk": 4103
},
{
    "fields": {
        "updated": "2014-09-24T05:33:29.899Z",
        "contentProvider": 41,
        "origin_server_id": 582,
        "description": "test",
        "created": "2014-09-23T22:22:45.558Z",
        "deleted": false,
        "enabled": true,
        "redirects": true,
        "protocol": "HTTP",
        "url": "planetlab-1.iscte.pt:32780",
        "authenticated": false,
        "backend_status": "Provisioning in progress",
        "enacted": "2014-09-24T05:33:29.959Z"
    },
    "model": "hpc.originserver",
    "pk": 4104
},
{
    "fields": {
        "updated": "2014-09-24T05:33:30.124Z",
        "contentProvider": 41,
        "origin_server_id": 583,
        "description": "test",
        "created": "2014-09-23T22:22:46.305Z",
        "deleted": false,
        "enabled": true,
        "redirects": true,
        "protocol": "HTTP",
        "url": "planetlab-1.man.poznan.pl:32780",
        "authenticated": false,
        "backend_status": "Provisioning in progress",
        "enacted": "2014-09-24T05:33:30.183Z"
    },
    "model": "hpc.originserver",
    "pk": 4105
},
{
    "fields": {
        "updated": "2014-09-24T05:33:30.349Z",
        "contentProvider": 41,
        "origin_server_id": 584,
        "description": "test",
        "created": "2014-09-23T22:22:47.012Z",
        "deleted": false,
        "enabled": true,
        "redirects": true,
        "protocol": "HTTP",
        "url": "planetlab-1.research.netlab.hut.fi:32780",
        "authenticated": false,
        "backend_status": "Provisioning in progress",
        "enacted": "2014-09-24T05:33:30.414Z"
    },
    "model": "hpc.originserver",
    "pk": 4106
},
{
    "fields": {
        "updated": "2014-09-24T05:33:30.574Z",
        "contentProvider": 41,
        "origin_server_id": 585,
        "description": "test",
        "created": "2014-09-23T22:22:47.737Z",
        "deleted": false,
        "enabled": true,
        "redirects": true,
        "protocol": "HTTP",
        "url": "planetlab-1.ssvl.kth.se:32780",
        "authenticated": false,
        "backend_status": "Provisioning in progress",
        "enacted": "2014-09-24T05:33:30.638Z"
    },
    "model": "hpc.originserver",
    "pk": 4107
},
{
    "fields": {
        "updated": "2014-09-24T05:33:30.799Z",
        "contentProvider": 41,
        "origin_server_id": 586,
        "description": "test",
        "created": "2014-09-23T22:22:48.645Z",
        "deleted": false,
        "enabled": true,
        "redirects": true,
        "protocol": "HTTP",
        "url": "planetlab-1.sysu.edu.cn:32780",
        "authenticated": false,
        "backend_status": "Provisioning in progress",
        "enacted": "2014-09-24T05:33:30.870Z"
    },
    "model": "hpc.originserver",
    "pk": 4108
},
{
    "fields": {
        "updated": "2014-09-24T05:33:31.057Z",
        "contentProvider": 41,
        "origin_server_id": 587,
        "description": "test",
        "created": "2014-09-23T22:22:49.351Z",
        "deleted": false,
        "enabled": true,
        "redirects": true,
        "protocol": "HTTP",
        "url": "planetlab-1.tagus.ist.utl.pt:32780",
        "authenticated": false,
        "backend_status": "Provisioning in progress",
        "enacted": "2014-09-24T05:33:31.118Z"
    },
    "model": "hpc.originserver",
    "pk": 4109
},
{
    "fields": {
        "updated": "2014-09-24T05:33:31.307Z",
        "contentProvider": 41,
        "origin_server_id": 588,
        "description": "test",
        "created": "2014-09-23T22:22:50.021Z",
        "deleted": false,
        "enabled": true,
        "redirects": true,
        "protocol": "HTTP",
        "url": "planetlab-1.usask.ca:32780",
        "authenticated": false,
        "backend_status": "Provisioning in progress",
        "enacted": "2014-09-24T05:33:31.367Z"
    },
    "model": "hpc.originserver",
    "pk": 4110
},
{
    "fields": {
        "updated": "2014-09-24T05:33:31.540Z",
        "contentProvider": 41,
        "origin_server_id": 589,
        "description": "test",
        "created": "2014-09-23T22:22:50.745Z",
        "deleted": false,
        "enabled": true,
        "redirects": true,
        "protocol": "HTTP",
        "url": "planetlab-1.webedu.ccu.edu.tw:32780",
        "authenticated": false,
        "backend_status": "Provisioning in progress",
        "enacted": "2014-09-24T05:33:31.607Z"
    },
    "model": "hpc.originserver",
    "pk": 4111
},
{
    "fields": {
        "updated": "2014-09-24T05:33:31.790Z",
        "contentProvider": 41,
        "origin_server_id": 590,
        "description": "test",
        "created": "2014-09-23T22:22:51.459Z",
        "deleted": false,
        "enabled": true,
        "redirects": true,
        "protocol": "HTTP",
        "url": "planetlab-12.e5.ijs.si:32780",
        "authenticated": false,
        "backend_status": "Provisioning in progress",
        "enacted": "2014-09-24T05:33:31.872Z"
    },
    "model": "hpc.originserver",
    "pk": 4112
},
{
    "fields": {
        "updated": "2014-09-24T05:33:32.031Z",
        "contentProvider": 41,
        "origin_server_id": 591,
        "description": "test",
        "created": "2014-09-23T22:22:52.195Z",
        "deleted": false,
        "enabled": true,
        "redirects": true,
        "protocol": "HTTP",
        "url": "planetlab-13.e5.ijs.si:32780",
        "authenticated": false,
        "backend_status": "Provisioning in progress",
        "enacted": "2014-09-24T05:33:32.112Z"
    },
    "model": "hpc.originserver",
    "pk": 4113
},
{
    "fields": {
        "updated": "2014-09-24T05:33:32.289Z",
        "contentProvider": 41,
        "origin_server_id": 592,
        "description": "test",
        "created": "2014-09-23T22:22:52.943Z",
        "deleted": false,
        "enabled": true,
        "redirects": true,
        "protocol": "HTTP",
        "url": "planetlab-2.calpoly-netlab.net:32780",
        "authenticated": false,
        "backend_status": "Provisioning in progress",
        "enacted": "2014-09-24T05:33:32.377Z"
    },
    "model": "hpc.originserver",
    "pk": 4114
},
{
    "fields": {
        "updated": "2014-09-24T05:33:32.531Z",
        "contentProvider": 41,
        "origin_server_id": 593,
        "description": "test",
        "created": "2014-09-23T22:22:53.796Z",
        "deleted": false,
        "enabled": true,
        "redirects": true,
        "protocol": "HTTP",
        "url": "planetlab-2.cmcl.cs.cmu.edu:32780",
        "authenticated": false,
        "backend_status": "Provisioning in progress",
        "enacted": "2014-09-24T05:33:32.608Z"
    },
    "model": "hpc.originserver",
    "pk": 4115
},
{
    "fields": {
        "updated": "2014-09-24T05:33:32.764Z",
        "contentProvider": 41,
        "origin_server_id": 594,
        "description": "test",
        "created": "2014-09-23T22:22:54.557Z",
        "deleted": false,
        "enabled": true,
        "redirects": true,
        "protocol": "HTTP",
        "url": "planetlab-2.cs.auckland.ac.nz:32780",
        "authenticated": false,
        "backend_status": "Provisioning in progress",
        "enacted": "2014-09-24T05:33:32.849Z"
    },
    "model": "hpc.originserver",
    "pk": 4116
},
{
    "fields": {
        "updated": "2014-09-24T05:33:33.005Z",
        "contentProvider": 41,
        "origin_server_id": 595,
        "description": "test",
        "created": "2014-09-23T22:22:55.274Z",
        "deleted": false,
        "enabled": true,
        "redirects": true,
        "protocol": "HTTP",
        "url": "planetlab-2.cs.colostate.edu:32780",
        "authenticated": false,
        "backend_status": "Provisioning in progress",
        "enacted": "2014-09-24T05:33:33.080Z"
    },
    "model": "hpc.originserver",
    "pk": 4117
},
{
    "fields": {
        "updated": "2014-09-24T05:33:33.247Z",
        "contentProvider": 41,
        "origin_server_id": 596,
        "description": "test",
        "created": "2014-09-23T22:22:56.112Z",
        "deleted": false,
        "enabled": true,
        "redirects": true,
        "protocol": "HTTP",
        "url": "planetlab-2.cs.uh.edu:32780",
        "authenticated": false,
        "backend_status": "Provisioning in progress",
        "enacted": "2014-09-24T05:33:33.304Z"
    },
    "model": "hpc.originserver",
    "pk": 4118
},
{
    "fields": {
        "updated": "2014-09-24T05:33:33.463Z",
        "contentProvider": 41,
        "origin_server_id": 597,
        "description": "test",
        "created": "2014-09-23T22:22:56.891Z",
        "deleted": false,
        "enabled": true,
        "redirects": true,
        "protocol": "HTTP",
        "url": "planetlab-2.cs.uic.edu:32780",
        "authenticated": false,
        "backend_status": "Provisioning in progress",
        "enacted": "2014-09-24T05:33:33.519Z"
    },
    "model": "hpc.originserver",
    "pk": 4119
},
{
    "fields": {
        "updated": "2014-09-24T05:33:33.680Z",
        "contentProvider": 41,
        "origin_server_id": 598,
        "description": "test",
        "created": "2014-09-23T22:22:57.633Z",
        "deleted": false,
        "enabled": true,
        "redirects": true,
        "protocol": "HTTP",
        "url": "planetlab-2.cs.unibas.ch:32780",
        "authenticated": false,
        "backend_status": "Provisioning in progress",
        "enacted": "2014-09-24T05:33:33.743Z"
    },
    "model": "hpc.originserver",
    "pk": 4120
},
{
    "fields": {
        "updated": "2014-09-24T05:33:33.904Z",
        "contentProvider": 41,
        "origin_server_id": 599,
        "description": "test",
        "created": "2014-09-23T22:22:58.341Z",
        "deleted": false,
        "enabled": true,
        "redirects": true,
        "protocol": "HTTP",
        "url": "planetlab-2.cse.ohio-state.edu:32780",
        "authenticated": false,
        "backend_status": "Provisioning in progress",
        "enacted": "2014-09-24T05:33:33.958Z"
    },
    "model": "hpc.originserver",
    "pk": 4121
},
{
    "fields": {
        "updated": "2014-09-24T05:33:34.138Z",
        "contentProvider": 41,
        "origin_server_id": 600,
        "description": "test",
        "created": "2014-09-23T22:22:59.925Z",
        "deleted": false,
        "enabled": true,
        "redirects": true,
        "protocol": "HTTP",
        "url": "planetlab-2.di.fc.ul.pt:32780",
        "authenticated": false,
        "backend_status": "Provisioning in progress",
        "enacted": "2014-09-24T05:33:34.198Z"
    },
    "model": "hpc.originserver",
    "pk": 4122
},
{
    "fields": {
        "updated": "2014-09-24T05:33:34.354Z",
        "contentProvider": 41,
        "origin_server_id": 601,
        "description": "test",
        "created": "2014-09-23T22:23:00.678Z",
        "deleted": false,
        "enabled": true,
        "redirects": true,
        "protocol": "HTTP",
        "url": "planetlab-2.elisa.cpsc.ucalgary.ca:32780",
        "authenticated": false,
        "backend_status": "Provisioning in progress",
        "enacted": "2014-09-24T05:33:34.413Z"
    },
    "model": "hpc.originserver",
    "pk": 4123
},
{
    "fields": {
        "updated": "2014-09-24T05:33:34.571Z",
        "contentProvider": 41,
        "origin_server_id": 602,
        "description": "test",
        "created": "2014-09-23T22:23:01.399Z",
        "deleted": false,
        "enabled": true,
        "redirects": true,
        "protocol": "HTTP",
        "url": "planetlab-2.fokus.fraunhofer.de:32780",
        "authenticated": false,
        "backend_status": "Provisioning in progress",
        "enacted": "2014-09-24T05:33:34.629Z"
    },
    "model": "hpc.originserver",
    "pk": 4124
},
{
    "fields": {
        "updated": "2014-09-24T05:33:34.795Z",
        "contentProvider": 41,
        "origin_server_id": 603,
        "description": "test",
        "created": "2014-09-23T22:23:02.129Z",
        "deleted": false,
        "enabled": true,
        "redirects": true,
        "protocol": "HTTP",
        "url": "planetlab-2.ida.liu.se:32780",
        "authenticated": false,
        "backend_status": "Provisioning in progress",
        "enacted": "2014-09-24T05:33:34.852Z"
    },
    "model": "hpc.originserver",
    "pk": 4125
},
{
    "fields": {
        "updated": "2014-09-24T05:33:35.012Z",
        "contentProvider": 41,
        "origin_server_id": 604,
        "description": "test",
        "created": "2014-09-23T22:23:02.810Z",
        "deleted": false,
        "enabled": true,
        "redirects": true,
        "protocol": "HTTP",
        "url": "planetlab-2.imag.fr:32780",
        "authenticated": false,
        "backend_status": "Provisioning in progress",
        "enacted": "2014-09-24T05:33:35.067Z"
    },
    "model": "hpc.originserver",
    "pk": 4126
},
{
    "fields": {
        "updated": "2014-09-24T05:33:35.437Z",
        "contentProvider": 41,
        "origin_server_id": 605,
        "description": "test",
        "created": "2014-09-23T22:23:03.552Z",
        "deleted": false,
        "enabled": true,
        "redirects": true,
        "protocol": "HTTP",
        "url": "planetlab-2.imperial.ac.uk:32780",
        "authenticated": false,
        "backend_status": "Provisioning in progress",
        "enacted": "2014-09-24T05:33:35.490Z"
    },
    "model": "hpc.originserver",
    "pk": 4127
},
{
    "fields": {
        "updated": "2014-09-24T05:33:36.519Z",
        "contentProvider": 41,
        "origin_server_id": 606,
        "description": "test",
        "created": "2014-09-23T22:23:05.258Z",
        "deleted": false,
        "enabled": true,
        "redirects": true,
        "protocol": "HTTP",
        "url": "planetlab-2.ing.unimo.it:32780",
        "authenticated": false,
        "backend_status": "Provisioning in progress",
        "enacted": "2014-09-24T05:33:36.583Z"
    },
    "model": "hpc.originserver",
    "pk": 4128
},
{
    "fields": {
        "updated": "2014-09-24T05:33:36.788Z",
        "contentProvider": 41,
        "origin_server_id": 607,
        "description": "test",
        "created": "2014-09-23T22:23:05.981Z",
        "deleted": false,
        "enabled": true,
        "redirects": true,
        "protocol": "HTTP",
        "url": "planetlab-2.iscte.pt:32780",
        "authenticated": false,
        "backend_status": "Provisioning in progress",
        "enacted": "2014-09-24T05:33:36.848Z"
    },
    "model": "hpc.originserver",
    "pk": 4129
},
{
    "fields": {
        "updated": "2014-09-24T05:33:37.019Z",
        "contentProvider": 41,
        "origin_server_id": 608,
        "description": "test",
        "created": "2014-09-23T22:23:06.671Z",
        "deleted": false,
        "enabled": true,
        "redirects": true,
        "protocol": "HTTP",
        "url": "planetlab-2.man.poznan.pl:32780",
        "authenticated": false,
        "backend_status": "Provisioning in progress",
        "enacted": "2014-09-24T05:33:37.071Z"
    },
    "model": "hpc.originserver",
    "pk": 4130
},
{
    "fields": {
        "updated": "2014-09-24T05:33:37.252Z",
        "contentProvider": 41,
        "origin_server_id": 609,
        "description": "test",
        "created": "2014-09-23T22:23:07.415Z",
        "deleted": false,
        "enabled": true,
        "redirects": true,
        "protocol": "HTTP",
        "url": "planetlab-2.research.netlab.hut.fi:32780",
        "authenticated": false,
        "backend_status": "Provisioning in progress",
        "enacted": "2014-09-24T05:33:37.311Z"
    },
    "model": "hpc.originserver",
    "pk": 4131
},
{
    "fields": {
        "updated": "2014-09-24T05:33:37.477Z",
        "contentProvider": 41,
        "origin_server_id": 610,
        "description": "test",
        "created": "2014-09-23T22:23:08.147Z",
        "deleted": false,
        "enabled": true,
        "redirects": true,
        "protocol": "HTTP",
        "url": "planetlab-2.sjtu.edu.cn:32780",
        "authenticated": false,
        "backend_status": "Provisioning in progress",
        "enacted": "2014-09-24T05:33:37.568Z"
    },
    "model": "hpc.originserver",
    "pk": 4132
},
{
    "fields": {
        "updated": "2014-09-24T05:33:37.760Z",
        "contentProvider": 41,
        "origin_server_id": 611,
        "description": "test",
        "created": "2014-09-23T22:23:10.553Z",
        "deleted": false,
        "enabled": true,
        "redirects": true,
        "protocol": "HTTP",
        "url": "planetlab-2.ssvl.kth.se:32780",
        "authenticated": false,
        "backend_status": "Provisioning in progress",
        "enacted": "2014-09-24T05:33:37.816Z"
    },
    "model": "hpc.originserver",
    "pk": 4133
},
{
    "fields": {
        "updated": "2014-09-24T05:33:37.985Z",
        "contentProvider": 41,
        "origin_server_id": 612,
        "description": "test",
        "created": "2014-09-23T22:23:11.294Z",
        "deleted": false,
        "enabled": true,
        "redirects": true,
        "protocol": "HTTP",
        "url": "planetlab-2.sysu.edu.cn:32780",
        "authenticated": false,
        "backend_status": "Provisioning in progress",
        "enacted": "2014-09-24T05:33:38.048Z"
    },
    "model": "hpc.originserver",
    "pk": 4134
},
{
    "fields": {
        "updated": "2014-09-24T05:33:38.209Z",
        "contentProvider": 41,
        "origin_server_id": 613,
        "description": "test",
        "created": "2014-09-23T22:23:12.044Z",
        "deleted": false,
        "enabled": true,
        "redirects": true,
        "protocol": "HTTP",
        "url": "planetlab-2.tagus.ist.utl.pt:32780",
        "authenticated": false,
        "backend_status": "Provisioning in progress",
        "enacted": "2014-09-24T05:33:38.272Z"
    },
    "model": "hpc.originserver",
    "pk": 4135
},
{
    "fields": {
        "updated": "2014-09-24T05:33:38.426Z",
        "contentProvider": 41,
        "origin_server_id": 614,
        "description": "test",
        "created": "2014-09-23T22:23:12.769Z",
        "deleted": false,
        "enabled": true,
        "redirects": true,
        "protocol": "HTTP",
        "url": "planetlab-2.usask.ca:32780",
        "authenticated": false,
        "backend_status": "Provisioning in progress",
        "enacted": "2014-09-24T05:33:38.487Z"
    },
    "model": "hpc.originserver",
    "pk": 4136
},
{
    "fields": {
        "updated": "2014-09-24T05:33:38.651Z",
        "contentProvider": 41,
        "origin_server_id": 615,
        "description": "test",
        "created": "2014-09-23T22:23:13.524Z",
        "deleted": false,
        "enabled": true,
        "redirects": true,
        "protocol": "HTTP",
        "url": "planetlab-2.webedu.ccu.edu.tw:32780",
        "authenticated": false,
        "backend_status": "Provisioning in progress",
        "enacted": "2014-09-24T05:33:38.710Z"
    },
    "model": "hpc.originserver",
    "pk": 4137
},
{
    "fields": {
        "updated": "2014-09-24T05:33:38.884Z",
        "contentProvider": 41,
        "origin_server_id": 616,
        "description": "test",
        "created": "2014-09-23T22:23:14.279Z",
        "deleted": false,
        "enabled": true,
        "redirects": true,
        "protocol": "HTTP",
        "url": "planetlab-3.cs.ucy.ac.cy:32780",
        "authenticated": false,
        "backend_status": "Provisioning in progress",
        "enacted": "2014-09-24T05:33:38.950Z"
    },
    "model": "hpc.originserver",
    "pk": 4138
},
{
    "fields": {
        "updated": "2014-09-24T05:33:39.159Z",
        "contentProvider": 41,
        "origin_server_id": 617,
        "description": "test",
        "created": "2014-09-23T22:23:15.032Z",
        "deleted": false,
        "enabled": true,
        "redirects": true,
        "protocol": "HTTP",
        "url": "planetlab-3.dis.uniroma1.it:32780",
        "authenticated": false,
        "backend_status": "Provisioning in progress",
        "enacted": "2014-09-24T05:33:39.215Z"
    },
    "model": "hpc.originserver",
    "pk": 4139
},
{
    "fields": {
        "updated": "2014-09-24T05:33:39.450Z",
        "contentProvider": 41,
        "origin_server_id": 618,
        "description": "test",
        "created": "2014-09-23T22:23:15.881Z",
        "deleted": false,
        "enabled": true,
        "redirects": true,
        "protocol": "HTTP",
        "url": "planetlab-3.imperial.ac.uk:32780",
        "authenticated": false,
        "backend_status": "Provisioning in progress",
        "enacted": "2014-09-24T05:33:39.538Z"
    },
    "model": "hpc.originserver",
    "pk": 4140
},
{
    "fields": {
        "updated": "2014-09-24T05:33:39.708Z",
        "contentProvider": 41,
        "origin_server_id": 619,
        "description": "test",
        "created": "2014-09-23T22:23:16.661Z",
        "deleted": false,
        "enabled": true,
        "redirects": true,
        "protocol": "HTTP",
        "url": "planetlab-3.iscte.pt:32780",
        "authenticated": false,
        "backend_status": "Provisioning in progress",
        "enacted": "2014-09-24T05:33:39.770Z"
    },
    "model": "hpc.originserver",
    "pk": 4141
},
{
    "fields": {
        "updated": "2014-09-24T05:33:39.941Z",
        "contentProvider": 41,
        "origin_server_id": 620,
        "description": "test",
        "created": "2014-09-23T22:23:17.394Z",
        "deleted": false,
        "enabled": true,
        "redirects": true,
        "protocol": "HTTP",
        "url": "planetlab-4.cs.ucy.ac.cy:32780",
        "authenticated": false,
        "backend_status": "Provisioning in progress",
        "enacted": "2014-09-24T05:33:39.994Z"
    },
    "model": "hpc.originserver",
    "pk": 4142
},
{
    "fields": {
        "updated": "2014-09-24T05:33:40.149Z",
        "contentProvider": 41,
        "origin_server_id": 621,
        "description": "test",
        "created": "2014-09-23T22:23:18.114Z",
        "deleted": false,
        "enabled": true,
        "redirects": true,
        "protocol": "HTTP",
        "url": "planetlab-4.dis.uniroma1.it:32780",
        "authenticated": false,
        "backend_status": "Provisioning in progress",
        "enacted": "2014-09-24T05:33:40.209Z"
    },
    "model": "hpc.originserver",
    "pk": 4143
},
{
    "fields": {
        "updated": "2014-09-24T05:33:40.366Z",
        "contentProvider": 41,
        "origin_server_id": 622,
        "description": "test",
        "created": "2014-09-23T22:23:18.864Z",
        "deleted": false,
        "enabled": true,
        "redirects": true,
        "protocol": "HTTP",
        "url": "planetlab-4.eecs.cwru.edu:32780",
        "authenticated": false,
        "backend_status": "Provisioning in progress",
        "enacted": "2014-09-24T05:33:40.416Z"
    },
    "model": "hpc.originserver",
    "pk": 4144
},
{
    "fields": {
        "updated": "2014-09-24T05:33:40.582Z",
        "contentProvider": 41,
        "origin_server_id": 623,
        "description": "test",
        "created": "2014-09-23T22:23:19.567Z",
        "deleted": false,
        "enabled": true,
        "redirects": true,
        "protocol": "HTTP",
        "url": "planetlab-4.imperial.ac.uk:32780",
        "authenticated": false,
        "backend_status": "Provisioning in progress",
        "enacted": "2014-09-24T05:33:40.640Z"
    },
    "model": "hpc.originserver",
    "pk": 4145
},
{
    "fields": {
        "updated": "2014-09-24T05:33:40.815Z",
        "contentProvider": 41,
        "origin_server_id": 624,
        "description": "test",
        "created": "2014-09-23T22:23:20.453Z",
        "deleted": false,
        "enabled": true,
        "redirects": true,
        "protocol": "HTTP",
        "url": "planetlab-4.iscte.pt:32780",
        "authenticated": false,
        "backend_status": "Provisioning in progress",
        "enacted": "2014-09-24T05:33:40.880Z"
    },
    "model": "hpc.originserver",
    "pk": 4146
},
{
    "fields": {
        "updated": "2014-09-24T05:33:41.049Z",
        "contentProvider": 41,
        "origin_server_id": 625,
        "description": "test",
        "created": "2014-09-23T22:23:21.217Z",
        "deleted": false,
        "enabled": true,
        "redirects": true,
        "protocol": "HTTP",
        "url": "planetlab-5.ece.iastate.edu:32780",
        "authenticated": false,
        "backend_status": "Provisioning in progress",
        "enacted": "2014-09-24T05:33:41.103Z"
    },
    "model": "hpc.originserver",
    "pk": 4147
},
{
    "fields": {
        "updated": "2014-09-24T05:33:41.257Z",
        "contentProvider": 41,
        "origin_server_id": 626,
        "description": "test",
        "created": "2014-09-23T22:23:22.001Z",
        "deleted": false,
        "enabled": true,
        "redirects": true,
        "protocol": "HTTP",
        "url": "planetlab-5.eecs.cwru.edu:32780",
        "authenticated": false,
        "backend_status": "Provisioning in progress",
        "enacted": "2014-09-24T05:33:41.310Z"
    },
    "model": "hpc.originserver",
    "pk": 4148
},
{
    "fields": {
        "updated": "2014-09-24T05:33:41.473Z",
        "contentProvider": 41,
        "origin_server_id": 627,
        "description": "test",
        "created": "2014-09-23T22:23:22.741Z",
        "deleted": false,
        "enabled": true,
        "redirects": true,
        "protocol": "HTTP",
        "url": "planetlab-n1.wand.net.nz:32780",
        "authenticated": false,
        "backend_status": "Provisioning in progress",
        "enacted": "2014-09-24T05:33:41.525Z"
    },
    "model": "hpc.originserver",
    "pk": 4149
},
{
    "fields": {
        "updated": "2014-09-24T05:33:41.706Z",
        "contentProvider": 41,
        "origin_server_id": 628,
        "description": "test",
        "created": "2014-09-23T22:23:23.463Z",
        "deleted": false,
        "enabled": true,
        "redirects": true,
        "protocol": "HTTP",
        "url": "planetlab-n2.wand.net.nz:32780",
        "authenticated": false,
        "backend_status": "Provisioning in progress",
        "enacted": "2014-09-24T05:33:41.765Z"
    },
    "model": "hpc.originserver",
    "pk": 4150
},
{
    "fields": {
        "updated": "2014-09-24T05:33:41.948Z",
        "contentProvider": 41,
        "origin_server_id": 629,
        "description": "test",
        "created": "2014-09-23T22:23:24.260Z",
        "deleted": false,
        "enabled": true,
        "redirects": true,
        "protocol": "HTTP",
        "url": "planetlab-node-01.ucd.ie:32780",
        "authenticated": false,
        "backend_status": "Provisioning in progress",
        "enacted": "2014-09-24T05:33:42.014Z"
    },
    "model": "hpc.originserver",
    "pk": 4151
},
{
    "fields": {
        "updated": "2014-09-24T05:33:42.181Z",
        "contentProvider": 41,
        "origin_server_id": 630,
        "description": "test",
        "created": "2014-09-23T22:23:25.036Z",
        "deleted": false,
        "enabled": true,
        "redirects": true,
        "protocol": "HTTP",
        "url": "planetlab-node-02.ucd.ie:32780",
        "authenticated": false,
        "backend_status": "Provisioning in progress",
        "enacted": "2014-09-24T05:33:42.246Z"
    },
    "model": "hpc.originserver",
    "pk": 4152
},
{
    "fields": {
        "updated": "2014-09-24T05:33:42.414Z",
        "contentProvider": 41,
        "origin_server_id": 631,
        "description": "test",
        "created": "2014-09-23T22:23:25.769Z",
        "deleted": false,
        "enabled": true,
        "redirects": true,
        "protocol": "HTTP",
        "url": "planetlab-node1.it-sudparis.eu:32780",
        "authenticated": false,
        "backend_status": "Provisioning in progress",
        "enacted": "2014-09-24T05:33:42.478Z"
    },
    "model": "hpc.originserver",
    "pk": 4153
},
{
    "fields": {
        "updated": "2014-09-24T05:33:42.656Z",
        "contentProvider": 41,
        "origin_server_id": 632,
        "description": "test",
        "created": "2014-09-23T22:23:26.712Z",
        "deleted": false,
        "enabled": true,
        "redirects": true,
        "protocol": "HTTP",
        "url": "planetlab-node3.it-sudparis.eu:32780",
        "authenticated": false,
        "backend_status": "Provisioning in progress",
        "enacted": "2014-09-24T05:33:42.718Z"
    },
    "model": "hpc.originserver",
    "pk": 4154
},
{
    "fields": {
        "updated": "2014-09-24T05:33:42.889Z",
        "contentProvider": 41,
        "origin_server_id": 633,
        "description": "test",
        "created": "2014-09-23T22:23:27.412Z",
        "deleted": false,
        "enabled": true,
        "redirects": true,
        "protocol": "HTTP",
        "url": "planetlab-um00.di.uminho.pt:32780",
        "authenticated": false,
        "backend_status": "Provisioning in progress",
        "enacted": "2014-09-24T05:33:42.949Z"
    },
    "model": "hpc.originserver",
    "pk": 4155
},
{
    "fields": {
        "updated": "2014-09-24T05:33:43.122Z",
        "contentProvider": 41,
        "origin_server_id": 634,
        "description": "test",
        "created": "2014-09-23T22:23:28.288Z",
        "deleted": false,
        "enabled": true,
        "redirects": true,
        "protocol": "HTTP",
        "url": "planetlab-um10.di.uminho.pt:32780",
        "authenticated": false,
        "backend_status": "Provisioning in progress",
        "enacted": "2014-09-24T05:33:43.173Z"
    },
    "model": "hpc.originserver",
    "pk": 4156
},
{
    "fields": {
        "updated": "2014-09-24T05:33:43.347Z",
        "contentProvider": 41,
        "origin_server_id": 635,
        "description": "test",
        "created": "2014-09-23T22:23:29.028Z",
        "deleted": false,
        "enabled": true,
        "redirects": true,
        "protocol": "HTTP",
        "url": "planetlab01.alucloud.com:32780",
        "authenticated": false,
        "backend_status": "Provisioning in progress",
        "enacted": "2014-09-24T05:33:43.405Z"
    },
    "model": "hpc.originserver",
    "pk": 4157
},
{
    "fields": {
        "updated": "2014-09-24T05:33:43.572Z",
        "contentProvider": 41,
        "origin_server_id": 636,
        "description": "test",
        "created": "2014-09-23T22:23:29.753Z",
        "deleted": false,
        "enabled": true,
        "redirects": true,
        "protocol": "HTTP",
        "url": "planetlab01.cs.tcd.ie:32780",
        "authenticated": false,
        "backend_status": "Provisioning in progress",
        "enacted": "2014-09-24T05:33:43.628Z"
    },
    "model": "hpc.originserver",
    "pk": 4158
},
{
    "fields": {
        "updated": "2014-09-24T05:33:43.796Z",
        "contentProvider": 41,
        "origin_server_id": 637,
        "description": "test",
        "created": "2014-09-23T22:23:30.669Z",
        "deleted": false,
        "enabled": true,
        "redirects": true,
        "protocol": "HTTP",
        "url": "planetlab01.cs.washington.edu:32780",
        "authenticated": false,
        "backend_status": "Provisioning in progress",
        "enacted": "2014-09-24T05:33:43.860Z"
    },
    "model": "hpc.originserver",
    "pk": 4159
},
{
    "fields": {
        "updated": "2014-09-24T05:33:44.030Z",
        "contentProvider": 41,
        "origin_server_id": 638,
        "description": "test",
        "created": "2014-09-23T22:23:31.396Z",
        "deleted": false,
        "enabled": true,
        "redirects": true,
        "protocol": "HTTP",
        "url": "planetlab01.dis.unina.it:32780",
        "authenticated": false,
        "backend_status": "Provisioning in progress",
        "enacted": "2014-09-24T05:33:44.092Z"
    },
    "model": "hpc.originserver",
    "pk": 4160
},
{
    "fields": {
        "updated": "2014-09-24T05:33:44.263Z",
        "contentProvider": 41,
        "origin_server_id": 639,
        "description": "test",
        "created": "2014-09-23T22:23:32.152Z",
        "deleted": false,
        "enabled": true,
        "redirects": true,
        "protocol": "HTTP",
        "url": "planetlab01.ethz.ch:32780",
        "authenticated": false,
        "backend_status": "Provisioning in progress",
        "enacted": "2014-09-24T05:33:44.316Z"
    },
    "model": "hpc.originserver",
    "pk": 4161
},
{
    "fields": {
        "updated": "2014-09-24T05:33:44.504Z",
        "contentProvider": 41,
        "origin_server_id": 640,
        "description": "test",
        "created": "2014-09-23T22:23:32.888Z",
        "deleted": false,
        "enabled": true,
        "redirects": true,
        "protocol": "HTTP",
        "url": "planetlab01.mpi-sws.mpg.de:32780",
        "authenticated": false,
        "backend_status": "Provisioning in progress",
        "enacted": "2014-09-24T05:33:44.564Z"
    },
    "model": "hpc.originserver",
    "pk": 4162
},
{
    "fields": {
        "updated": "2014-09-24T05:33:44.729Z",
        "contentProvider": 41,
        "origin_server_id": 641,
        "description": "test",
        "created": "2014-09-23T22:23:33.599Z",
        "deleted": false,
        "enabled": true,
        "redirects": true,
        "protocol": "HTTP",
        "url": "planetlab01.sys.virginia.edu:32780",
        "authenticated": false,
        "backend_status": "Provisioning in progress",
        "enacted": "2014-09-24T05:33:44.787Z"
    },
    "model": "hpc.originserver",
    "pk": 4163
},
{
    "fields": {
        "updated": "2014-09-24T05:33:44.962Z",
        "contentProvider": 41,
        "origin_server_id": 642,
        "description": "test",
        "created": "2014-09-23T22:23:34.315Z",
        "deleted": false,
        "enabled": true,
        "redirects": true,
        "protocol": "HTTP",
        "url": "planetlab01.tkn.tu-berlin.de:32780",
        "authenticated": false,
        "backend_status": "Provisioning in progress",
        "enacted": "2014-09-24T05:33:45.028Z"
    },
    "model": "hpc.originserver",
    "pk": 4164
},
{
    "fields": {
        "updated": "2014-09-24T05:33:45.220Z",
        "contentProvider": 41,
        "origin_server_id": 643,
        "description": "test",
        "created": "2014-09-23T22:23:40.186Z",
        "deleted": false,
        "enabled": true,
        "redirects": true,
        "protocol": "HTTP",
        "url": "planetlab01.uncc.edu:32780",
        "authenticated": false,
        "backend_status": "Provisioning in progress",
        "enacted": "2014-09-24T05:33:45.284Z"
    },
    "model": "hpc.originserver",
    "pk": 4165
},
{
    "fields": {
        "updated": "2014-09-24T05:33:45.453Z",
        "contentProvider": 41,
        "origin_server_id": 644,
        "description": "test",
        "created": "2014-09-23T22:23:41.128Z",
        "deleted": false,
        "enabled": true,
        "redirects": true,
        "protocol": "HTTP",
        "url": "planetlab02.alucloud.com:32780",
        "authenticated": false,
        "backend_status": "Provisioning in progress",
        "enacted": "2014-09-24T05:33:45.516Z"
    },
    "model": "hpc.originserver",
    "pk": 4166
},
{
    "fields": {
        "updated": "2014-09-24T05:33:45.686Z",
        "contentProvider": 41,
        "origin_server_id": 645,
        "description": "test",
        "created": "2014-09-23T22:23:54.040Z",
        "deleted": false,
        "enabled": true,
        "redirects": true,
        "protocol": "HTTP",
        "url": "planetlab02.cs.tcd.ie:32780",
        "authenticated": false,
        "backend_status": "Provisioning in progress",
        "enacted": "2014-09-24T05:33:45.748Z"
    },
    "model": "hpc.originserver",
    "pk": 4167
},
{
    "fields": {
        "updated": "2014-09-24T05:33:45.945Z",
        "contentProvider": 41,
        "origin_server_id": 646,
        "description": "test",
        "created": "2014-09-23T22:23:55.848Z",
        "deleted": false,
        "enabled": true,
        "redirects": true,
        "protocol": "HTTP",
        "url": "planetlab02.cs.washington.edu:32780",
        "authenticated": false,
        "backend_status": "Provisioning in progress",
        "enacted": "2014-09-24T05:33:45.996Z"
    },
    "model": "hpc.originserver",
    "pk": 4168
},
{
    "fields": {
        "updated": "2014-09-24T05:33:46.170Z",
        "contentProvider": 41,
        "origin_server_id": 647,
        "description": "test",
        "created": "2014-09-23T22:23:59.823Z",
        "deleted": false,
        "enabled": true,
        "redirects": true,
        "protocol": "HTTP",
        "url": "planetlab02.dis.unina.it:32780",
        "authenticated": false,
        "backend_status": "Provisioning in progress",
        "enacted": "2014-09-24T05:33:46.228Z"
    },
    "model": "hpc.originserver",
    "pk": 4169
},
{
    "fields": {
        "updated": "2014-09-24T05:33:46.403Z",
        "contentProvider": 41,
        "origin_server_id": 648,
        "description": "test",
        "created": "2014-09-23T22:24:00.640Z",
        "deleted": false,
        "enabled": true,
        "redirects": true,
        "protocol": "HTTP",
        "url": "planetlab02.ethz.ch:32780",
        "authenticated": false,
        "backend_status": "Provisioning in progress",
        "enacted": "2014-09-24T05:33:46.468Z"
    },
    "model": "hpc.originserver",
    "pk": 4170
},
{
    "fields": {
        "updated": "2014-09-24T05:33:46.636Z",
        "contentProvider": 41,
        "origin_server_id": 649,
        "description": "test",
        "created": "2014-09-23T22:24:04.759Z",
        "deleted": false,
        "enabled": true,
        "redirects": true,
        "protocol": "HTTP",
        "url": "planetlab02.mpi-sws.mpg.de:32780",
        "authenticated": false,
        "backend_status": "Provisioning in progress",
        "enacted": "2014-09-24T05:33:46.692Z"
    },
    "model": "hpc.originserver",
    "pk": 4171
},
{
    "fields": {
        "updated": "2014-09-24T05:33:46.861Z",
        "contentProvider": 41,
        "origin_server_id": 650,
        "description": "test",
        "created": "2014-09-23T22:24:05.521Z",
        "deleted": false,
        "enabled": true,
        "redirects": true,
        "protocol": "HTTP",
        "url": "planetlab02.sys.virginia.edu:32780",
        "authenticated": false,
        "backend_status": "Provisioning in progress",
        "enacted": "2014-09-24T05:33:46.924Z"
    },
    "model": "hpc.originserver",
    "pk": 4172
},
{
    "fields": {
        "updated": "2014-09-24T05:33:47.111Z",
        "contentProvider": 41,
        "origin_server_id": 651,
        "description": "test",
        "created": "2014-09-23T22:24:06.505Z",
        "deleted": false,
        "enabled": true,
        "redirects": true,
        "protocol": "HTTP",
        "url": "planetlab02.tkn.tu-berlin.de:32780",
        "authenticated": false,
        "backend_status": "Provisioning in progress",
        "enacted": "2014-09-24T05:33:47.164Z"
    },
    "model": "hpc.originserver",
    "pk": 4173
},
{
    "fields": {
        "updated": "2014-09-24T05:33:47.335Z",
        "contentProvider": 41,
        "origin_server_id": 652,
        "description": "test",
        "created": "2014-09-23T22:24:13.295Z",
        "deleted": false,
        "enabled": true,
        "redirects": true,
        "protocol": "HTTP",
        "url": "planetlab03.cs.washington.edu:32780",
        "authenticated": false,
        "backend_status": "Provisioning in progress",
        "enacted": "2014-09-24T05:33:47.395Z"
    },
    "model": "hpc.originserver",
    "pk": 4174
},
{
    "fields": {
        "updated": "2014-09-24T05:33:47.577Z",
        "contentProvider": 41,
        "origin_server_id": 653,
        "description": "test",
        "created": "2014-09-23T22:24:14.107Z",
        "deleted": false,
        "enabled": true,
        "redirects": true,
        "protocol": "HTTP",
        "url": "planetlab03.mpi-sws.mpg.de:32780",
        "authenticated": false,
        "backend_status": "Provisioning in progress",
        "enacted": "2014-09-24T05:33:47.644Z"
    },
    "model": "hpc.originserver",
    "pk": 4175
},
{
    "fields": {
        "updated": "2014-09-24T05:33:47.818Z",
        "contentProvider": 41,
        "origin_server_id": 654,
        "description": "test",
        "created": "2014-09-23T22:24:18.803Z",
        "deleted": false,
        "enabled": true,
        "redirects": true,
        "protocol": "HTTP",
        "url": "planetlab04.cnds.unibe.ch:32780",
        "authenticated": false,
        "backend_status": "Provisioning in progress",
        "enacted": "2014-09-24T05:33:47.876Z"
    },
    "model": "hpc.originserver",
    "pk": 4176
},
{
    "fields": {
        "updated": "2014-09-24T05:33:48.043Z",
        "contentProvider": 41,
        "origin_server_id": 655,
        "description": "test",
        "created": "2014-09-23T22:24:19.704Z",
        "deleted": false,
        "enabled": true,
        "redirects": true,
        "protocol": "HTTP",
        "url": "planetlab04.cs.washington.edu:32780",
        "authenticated": false,
        "backend_status": "Provisioning in progress",
        "enacted": "2014-09-24T05:33:48.108Z"
    },
    "model": "hpc.originserver",
    "pk": 4177
},
{
    "fields": {
        "updated": "2014-09-24T05:33:48.284Z",
        "contentProvider": 41,
        "origin_server_id": 656,
        "description": "test",
        "created": "2014-09-23T22:24:20.447Z",
        "deleted": false,
        "enabled": true,
        "redirects": true,
        "protocol": "HTTP",
        "url": "planetlab04.mpi-sws.mpg.de:32780",
        "authenticated": false,
        "backend_status": "Provisioning in progress",
        "enacted": "2014-09-24T05:33:48.340Z"
    },
    "model": "hpc.originserver",
    "pk": 4178
},
{
    "fields": {
        "updated": "2014-09-24T05:33:48.510Z",
        "contentProvider": 41,
        "origin_server_id": 657,
        "description": "test",
        "created": "2014-09-23T22:24:21.340Z",
        "deleted": false,
        "enabled": true,
        "redirects": true,
        "protocol": "HTTP",
        "url": "planetlab05.cs.washington.edu:32780",
        "authenticated": false,
        "backend_status": "Provisioning in progress",
        "enacted": "2014-09-24T05:33:48.571Z"
    },
    "model": "hpc.originserver",
    "pk": 4179
},
{
    "fields": {
        "updated": "2014-09-24T05:33:48.734Z",
        "contentProvider": 41,
        "origin_server_id": 658,
        "description": "test",
        "created": "2014-09-23T22:24:22.219Z",
        "deleted": false,
        "enabled": true,
        "redirects": true,
        "protocol": "HTTP",
        "url": "planetlab05.mpi-sws.mpg.de:32780",
        "authenticated": false,
        "backend_status": "Provisioning in progress",
        "enacted": "2014-09-24T05:33:48.803Z"
    },
    "model": "hpc.originserver",
    "pk": 4180
},
{
    "fields": {
        "updated": "2014-09-24T05:33:48.959Z",
        "contentProvider": 41,
        "origin_server_id": 659,
        "description": "test",
        "created": "2014-09-23T22:24:22.924Z",
        "deleted": false,
        "enabled": true,
        "redirects": true,
        "protocol": "HTTP",
        "url": "planetlab06.mpi-sws.mpg.de:32780",
        "authenticated": false,
        "backend_status": "Provisioning in progress",
        "enacted": "2014-09-24T05:33:49.068Z"
    },
    "model": "hpc.originserver",
    "pk": 4181
},
{
    "fields": {
        "updated": "2014-09-24T05:33:49.250Z",
        "contentProvider": 41,
        "origin_server_id": 660,
        "description": "test",
        "created": "2014-09-23T22:24:23.675Z",
        "deleted": false,
        "enabled": true,
        "redirects": true,
        "protocol": "HTTP",
        "url": "planetlab1-santiago.lan.redclara.net:32780",
        "authenticated": false,
        "backend_status": "Provisioning in progress",
        "enacted": "2014-09-24T05:33:49.316Z"
    },
    "model": "hpc.originserver",
    "pk": 4182
},
{
    "fields": {
        "updated": "2014-09-24T05:33:49.476Z",
        "contentProvider": 41,
        "origin_server_id": 661,
        "description": "test",
        "created": "2014-09-23T22:24:24.481Z",
        "deleted": false,
        "enabled": true,
        "redirects": true,
        "protocol": "HTTP",
        "url": "planetlab1.acis.ufl.edu:32780",
        "authenticated": false,
        "backend_status": "Provisioning in progress",
        "enacted": "2014-09-24T05:33:49.623Z"
    },
    "model": "hpc.originserver",
    "pk": 4183
},
{
    "fields": {
        "updated": "2014-09-24T05:33:49.808Z",
        "contentProvider": 41,
        "origin_server_id": 662,
        "description": "test",
        "created": "2014-09-23T22:24:25.947Z",
        "deleted": false,
        "enabled": true,
        "redirects": true,
        "protocol": "HTTP",
        "url": "planetlab1.aston.ac.uk:32780",
        "authenticated": false,
        "backend_status": "Provisioning in progress",
        "enacted": "2014-09-24T05:33:49.871Z"
    },
    "model": "hpc.originserver",
    "pk": 4184
},
{
    "fields": {
        "updated": "2014-09-24T05:33:50.033Z",
        "contentProvider": 41,
        "origin_server_id": 663,
        "description": "test",
        "created": "2014-09-23T22:24:26.702Z",
        "deleted": false,
        "enabled": true,
        "redirects": true,
        "protocol": "HTTP",
        "url": "planetlab1.aut.ac.nz:32780",
        "authenticated": false,
        "backend_status": "Provisioning in progress",
        "enacted": "2014-09-24T05:33:50.095Z"
    },
    "model": "hpc.originserver",
    "pk": 4185
},
{
    "fields": {
        "updated": "2014-09-24T05:33:50.266Z",
        "contentProvider": 41,
        "origin_server_id": 664,
        "description": "test",
        "created": "2014-09-23T22:24:31.018Z",
        "deleted": false,
        "enabled": true,
        "redirects": true,
        "protocol": "HTTP",
        "url": "planetlab1.bgu.ac.il:32780",
        "authenticated": false,
        "backend_status": "Provisioning in progress",
        "enacted": "2014-09-24T05:33:50.326Z"
    },
    "model": "hpc.originserver",
    "pk": 4186
},
{
    "fields": {
        "updated": "2014-09-24T05:33:50.516Z",
        "contentProvider": 41,
        "origin_server_id": 665,
        "description": "test",
        "created": "2014-09-23T22:24:35.995Z",
        "deleted": false,
        "enabled": true,
        "redirects": true,
        "protocol": "HTTP",
        "url": "planetlab1.bupt.edu.cn:32780",
        "authenticated": false,
        "backend_status": "Provisioning in progress",
        "enacted": "2014-09-24T05:33:50.575Z"
    },
    "model": "hpc.originserver",
    "pk": 4187
},
{
    "fields": {
        "updated": "2014-09-24T05:33:50.766Z",
        "contentProvider": 41,
        "origin_server_id": 666,
        "description": "test",
        "created": "2014-09-23T22:24:36.795Z",
        "deleted": false,
        "enabled": true,
        "redirects": true,
        "protocol": "HTTP",
        "url": "planetlab1.byu.edu:32780",
        "authenticated": false,
        "backend_status": "Provisioning in progress",
        "enacted": "2014-09-24T05:33:50.823Z"
    },
    "model": "hpc.originserver",
    "pk": 4188
},
{
    "fields": {
        "updated": "2014-09-24T05:33:50.982Z",
        "contentProvider": 41,
        "origin_server_id": 667,
        "description": "test",
        "created": "2014-09-23T22:24:38.736Z",
        "deleted": false,
        "enabled": true,
        "redirects": true,
        "protocol": "HTTP",
        "url": "planetlab1.c3sl.ufpr.br:32780",
        "authenticated": false,
        "backend_status": "Provisioning in progress",
        "enacted": "2014-09-24T05:33:51.038Z"
    },
    "model": "hpc.originserver",
    "pk": 4189
},
{
    "fields": {
        "updated": "2014-09-24T05:33:51.215Z",
        "contentProvider": 41,
        "origin_server_id": 668,
        "description": "test",
        "created": "2014-09-23T22:24:40.731Z",
        "deleted": false,
        "enabled": true,
        "redirects": true,
        "protocol": "HTTP",
        "url": "planetlab1.cesnet.cz:32780",
        "authenticated": false,
        "backend_status": "Provisioning in progress",
        "enacted": "2014-09-24T05:33:51.270Z"
    },
    "model": "hpc.originserver",
    "pk": 4190
},
{
    "fields": {
        "updated": "2014-09-24T05:33:51.448Z",
        "contentProvider": 41,
        "origin_server_id": 669,
        "description": "test",
        "created": "2014-09-23T22:24:41.528Z",
        "deleted": false,
        "enabled": true,
        "redirects": true,
        "protocol": "HTTP",
        "url": "planetlab1.ci.pwr.wroc.pl:32780",
        "authenticated": false,
        "backend_status": "Provisioning in progress",
        "enacted": "2014-09-24T05:33:51.502Z"
    },
    "model": "hpc.originserver",
    "pk": 4191
},
{
    "fields": {
        "updated": "2014-09-24T05:33:51.673Z",
        "contentProvider": 41,
        "origin_server_id": 670,
        "description": "test",
        "created": "2014-09-23T22:24:42.243Z",
        "deleted": false,
        "enabled": true,
        "redirects": true,
        "protocol": "HTTP",
        "url": "planetlab1.cis.upenn.edu:32780",
        "authenticated": false,
        "backend_status": "Provisioning in progress",
        "enacted": "2014-09-24T05:33:51.726Z"
    },
    "model": "hpc.originserver",
    "pk": 4192
},
{
    "fields": {
        "updated": "2014-09-24T05:33:51.882Z",
        "contentProvider": 41,
        "origin_server_id": 671,
        "description": "test",
        "created": "2014-09-23T22:24:43.171Z",
        "deleted": false,
        "enabled": true,
        "redirects": true,
        "protocol": "HTTP",
        "url": "planetlab1.citadel.edu:32780",
        "authenticated": false,
        "backend_status": "Provisioning in progress",
        "enacted": "2014-09-24T05:33:51.933Z"
    },
    "model": "hpc.originserver",
    "pk": 4193
},
{
    "fields": {
        "updated": "2014-09-24T05:33:52.115Z",
        "contentProvider": 41,
        "origin_server_id": 672,
        "description": "test",
        "created": "2014-09-23T22:24:49.774Z",
        "deleted": false,
        "enabled": true,
        "redirects": true,
        "protocol": "HTTP",
        "url": "planetlab1.clemson.edu:32780",
        "authenticated": false,
        "backend_status": "Provisioning in progress",
        "enacted": "2014-09-24T05:33:52.189Z"
    },
    "model": "hpc.originserver",
    "pk": 4194
},
{
    "fields": {
        "updated": "2014-09-24T05:33:52.414Z",
        "contentProvider": 41,
        "origin_server_id": 673,
        "description": "test",
        "created": "2014-09-23T22:24:50.571Z",
        "deleted": false,
        "enabled": true,
        "redirects": true,
        "protocol": "HTTP",
        "url": "planetlab1.cnds.jhu.edu:32780",
        "authenticated": false,
        "backend_status": "Provisioning in progress",
        "enacted": "2014-09-24T05:33:52.471Z"
    },
    "model": "hpc.originserver",
    "pk": 4195
},
{
    "fields": {
        "updated": "2014-09-24T05:33:52.622Z",
        "contentProvider": 41,
        "origin_server_id": 674,
        "description": "test",
        "created": "2014-09-23T22:24:51.358Z",
        "deleted": false,
        "enabled": true,
        "redirects": true,
        "protocol": "HTTP",
        "url": "planetlab1.cnis.nyit.edu:32780",
        "authenticated": false,
        "backend_status": "Provisioning in progress",
        "enacted": "2014-09-24T05:33:52.678Z"
    },
    "model": "hpc.originserver",
    "pk": 4196
},
{
    "fields": {
        "updated": "2014-09-24T05:33:52.839Z",
        "contentProvider": 41,
        "origin_server_id": 675,
        "description": "test",
        "created": "2014-09-23T22:24:52.062Z",
        "deleted": false,
        "enabled": true,
        "redirects": true,
        "protocol": "HTTP",
        "url": "planetlab1.comp.nus.edu.sg:32780",
        "authenticated": false,
        "backend_status": "Provisioning in progress",
        "enacted": "2014-09-24T05:33:52.901Z"
    },
    "model": "hpc.originserver",
    "pk": 4197
},
{
    "fields": {
        "updated": "2014-09-24T05:33:53.072Z",
        "contentProvider": 41,
        "origin_server_id": 676,
        "description": "test",
        "created": "2014-09-23T22:24:52.856Z",
        "deleted": false,
        "enabled": true,
        "redirects": true,
        "protocol": "HTTP",
        "url": "planetlab1.cqupt.edu.cn:32780",
        "authenticated": false,
        "backend_status": "Provisioning in progress",
        "enacted": "2014-09-24T05:33:53.133Z"
    },
    "model": "hpc.originserver",
    "pk": 4198
},
{
    "fields": {
        "updated": "2014-09-24T05:33:53.305Z",
        "contentProvider": 41,
        "origin_server_id": 677,
        "description": "test",
        "created": "2014-09-23T22:24:53.664Z",
        "deleted": false,
        "enabled": true,
        "redirects": true,
        "protocol": "HTTP",
        "url": "planetlab1.cs.aueb.gr:32780",
        "authenticated": false,
        "backend_status": "Provisioning in progress",
        "enacted": "2014-09-24T05:33:53.365Z"
    },
    "model": "hpc.originserver",
    "pk": 4199
},
{
    "fields": {
        "updated": "2014-09-24T05:33:53.530Z",
        "contentProvider": 41,
        "origin_server_id": 678,
        "description": "test",
        "created": "2014-09-23T22:24:55.730Z",
        "deleted": false,
        "enabled": true,
        "redirects": true,
        "protocol": "HTTP",
        "url": "planetlab1.cs.colorado.edu:32780",
        "authenticated": false,
        "backend_status": "Provisioning in progress",
        "enacted": "2014-09-24T05:33:53.589Z"
    },
    "model": "hpc.originserver",
    "pk": 4200
},
{
    "fields": {
        "updated": "2014-09-24T05:33:53.747Z",
        "contentProvider": 41,
        "origin_server_id": 679,
        "description": "test",
        "created": "2014-09-23T22:24:57.414Z",
        "deleted": false,
        "enabled": true,
        "redirects": true,
        "protocol": "HTTP",
        "url": "planetlab1.cs.cornell.edu:32780",
        "authenticated": false,
        "backend_status": "Provisioning in progress",
        "enacted": "2014-09-24T05:33:53.812Z"
    },
    "model": "hpc.originserver",
    "pk": 4201
},
{
    "fields": {
        "updated": "2014-09-24T05:33:53.988Z",
        "contentProvider": 41,
        "origin_server_id": 680,
        "description": "test",
        "created": "2014-09-23T22:24:58.265Z",
        "deleted": false,
        "enabled": true,
        "redirects": true,
        "protocol": "HTTP",
        "url": "planetlab1.cs.du.edu:32780",
        "authenticated": false,
        "backend_status": "Provisioning in progress",
        "enacted": "2014-09-24T05:33:54.052Z"
    },
    "model": "hpc.originserver",
    "pk": 4202
},
{
    "fields": {
        "updated": "2014-09-24T05:33:54.229Z",
        "contentProvider": 41,
        "origin_server_id": 681,
        "description": "test",
        "created": "2014-09-23T22:24:59.141Z",
        "deleted": false,
        "enabled": true,
        "redirects": true,
        "protocol": "HTTP",
        "url": "planetlab1.cs.okstate.edu:32780",
        "authenticated": false,
        "backend_status": "Provisioning in progress",
        "enacted": "2014-09-24T05:33:54.284Z"
    },
    "model": "hpc.originserver",
    "pk": 4203
},
{
    "fields": {
        "updated": "2014-09-24T05:33:54.454Z",
        "contentProvider": 41,
        "origin_server_id": 682,
        "description": "test",
        "created": "2014-09-23T22:24:59.909Z",
        "deleted": false,
        "enabled": true,
        "redirects": true,
        "protocol": "HTTP",
        "url": "planetlab1.cs.otago.ac.nz:32780",
        "authenticated": false,
        "backend_status": "Provisioning in progress",
        "enacted": "2014-09-24T05:33:54.516Z"
    },
    "model": "hpc.originserver",
    "pk": 4204
},
{
    "fields": {
        "updated": "2014-09-24T05:33:54.680Z",
        "contentProvider": 41,
        "origin_server_id": 683,
        "description": "test",
        "created": "2014-09-23T22:27:14.619Z",
        "deleted": false,
        "enabled": true,
        "redirects": true,
        "protocol": "HTTP",
        "url": "planetlab1.cs.pitt.edu:32780",
        "authenticated": false,
        "backend_status": "Provisioning in progress",
        "enacted": "2014-09-24T05:33:54.739Z"
    },
    "model": "hpc.originserver",
    "pk": 4205
},
{
    "fields": {
        "updated": "2014-09-24T05:33:54.904Z",
        "contentProvider": 41,
        "origin_server_id": 684,
        "description": "test",
        "created": "2014-09-23T22:27:15.330Z",
        "deleted": false,
        "enabled": true,
        "redirects": true,
        "protocol": "HTTP",
        "url": "planetlab1.cs.purdue.edu:32780",
        "authenticated": false,
        "backend_status": "Provisioning in progress",
        "enacted": "2014-09-24T05:33:54.971Z"
    },
    "model": "hpc.originserver",
    "pk": 4206
},
{
    "fields": {
        "updated": "2014-09-24T05:33:55.145Z",
        "contentProvider": 41,
        "origin_server_id": 685,
        "description": "test",
        "created": "2014-09-23T22:27:16.072Z",
        "deleted": false,
        "enabled": true,
        "redirects": true,
        "protocol": "HTTP",
        "url": "planetlab1.cs.ubc.ca:32780",
        "authenticated": false,
        "backend_status": "Provisioning in progress",
        "enacted": "2014-09-24T05:33:55.377Z"
    },
    "model": "hpc.originserver",
    "pk": 4207
},
{
    "fields": {
        "updated": "2014-09-24T05:33:55.595Z",
        "contentProvider": 41,
        "origin_server_id": 686,
        "description": "test",
        "created": "2014-09-23T22:27:16.830Z",
        "deleted": false,
        "enabled": true,
        "redirects": true,
        "protocol": "HTTP",
        "url": "planetlab1.cs.ucla.edu:32780",
        "authenticated": false,
        "backend_status": "Provisioning in progress",
        "enacted": "2014-09-24T05:33:55.650Z"
    },
    "model": "hpc.originserver",
    "pk": 4208
},
{
    "fields": {
        "updated": "2014-09-24T05:33:55.811Z",
        "contentProvider": 41,
        "origin_server_id": 687,
        "description": "test",
        "created": "2014-09-23T22:27:17.575Z",
        "deleted": false,
        "enabled": true,
        "redirects": true,
        "protocol": "HTTP",
        "url": "planetlab1.cs.uit.no:32780",
        "authenticated": false,
        "backend_status": "Provisioning in progress",
        "enacted": "2014-09-24T05:33:55.874Z"
    },
    "model": "hpc.originserver",
    "pk": 4209
},
{
    "fields": {
        "updated": "2014-09-24T05:33:56.037Z",
        "contentProvider": 41,
        "origin_server_id": 688,
        "description": "test",
        "created": "2014-09-23T22:27:18.487Z",
        "deleted": false,
        "enabled": true,
        "redirects": true,
        "protocol": "HTTP",
        "url": "planetlab1.cs.uiuc.edu:32780",
        "authenticated": false,
        "backend_status": "Provisioning in progress",
        "enacted": "2014-09-24T05:33:56.097Z"
    },
    "model": "hpc.originserver",
    "pk": 4210
},
{
    "fields": {
        "updated": "2014-09-24T05:33:56.253Z",
        "contentProvider": 41,
        "origin_server_id": 689,
        "description": "test",
        "created": "2014-09-23T22:27:19.508Z",
        "deleted": false,
        "enabled": true,
        "redirects": true,
        "protocol": "HTTP",
        "url": "planetlab1.cs.umass.edu:32780",
        "authenticated": false,
        "backend_status": "Provisioning in progress",
        "enacted": "2014-09-24T05:33:56.321Z"
    },
    "model": "hpc.originserver",
    "pk": 4211
},
{
    "fields": {
        "updated": "2014-09-24T05:33:56.486Z",
        "contentProvider": 41,
        "origin_server_id": 690,
        "description": "test",
        "created": "2014-09-23T22:27:20.260Z",
        "deleted": false,
        "enabled": true,
        "redirects": true,
        "protocol": "HTTP",
        "url": "planetlab1.cs.uml.edu:32780",
        "authenticated": false,
        "backend_status": "Provisioning in progress",
        "enacted": "2014-09-24T05:33:56.544Z"
    },
    "model": "hpc.originserver",
    "pk": 4212
},
{
    "fields": {
        "updated": "2014-09-24T05:33:56.702Z",
        "contentProvider": 41,
        "origin_server_id": 691,
        "description": "test",
        "created": "2014-09-23T22:27:21.005Z",
        "deleted": false,
        "enabled": true,
        "redirects": true,
        "protocol": "HTTP",
        "url": "planetlab1.cs.unc.edu:32780",
        "authenticated": false,
        "backend_status": "Provisioning in progress",
        "enacted": "2014-09-24T05:33:56.760Z"
    },
    "model": "hpc.originserver",
    "pk": 4213
},
{
    "fields": {
        "updated": "2014-09-24T05:33:56.928Z",
        "contentProvider": 41,
        "origin_server_id": 692,
        "description": "test",
        "created": "2014-09-23T22:27:21.702Z",
        "deleted": false,
        "enabled": true,
        "redirects": true,
        "protocol": "HTTP",
        "url": "planetlab1.cs.uoi.gr:32780",
        "authenticated": false,
        "backend_status": "Provisioning in progress",
        "enacted": "2014-09-24T05:33:56.992Z"
    },
    "model": "hpc.originserver",
    "pk": 4214
},
{
    "fields": {
        "updated": "2014-09-24T05:33:57.160Z",
        "contentProvider": 41,
        "origin_server_id": 693,
        "description": "test",
        "created": "2014-09-23T22:27:22.450Z",
        "deleted": false,
        "enabled": true,
        "redirects": true,
        "protocol": "HTTP",
        "url": "planetlab1.cs.uoregon.edu:32780",
        "authenticated": false,
        "backend_status": "Provisioning in progress",
        "enacted": "2014-09-24T05:33:57.215Z"
    },
    "model": "hpc.originserver",
    "pk": 4215
},
{
    "fields": {
        "updated": "2014-09-24T05:33:57.377Z",
        "contentProvider": 41,
        "origin_server_id": 694,
        "description": "test",
        "created": "2014-09-23T22:27:23.248Z",
        "deleted": false,
        "enabled": true,
        "redirects": true,
        "protocol": "HTTP",
        "url": "planetlab1.cs.vu.nl:32780",
        "authenticated": false,
        "backend_status": "Provisioning in progress",
        "enacted": "2014-09-24T05:33:57.438Z"
    },
    "model": "hpc.originserver",
    "pk": 4216
},
{
    "fields": {
        "updated": "2014-09-24T05:33:57.602Z",
        "contentProvider": 41,
        "origin_server_id": 695,
        "description": "test",
        "created": "2014-09-23T22:27:23.959Z",
        "deleted": false,
        "enabled": true,
        "redirects": true,
        "protocol": "HTTP",
        "url": "planetlab1.csee.usf.edu:32780",
        "authenticated": false,
        "backend_status": "Provisioning in progress",
        "enacted": "2014-09-24T05:33:57.654Z"
    },
    "model": "hpc.originserver",
    "pk": 4217
},
{
    "fields": {
        "updated": "2014-09-24T05:33:57.818Z",
        "contentProvider": 41,
        "origin_server_id": 696,
        "description": "test",
        "created": "2014-09-23T22:27:24.757Z",
        "deleted": false,
        "enabled": true,
        "redirects": true,
        "protocol": "HTTP",
        "url": "planetlab1.csg.uzh.ch:32780",
        "authenticated": false,
        "backend_status": "Provisioning in progress",
        "enacted": "2014-09-24T05:33:57.869Z"
    },
    "model": "hpc.originserver",
    "pk": 4218
},
{
    "fields": {
        "updated": "2014-09-24T05:33:58.035Z",
        "contentProvider": 41,
        "origin_server_id": 697,
        "description": "test",
        "created": "2014-09-23T22:27:25.494Z",
        "deleted": false,
        "enabled": true,
        "redirects": true,
        "protocol": "HTTP",
        "url": "planetlab1.cti.espol.edu.ec:32780",
        "authenticated": false,
        "backend_status": "Provisioning in progress",
        "enacted": "2014-09-24T05:33:58.101Z"
    },
    "model": "hpc.originserver",
    "pk": 4219
},
{
    "fields": {
        "updated": "2014-09-24T05:33:58.268Z",
        "contentProvider": 41,
        "origin_server_id": 698,
        "description": "test",
        "created": "2014-09-23T22:27:26.209Z",
        "deleted": false,
        "enabled": true,
        "redirects": true,
        "protocol": "HTTP",
        "url": "planetlab1.di.fct.unl.pt:32780",
        "authenticated": false,
        "backend_status": "Provisioning in progress",
        "enacted": "2014-09-24T05:33:58.324Z"
    },
    "model": "hpc.originserver",
    "pk": 4220
},
{
    "fields": {
        "updated": "2014-09-24T05:33:58.518Z",
        "contentProvider": 41,
        "origin_server_id": 699,
        "description": "test",
        "created": "2014-09-23T22:27:29.866Z",
        "deleted": false,
        "enabled": true,
        "redirects": true,
        "protocol": "HTTP",
        "url": "planetlab1.di.unito.it:32780",
        "authenticated": false,
        "backend_status": "Provisioning in progress",
        "enacted": "2014-09-24T05:33:58.564Z"
    },
    "model": "hpc.originserver",
    "pk": 4221
},
{
    "fields": {
        "updated": "2014-09-24T05:33:58.734Z",
        "contentProvider": 41,
        "origin_server_id": 700,
        "description": "test",
        "created": "2014-09-23T22:27:30.605Z",
        "deleted": false,
        "enabled": true,
        "redirects": true,
        "protocol": "HTTP",
        "url": "planetlab1.diku.dk:32780",
        "authenticated": false,
        "backend_status": "Provisioning in progress",
        "enacted": "2014-09-24T05:33:58.796Z"
    },
    "model": "hpc.originserver",
    "pk": 4222
},
{
    "fields": {
        "updated": "2014-09-24T05:33:58.951Z",
        "contentProvider": 41,
        "origin_server_id": 701,
        "description": "test",
        "created": "2014-09-23T22:27:31.329Z",
        "deleted": false,
        "enabled": true,
        "redirects": true,
        "protocol": "HTTP",
        "url": "planetlab1.dit.upm.es:32780",
        "authenticated": false,
        "backend_status": "Provisioning in progress",
        "enacted": "2014-09-24T05:33:59.012Z"
    },
    "model": "hpc.originserver",
    "pk": 4223
},
{
    "fields": {
        "updated": "2014-09-24T05:33:59.167Z",
        "contentProvider": 41,
        "origin_server_id": 702,
        "description": "test",
        "created": "2014-09-23T22:27:32.023Z",
        "deleted": false,
        "enabled": true,
        "redirects": true,
        "protocol": "HTTP",
        "url": "planetlab1.dojima.wide.ad.jp:32780",
        "authenticated": false,
        "backend_status": "Provisioning in progress",
        "enacted": "2014-09-24T05:33:59.227Z"
    },
    "model": "hpc.originserver",
    "pk": 4224
},
{
    "fields": {
        "updated": "2014-09-24T05:33:59.384Z",
        "contentProvider": 41,
        "origin_server_id": 703,
        "description": "test",
        "created": "2014-09-23T22:27:32.914Z",
        "deleted": false,
        "enabled": true,
        "redirects": true,
        "protocol": "HTTP",
        "url": "planetlab1.dtc.umn.edu:32780",
        "authenticated": false,
        "backend_status": "Provisioning in progress",
        "enacted": "2014-09-24T05:33:59.442Z"
    },
    "model": "hpc.originserver",
    "pk": 4225
},
{
    "fields": {
        "updated": "2014-09-24T05:33:59.633Z",
        "contentProvider": 41,
        "origin_server_id": 704,
        "description": "test",
        "created": "2014-09-23T22:27:33.752Z",
        "deleted": false,
        "enabled": true,
        "redirects": true,
        "protocol": "HTTP",
        "url": "planetlab1.ecs.vuw.ac.nz:32780",
        "authenticated": false,
        "backend_status": "Provisioning in progress",
        "enacted": "2014-09-24T05:33:59.690Z"
    },
    "model": "hpc.originserver",
    "pk": 4226
},
{
    "fields": {
        "updated": "2014-09-24T05:33:59.850Z",
        "contentProvider": 41,
        "origin_server_id": 705,
        "description": "test",
        "created": "2014-09-23T22:27:34.487Z",
        "deleted": false,
        "enabled": true,
        "redirects": true,
        "protocol": "HTTP",
        "url": "planetlab1.eecs.jacobs-university.de:32780",
        "authenticated": false,
        "backend_status": "Provisioning in progress",
        "enacted": "2014-09-24T05:33:59.906Z"
    },
    "model": "hpc.originserver",
    "pk": 4227
},
{
    "fields": {
        "updated": "2014-09-24T05:34:00.100Z",
        "contentProvider": 41,
        "origin_server_id": 706,
        "description": "test",
        "created": "2014-09-23T22:27:35.171Z",
        "deleted": false,
        "enabled": true,
        "redirects": true,
        "protocol": "HTTP",
        "url": "planetlab1.eecs.ucf.edu:32780",
        "authenticated": false,
        "backend_status": "Provisioning in progress",
        "enacted": "2014-09-24T05:34:00.154Z"
    },
    "model": "hpc.originserver",
    "pk": 4228
},
{
    "fields": {
        "updated": "2014-09-24T05:34:00.324Z",
        "contentProvider": 41,
        "origin_server_id": 707,
        "description": "test",
        "created": "2014-09-23T22:35:22.663Z",
        "deleted": false,
        "enabled": true,
        "redirects": true,
        "protocol": "HTTP",
        "url": "planetlab1.eecs.umich.edu:32780",
        "authenticated": false,
        "backend_status": "Provisioning in progress",
        "enacted": "2014-09-24T05:34:00.386Z"
    },
    "model": "hpc.originserver",
    "pk": 4229
},
{
    "fields": {
        "updated": "2014-09-24T05:34:00.549Z",
        "contentProvider": 41,
        "origin_server_id": 708,
        "description": "test",
        "created": "2014-09-23T22:35:22.735Z",
        "deleted": false,
        "enabled": true,
        "redirects": true,
        "protocol": "HTTP",
        "url": "planetlab1.eecs.wsu.edu:32780",
        "authenticated": false,
        "backend_status": "Provisioning in progress",
        "enacted": "2014-09-24T05:34:00.609Z"
    },
    "model": "hpc.originserver",
    "pk": 4230
},
{
    "fields": {
        "updated": "2014-09-24T05:34:00.774Z",
        "contentProvider": 41,
        "origin_server_id": 709,
        "description": "test",
        "created": "2014-09-23T22:35:22.793Z",
        "deleted": false,
        "enabled": true,
        "redirects": true,
        "protocol": "HTTP",
        "url": "planetlab1.engr.uconn.edu:32780",
        "authenticated": false,
        "backend_status": "Provisioning in progress",
        "enacted": "2014-09-24T05:34:00.825Z"
    },
    "model": "hpc.originserver",
    "pk": 4231
},
{
    "fields": {
        "updated": "2014-09-24T05:34:00.991Z",
        "contentProvider": 41,
        "origin_server_id": 710,
        "description": "test",
        "created": "2014-09-23T22:35:22.851Z",
        "deleted": false,
        "enabled": true,
        "redirects": true,
        "protocol": "HTTP",
        "url": "planetlab1.esprit-tn.com:32780",
        "authenticated": false,
        "backend_status": "Provisioning in progress",
        "enacted": "2014-09-24T05:34:01.057Z"
    },
    "model": "hpc.originserver",
    "pk": 4232
},
{
    "fields": {
        "updated": "2014-09-24T05:34:01.232Z",
        "contentProvider": 41,
        "origin_server_id": 711,
        "description": "test",
        "created": "2014-09-23T22:35:22.917Z",
        "deleted": false,
        "enabled": true,
        "redirects": true,
        "protocol": "HTTP",
        "url": "planetlab1.eurecom.fr:32780",
        "authenticated": false,
        "backend_status": "Provisioning in progress",
        "enacted": "2014-09-24T05:34:01.297Z"
    },
    "model": "hpc.originserver",
    "pk": 4233
},
{
    "fields": {
        "updated": "2014-09-24T05:34:01.473Z",
        "contentProvider": 41,
        "origin_server_id": 712,
        "description": "test",
        "created": "2014-09-23T22:35:22.975Z",
        "deleted": false,
        "enabled": true,
        "redirects": true,
        "protocol": "HTTP",
        "url": "planetlab1.exp-math.uni-essen.de:32780",
        "authenticated": false,
        "backend_status": "Provisioning in progress",
        "enacted": "2014-09-24T05:34:01.537Z"
    },
    "model": "hpc.originserver",
    "pk": 4234
},
{
    "fields": {
        "updated": "2014-09-24T05:34:01.698Z",
        "contentProvider": 41,
        "origin_server_id": 713,
        "description": "test",
        "created": "2014-09-23T22:35:23.033Z",
        "deleted": false,
        "enabled": true,
        "redirects": true,
        "protocol": "HTTP",
        "url": "planetlab1.fct.ualg.pt:32780",
        "authenticated": false,
        "backend_status": "Provisioning in progress",
        "enacted": "2014-09-24T05:34:01.769Z"
    },
    "model": "hpc.originserver",
    "pk": 4235
},
{
    "fields": {
        "updated": "2014-09-24T05:34:01.965Z",
        "contentProvider": 41,
        "origin_server_id": 714,
        "description": "test",
        "created": "2014-09-23T22:35:23.091Z",
        "deleted": false,
        "enabled": true,
        "redirects": true,
        "protocol": "HTTP",
        "url": "planetlab1.fem.tu-ilmenau.de:32780",
        "authenticated": false,
        "backend_status": "Provisioning in progress",
        "enacted": "2014-09-24T05:34:02.025Z"
    },
    "model": "hpc.originserver",
    "pk": 4236
},
{
    "fields": {
        "updated": "2014-09-24T05:34:02.198Z",
        "contentProvider": 41,
        "origin_server_id": 715,
        "description": "test",
        "created": "2014-09-23T22:35:23.149Z",
        "deleted": false,
        "enabled": true,
        "redirects": true,
        "protocol": "HTTP",
        "url": "planetlab1.fit.vutbr.cz:32780",
        "authenticated": false,
        "backend_status": "Provisioning in progress",
        "enacted": "2014-09-24T05:34:02.373Z"
    },
    "model": "hpc.originserver",
    "pk": 4237
},
{
    "fields": {
        "updated": "2014-09-24T05:34:02.564Z",
        "contentProvider": 41,
        "origin_server_id": 716,
        "description": "test",
        "created": "2014-09-23T22:35:23.215Z",
        "deleted": false,
        "enabled": true,
        "redirects": true,
        "protocol": "HTTP",
        "url": "planetlab1.fri.uni-lj.si:32780",
        "authenticated": false,
        "backend_status": "Provisioning in progress",
        "enacted": "2014-09-24T05:34:02.630Z"
    },
    "model": "hpc.originserver",
    "pk": 4238
},
{
    "fields": {
        "updated": "2014-09-24T05:34:02.789Z",
        "contentProvider": 41,
        "origin_server_id": 717,
        "description": "test",
        "created": "2014-09-23T22:35:23.273Z",
        "deleted": false,
        "enabled": true,
        "redirects": true,
        "protocol": "HTTP",
        "url": "planetlab1.georgetown.edu:32780",
        "authenticated": false,
        "backend_status": "Provisioning in progress",
        "enacted": "2014-09-24T05:34:02.853Z"
    },
    "model": "hpc.originserver",
    "pk": 4239
},
{
    "fields": {
        "updated": "2014-09-24T05:34:03.055Z",
        "contentProvider": 41,
        "origin_server_id": 718,
        "description": "test",
        "created": "2014-09-23T22:35:23.331Z",
        "deleted": false,
        "enabled": true,
        "redirects": true,
        "protocol": "HTTP",
        "url": "planetlab1.ics.forth.gr:32780",
        "authenticated": false,
        "backend_status": "Provisioning in progress",
        "enacted": "2014-09-24T05:34:03.110Z"
    },
    "model": "hpc.originserver",
    "pk": 4240
},
{
    "fields": {
        "updated": "2014-09-24T05:34:03.272Z",
        "contentProvider": 41,
        "origin_server_id": 719,
        "description": "test",
        "created": "2014-09-23T22:35:23.397Z",
        "deleted": false,
        "enabled": true,
        "redirects": true,
        "protocol": "HTTP",
        "url": "planetlab1.ifi.uio.no:32780",
        "authenticated": false,
        "backend_status": "Provisioning in progress",
        "enacted": "2014-09-24T05:34:03.333Z"
    },
    "model": "hpc.originserver",
    "pk": 4241
},
{
    "fields": {
        "updated": "2014-09-24T05:34:03.556Z",
        "contentProvider": 41,
        "origin_server_id": 720,
        "description": "test",
        "created": "2014-09-23T22:35:23.455Z",
        "deleted": false,
        "enabled": true,
        "redirects": true,
        "protocol": "HTTP",
        "url": "planetlab1.iis.sinica.edu.tw:32780",
        "authenticated": false,
        "backend_status": "Provisioning in progress",
        "enacted": "2014-09-24T05:34:03.615Z"
    },
    "model": "hpc.originserver",
    "pk": 4242
},
{
    "fields": {
        "updated": "2014-09-24T05:34:03.788Z",
        "contentProvider": 41,
        "origin_server_id": 721,
        "description": "test",
        "created": "2014-09-23T22:35:23.513Z",
        "deleted": false,
        "enabled": true,
        "redirects": true,
        "protocol": "HTTP",
        "url": "planetlab1.iitkgp.ac.in:32780",
        "authenticated": false,
        "backend_status": "Provisioning in progress",
        "enacted": "2014-09-24T05:34:03.847Z"
    },
    "model": "hpc.originserver",
    "pk": 4243
},
{
    "fields": {
        "updated": "2014-09-24T05:34:04.055Z",
        "contentProvider": 41,
        "origin_server_id": 722,
        "description": "test",
        "created": "2014-09-23T22:35:23.571Z",
        "deleted": false,
        "enabled": true,
        "redirects": true,
        "protocol": "HTTP",
        "url": "planetlab1.inf.ethz.ch:32780",
        "authenticated": false,
        "backend_status": "Provisioning in progress",
        "enacted": "2014-09-24T05:34:04.112Z"
    },
    "model": "hpc.originserver",
    "pk": 4244
},
{
    "fields": {
        "updated": "2014-09-24T05:34:04.363Z",
        "contentProvider": 41,
        "origin_server_id": 723,
        "description": "test",
        "created": "2014-09-23T22:35:23.645Z",
        "deleted": false,
        "enabled": true,
        "redirects": true,
        "protocol": "HTTP",
        "url": "planetlab1.informatik.uni-erlangen.de:32780",
        "authenticated": false,
        "backend_status": "Provisioning in progress",
        "enacted": "2014-09-24T05:34:04.426Z"
    },
    "model": "hpc.originserver",
    "pk": 4245
},
{
    "fields": {
        "updated": "2014-09-24T05:34:04.588Z",
        "contentProvider": 41,
        "origin_server_id": 724,
        "description": "test",
        "created": "2014-09-23T22:35:23.745Z",
        "deleted": false,
        "enabled": true,
        "redirects": true,
        "protocol": "HTTP",
        "url": "planetlab1.informatik.uni-goettingen.de:32780",
        "authenticated": false,
        "backend_status": "Provisioning in progress",
        "enacted": "2014-09-24T05:34:04.642Z"
    },
    "model": "hpc.originserver",
    "pk": 4246
},
{
    "fields": {
        "updated": "2014-09-24T05:34:04.796Z",
        "contentProvider": 41,
        "origin_server_id": 725,
        "description": "test",
        "created": "2014-09-23T22:35:23.803Z",
        "deleted": false,
        "enabled": true,
        "redirects": true,
        "protocol": "HTTP",
        "url": "planetlab1.informatik.uni-leipzig.de:32780",
        "authenticated": false,
        "backend_status": "Provisioning in progress",
        "enacted": "2014-09-24T05:34:04.857Z"
    },
    "model": "hpc.originserver",
    "pk": 4247
},
{
    "fields": {
        "updated": "2014-09-24T05:34:05.062Z",
        "contentProvider": 41,
        "origin_server_id": 726,
        "description": "test",
        "created": "2014-09-23T22:35:23.861Z",
        "deleted": false,
        "enabled": true,
        "redirects": true,
        "protocol": "HTTP",
        "url": "planetlab1.informatik.uni-wuerzburg.de:32780",
        "authenticated": false,
        "backend_status": "Provisioning in progress",
        "enacted": "2014-09-24T05:34:05.147Z"
    },
    "model": "hpc.originserver",
    "pk": 4248
},
{
    "fields": {
        "updated": "2014-09-24T05:34:05.337Z",
        "contentProvider": 41,
        "origin_server_id": 727,
        "description": "test",
        "created": "2014-09-23T22:35:23.927Z",
        "deleted": false,
        "enabled": true,
        "redirects": true,
        "protocol": "HTTP",
        "url": "planetlab1.ionio.gr:32780",
        "authenticated": false,
        "backend_status": "Provisioning in progress",
        "enacted": "2014-09-24T05:34:05.403Z"
    },
    "model": "hpc.originserver",
    "pk": 4249
},
{
    "fields": {
        "updated": "2014-09-24T05:34:05.570Z",
        "contentProvider": 41,
        "origin_server_id": 728,
        "description": "test",
        "created": "2014-09-23T22:35:23.993Z",
        "deleted": false,
        "enabled": true,
        "redirects": true,
        "protocol": "HTTP",
        "url": "planetlab1.itsec.rwth-aachen.de:32780",
        "authenticated": false,
        "backend_status": "Provisioning in progress",
        "enacted": "2014-09-24T05:34:05.635Z"
    },
    "model": "hpc.originserver",
    "pk": 4250
},
{
    "fields": {
        "updated": "2014-09-24T05:34:05.787Z",
        "contentProvider": 41,
        "origin_server_id": 729,
        "description": "test",
        "created": "2014-09-23T22:35:24.059Z",
        "deleted": false,
        "enabled": true,
        "redirects": true,
        "protocol": "HTTP",
        "url": "planetlab1.jcp-consult.net:32780",
        "authenticated": false,
        "backend_status": "Provisioning in progress",
        "enacted": "2014-09-24T05:34:05.851Z"
    },
    "model": "hpc.originserver",
    "pk": 4251
},
{
    "fields": {
        "updated": "2014-09-24T05:34:06.011Z",
        "contentProvider": 41,
        "origin_server_id": 730,
        "description": "test",
        "created": "2014-09-23T22:35:24.126Z",
        "deleted": false,
        "enabled": true,
        "redirects": true,
        "protocol": "HTTP",
        "url": "planetlab1.jhu.edu:32780",
        "authenticated": false,
        "backend_status": "Provisioning in progress",
        "enacted": "2014-09-24T05:34:06.066Z"
    },
    "model": "hpc.originserver",
    "pk": 4252
},
{
    "fields": {
        "updated": "2014-09-24T05:34:06.236Z",
        "contentProvider": 41,
        "origin_server_id": 731,
        "description": "test",
        "created": "2014-09-23T22:35:24.192Z",
        "deleted": false,
        "enabled": true,
        "redirects": true,
        "protocol": "HTTP",
        "url": "planetlab1.koganei.wide.ad.jp:32780",
        "authenticated": false,
        "backend_status": "Provisioning in progress",
        "enacted": "2014-09-24T05:34:06.289Z"
    },
    "model": "hpc.originserver",
    "pk": 4253
},
{
    "fields": {
        "updated": "2014-09-24T05:34:06.445Z",
        "contentProvider": 41,
        "origin_server_id": 732,
        "description": "test",
        "created": "2014-09-23T22:35:24.242Z",
        "deleted": false,
        "enabled": true,
        "redirects": true,
        "protocol": "HTTP",
        "url": "planetlab1.lkn.ei.tum.de:32780",
        "authenticated": false,
        "backend_status": "Provisioning in progress",
        "enacted": "2014-09-24T05:34:06.505Z"
    },
    "model": "hpc.originserver",
    "pk": 4254
},
{
    "fields": {
        "updated": "2014-09-24T05:34:06.669Z",
        "contentProvider": 41,
        "origin_server_id": 733,
        "description": "test",
        "created": "2014-09-23T22:35:24.299Z",
        "deleted": false,
        "enabled": true,
        "redirects": true,
        "protocol": "HTTP",
        "url": "planetlab1.mini.pw.edu.pl:32780",
        "authenticated": false,
        "backend_status": "Provisioning in progress",
        "enacted": "2014-09-24T05:34:06.728Z"
    },
    "model": "hpc.originserver",
    "pk": 4255
},
{
    "fields": {
        "updated": "2014-09-24T05:34:06.902Z",
        "contentProvider": 41,
        "origin_server_id": 734,
        "description": "test",
        "created": "2014-09-23T22:35:24.358Z",
        "deleted": false,
        "enabled": true,
        "redirects": true,
        "protocol": "HTTP",
        "url": "planetlab1.mnlab.cti.depaul.edu:32780",
        "authenticated": false,
        "backend_status": "Provisioning in progress",
        "enacted": "2014-09-24T05:34:06.960Z"
    },
    "model": "hpc.originserver",
    "pk": 4256
},
{
    "fields": {
        "updated": "2014-09-24T05:34:07.172Z",
        "contentProvider": 41,
        "origin_server_id": 735,
        "description": "test",
        "created": "2014-09-23T22:35:24.415Z",
        "deleted": false,
        "enabled": true,
        "redirects": true,
        "protocol": "HTTP",
        "url": "planetlab1.montefiore.ulg.ac.be:32780",
        "authenticated": false,
        "backend_status": "Provisioning in progress",
        "enacted": "2014-09-24T05:34:07.233Z"
    },
    "model": "hpc.originserver",
    "pk": 4257
},
{
    "fields": {
        "updated": "2014-09-24T05:34:07.393Z",
        "contentProvider": 41,
        "origin_server_id": 736,
        "description": "test",
        "created": "2014-09-23T22:35:24.482Z",
        "deleted": false,
        "enabled": true,
        "redirects": true,
        "protocol": "HTTP",
        "url": "planetlab1.mta.ac.il:32780",
        "authenticated": false,
        "backend_status": "Provisioning in progress",
        "enacted": "2014-09-24T05:34:07.457Z"
    },
    "model": "hpc.originserver",
    "pk": 4258
},
{
    "fields": {
        "updated": "2014-09-24T05:34:07.688Z",
        "contentProvider": 41,
        "origin_server_id": 737,
        "description": "test",
        "created": "2014-09-23T22:35:24.531Z",
        "deleted": false,
        "enabled": true,
        "redirects": true,
        "protocol": "HTTP",
        "url": "planetlab1.nakao-lab.org:32780",
        "authenticated": false,
        "backend_status": "Provisioning in progress",
        "enacted": "2014-09-24T05:34:07.746Z"
    },
    "model": "hpc.originserver",
    "pk": 4259
},
{
    "fields": {
        "updated": "2014-09-24T05:34:08.043Z",
        "contentProvider": 41,
        "origin_server_id": 738,
        "description": "test",
        "created": "2014-09-23T22:35:24.589Z",
        "deleted": false,
        "enabled": true,
        "redirects": true,
        "protocol": "HTTP",
        "url": "planetlab1.netlab.uky.edu:32780",
        "authenticated": false,
        "backend_status": "Provisioning in progress",
        "enacted": "2014-09-24T05:34:08.102Z"
    },
    "model": "hpc.originserver",
    "pk": 4260
},
{
    "fields": {
        "updated": "2014-09-24T05:34:08.343Z",
        "contentProvider": 41,
        "origin_server_id": 739,
        "description": "test",
        "created": "2014-09-23T22:35:24.647Z",
        "deleted": false,
        "enabled": true,
        "redirects": true,
        "protocol": "HTTP",
        "url": "planetlab1.otemachi.wide.ad.jp:32780",
        "authenticated": false,
        "backend_status": "Provisioning in progress",
        "enacted": "2014-09-24T05:34:08.400Z"
    },
    "model": "hpc.originserver",
    "pk": 4261
},
{
    "fields": {
        "updated": "2014-09-24T05:34:08.601Z",
        "contentProvider": 41,
        "origin_server_id": 740,
        "description": "test",
        "created": "2014-09-23T22:35:24.697Z",
        "deleted": false,
        "enabled": true,
        "redirects": true,
        "protocol": "HTTP",
        "url": "planetlab1.pjwstk.edu.pl:32780",
        "authenticated": false,
        "backend_status": "Provisioning in progress",
        "enacted": "2014-09-24T05:34:08.657Z"
    },
    "model": "hpc.originserver",
    "pk": 4262
},
{
    "fields": {
        "updated": "2014-09-24T05:34:08.843Z",
        "contentProvider": 41,
        "origin_server_id": 741,
        "description": "test",
        "created": "2014-09-23T22:35:24.755Z",
        "deleted": false,
        "enabled": true,
        "redirects": true,
        "protocol": "HTTP",
        "url": "planetlab1.polito.it:32780",
        "authenticated": false,
        "backend_status": "Provisioning in progress",
        "enacted": "2014-09-24T05:34:08.905Z"
    },
    "model": "hpc.originserver",
    "pk": 4263
},
{
    "fields": {
        "updated": "2014-09-24T05:34:09.126Z",
        "contentProvider": 41,
        "origin_server_id": 742,
        "description": "test",
        "created": "2014-09-23T22:35:24.813Z",
        "deleted": false,
        "enabled": true,
        "redirects": true,
        "protocol": "HTTP",
        "url": "planetlab1.poly.edu:32780",
        "authenticated": false,
        "backend_status": "Provisioning in progress",
        "enacted": "2014-09-24T05:34:09.187Z"
    },
    "model": "hpc.originserver",
    "pk": 4264
},
{
    "fields": {
        "updated": "2014-09-24T05:34:09.417Z",
        "contentProvider": 41,
        "origin_server_id": 743,
        "description": "test",
        "created": "2014-09-23T22:35:24.871Z",
        "deleted": false,
        "enabled": true,
        "redirects": true,
        "protocol": "HTTP",
        "url": "planetlab1.pop-mg.rnp.br:32780",
        "authenticated": false,
        "backend_status": "Provisioning in progress",
        "enacted": "2014-09-24T05:34:09.477Z"
    },
    "model": "hpc.originserver",
    "pk": 4265
},
{
    "fields": {
        "updated": "2014-09-24T05:34:09.650Z",
        "contentProvider": 41,
        "origin_server_id": 744,
        "description": "test",
        "created": "2014-09-23T22:35:24.929Z",
        "deleted": false,
        "enabled": true,
        "redirects": true,
        "protocol": "HTTP",
        "url": "planetlab1.pop-pa.rnp.br:32780",
        "authenticated": false,
        "backend_status": "Provisioning in progress",
        "enacted": "2014-09-24T05:34:09.717Z"
    },
    "model": "hpc.originserver",
    "pk": 4266
},
{
    "fields": {
        "updated": "2014-09-24T05:34:10.166Z",
        "contentProvider": 41,
        "origin_server_id": 745,
        "description": "test",
        "created": "2014-09-23T22:35:24.987Z",
        "deleted": false,
        "enabled": true,
        "redirects": true,
        "protocol": "HTTP",
        "url": "planetlab1.pop-rs.rnp.br:32780",
        "authenticated": false,
        "backend_status": "Provisioning in progress",
        "enacted": "2014-09-24T05:34:10.230Z"
    },
    "model": "hpc.originserver",
    "pk": 4267
},
{
    "fields": {
        "updated": "2014-09-24T05:34:10.391Z",
        "contentProvider": 41,
        "origin_server_id": 746,
        "description": "test",
        "created": "2014-09-23T22:35:25.053Z",
        "deleted": false,
        "enabled": true,
        "redirects": true,
        "protocol": "HTTP",
        "url": "planetlab1.postel.org:32780",
        "authenticated": false,
        "backend_status": "Provisioning in progress",
        "enacted": "2014-09-24T05:34:10.445Z"
    },
    "model": "hpc.originserver",
    "pk": 4268
},
{
    "fields": {
        "updated": "2014-09-24T05:34:10.608Z",
        "contentProvider": 41,
        "origin_server_id": 747,
        "description": "test",
        "created": "2014-09-23T22:35:25.119Z",
        "deleted": false,
        "enabled": true,
        "redirects": true,
        "protocol": "HTTP",
        "url": "planetlab1.rd.tut.fi:32780",
        "authenticated": false,
        "backend_status": "Provisioning in progress",
        "enacted": "2014-09-24T05:34:10.677Z"
    },
    "model": "hpc.originserver",
    "pk": 4269
},
{
    "fields": {
        "updated": "2014-09-24T05:34:10.841Z",
        "contentProvider": 41,
        "origin_server_id": 748,
        "description": "test",
        "created": "2014-09-23T22:35:25.177Z",
        "deleted": false,
        "enabled": true,
        "redirects": true,
        "protocol": "HTTP",
        "url": "planetlab1.research.nicta.com.au:32780",
        "authenticated": false,
        "backend_status": "Provisioning in progress",
        "enacted": "2014-09-24T05:34:10.901Z"
    },
    "model": "hpc.originserver",
    "pk": 4270
},
{
    "fields": {
        "updated": "2014-09-24T05:34:11.066Z",
        "contentProvider": 41,
        "origin_server_id": 749,
        "description": "test",
        "created": "2014-09-23T22:35:25.235Z",
        "deleted": false,
        "enabled": true,
        "redirects": true,
        "protocol": "HTTP",
        "url": "planetlab1.rutgers.edu:32780",
        "authenticated": false,
        "backend_status": "Provisioning in progress",
        "enacted": "2014-09-24T05:34:11.124Z"
    },
    "model": "hpc.originserver",
    "pk": 4271
},
{
    "fields": {
        "updated": "2014-09-24T05:34:11.290Z",
        "contentProvider": 41,
        "origin_server_id": 750,
        "description": "test",
        "created": "2014-09-23T22:35:25.310Z",
        "deleted": false,
        "enabled": true,
        "redirects": true,
        "protocol": "HTTP",
        "url": "planetlab1.s3.kth.se:32780",
        "authenticated": false,
        "backend_status": "Provisioning in progress",
        "enacted": "2014-09-24T05:34:11.356Z"
    },
    "model": "hpc.originserver",
    "pk": 4272
},
{
    "fields": {
        "updated": "2014-09-24T05:34:11.557Z",
        "contentProvider": 41,
        "origin_server_id": 751,
        "description": "test",
        "created": "2014-09-23T22:35:25.368Z",
        "deleted": false,
        "enabled": true,
        "redirects": true,
        "protocol": "HTTP",
        "url": "planetlab1.science.unitn.it:32780",
        "authenticated": false,
        "backend_status": "Provisioning in progress",
        "enacted": "2014-09-24T05:34:11.613Z"
    },
    "model": "hpc.originserver",
    "pk": 4273
},
{
    "fields": {
        "updated": "2014-09-24T05:34:11.773Z",
        "contentProvider": 41,
        "origin_server_id": 752,
        "description": "test",
        "created": "2014-09-23T22:35:25.434Z",
        "deleted": false,
        "enabled": true,
        "redirects": true,
        "protocol": "HTTP",
        "url": "planetlab1.sfc.wide.ad.jp:32780",
        "authenticated": false,
        "backend_status": "Provisioning in progress",
        "enacted": "2014-09-24T05:34:11.828Z"
    },
    "model": "hpc.originserver",
    "pk": 4274
},
{
    "fields": {
        "updated": "2014-09-24T05:34:11.990Z",
        "contentProvider": 41,
        "origin_server_id": 753,
        "description": "test",
        "created": "2014-09-23T22:35:25.492Z",
        "deleted": false,
        "enabled": true,
        "redirects": true,
        "protocol": "HTTP",
        "url": "planetlab1.sics.se:32780",
        "authenticated": false,
        "backend_status": "Provisioning in progress",
        "enacted": "2014-09-24T05:34:12.043Z"
    },
    "model": "hpc.originserver",
    "pk": 4275
},
{
    "fields": {
        "updated": "2014-09-24T05:34:12.214Z",
        "contentProvider": 41,
        "origin_server_id": 754,
        "description": "test",
        "created": "2014-09-23T22:35:25.550Z",
        "deleted": false,
        "enabled": true,
        "redirects": true,
        "protocol": "HTTP",
        "url": "planetlab1.tamu.edu:32780",
        "authenticated": false,
        "backend_status": "Provisioning in progress",
        "enacted": "2014-09-24T05:34:12.267Z"
    },
    "model": "hpc.originserver",
    "pk": 4276
},
{
    "fields": {
        "updated": "2014-09-24T05:34:12.423Z",
        "contentProvider": 41,
        "origin_server_id": 755,
        "description": "test",
        "created": "2014-09-23T22:35:25.616Z",
        "deleted": false,
        "enabled": true,
        "redirects": true,
        "protocol": "HTTP",
        "url": "planetlab1.tau.ac.il:32780",
        "authenticated": false,
        "backend_status": "Provisioning in progress",
        "enacted": "2014-09-24T05:34:12.507Z"
    },
    "model": "hpc.originserver",
    "pk": 4277
},
{
    "fields": {
        "updated": "2014-09-24T05:34:12.689Z",
        "contentProvider": 41,
        "origin_server_id": 756,
        "description": "test",
        "created": "2014-09-23T22:35:25.674Z",
        "deleted": false,
        "enabled": true,
        "redirects": true,
        "protocol": "HTTP",
        "url": "planetlab1.temple.edu:32780",
        "authenticated": false,
        "backend_status": "Provisioning in progress",
        "enacted": "2014-09-24T05:34:12.739Z"
    },
    "model": "hpc.originserver",
    "pk": 4278
},
{
    "fields": {
        "updated": "2014-09-24T05:34:12.931Z",
        "contentProvider": 41,
        "origin_server_id": 757,
        "description": "test",
        "created": "2014-09-23T22:35:25.732Z",
        "deleted": false,
        "enabled": true,
        "redirects": true,
        "protocol": "HTTP",
        "url": "planetlab1.thlab.net:32780",
        "authenticated": false,
        "backend_status": "Provisioning in progress",
        "enacted": "2014-09-24T05:34:12.987Z"
    },
    "model": "hpc.originserver",
    "pk": 4279
},
{
    "fields": {
        "updated": "2014-09-24T05:34:13.172Z",
        "contentProvider": 41,
        "origin_server_id": 758,
        "description": "test",
        "created": "2014-09-23T22:35:25.798Z",
        "deleted": false,
        "enabled": true,
        "redirects": true,
        "protocol": "HTTP",
        "url": "planetlab1.tlm.unavarra.es:32780",
        "authenticated": false,
        "backend_status": "Provisioning in progress",
        "enacted": "2014-09-24T05:34:13.236Z"
    },
    "model": "hpc.originserver",
    "pk": 4280
},
{
    "fields": {
        "updated": "2014-09-24T05:34:13.422Z",
        "contentProvider": 41,
        "origin_server_id": 759,
        "description": "test",
        "created": "2014-09-23T22:35:25.864Z",
        "deleted": false,
        "enabled": true,
        "redirects": true,
        "protocol": "HTTP",
        "url": "planetlab1.tmit.bme.hu:32780",
        "authenticated": false,
        "backend_status": "Provisioning in progress",
        "enacted": "2014-09-24T05:34:13.476Z"
    },
    "model": "hpc.originserver",
    "pk": 4281
},
{
    "fields": {
        "updated": "2014-09-24T05:34:13.664Z",
        "contentProvider": 41,
        "origin_server_id": 760,
        "description": "test",
        "created": "2014-09-23T22:35:25.931Z",
        "deleted": false,
        "enabled": true,
        "redirects": true,
        "protocol": "HTTP",
        "url": "planetlab1.tsuniv.edu:32780",
        "authenticated": false,
        "backend_status": "Provisioning in progress",
        "enacted": "2014-09-24T05:34:13.724Z"
    },
    "model": "hpc.originserver",
    "pk": 4282
},
{
    "fields": {
        "updated": "2014-09-24T05:34:13.922Z",
        "contentProvider": 41,
        "origin_server_id": 761,
        "description": "test",
        "created": "2014-09-23T22:35:25.989Z",
        "deleted": false,
        "enabled": true,
        "redirects": true,
        "protocol": "HTTP",
        "url": "planetlab1.u-strasbg.fr:32780",
        "authenticated": false,
        "backend_status": "Provisioning in progress",
        "enacted": "2014-09-24T05:34:13.981Z"
    },
    "model": "hpc.originserver",
    "pk": 4283
},
{
    "fields": {
        "updated": "2014-09-24T05:34:14.271Z",
        "contentProvider": 41,
        "origin_server_id": 762,
        "description": "test",
        "created": "2014-09-23T22:35:26.047Z",
        "deleted": false,
        "enabled": true,
        "redirects": true,
        "protocol": "HTTP",
        "url": "planetlab1.uc3m.es:32780",
        "authenticated": false,
        "backend_status": "Provisioning in progress",
        "enacted": "2014-09-24T05:34:14.337Z"
    },
    "model": "hpc.originserver",
    "pk": 4284
},
{
    "fields": {
        "updated": "2014-09-24T05:34:14.546Z",
        "contentProvider": 41,
        "origin_server_id": 763,
        "description": "test",
        "created": "2014-09-23T22:35:26.113Z",
        "deleted": false,
        "enabled": true,
        "redirects": true,
        "protocol": "HTTP",
        "url": "planetlab1.ucsd.edu:32780",
        "authenticated": false,
        "backend_status": "Provisioning in progress",
        "enacted": "2014-09-24T05:34:14.618Z"
    },
    "model": "hpc.originserver",
    "pk": 4285
},
{
    "fields": {
        "updated": "2014-09-24T05:34:15.275Z",
        "contentProvider": 41,
        "origin_server_id": 764,
        "description": "test",
        "created": "2014-09-23T22:35:26.171Z",
        "deleted": false,
        "enabled": true,
        "redirects": true,
        "protocol": "HTTP",
        "url": "planetlab1.umassd.edu:32780",
        "authenticated": false,
        "backend_status": "Provisioning in progress",
        "enacted": "2014-09-24T05:34:15.339Z"
    },
    "model": "hpc.originserver",
    "pk": 4286
},
{
    "fields": {
        "updated": "2014-09-24T05:34:15.870Z",
        "contentProvider": 41,
        "origin_server_id": 765,
        "description": "test",
        "created": "2014-09-23T22:35:26.229Z",
        "deleted": false,
        "enabled": true,
        "redirects": true,
        "protocol": "HTTP",
        "url": "planetlab1.unineuchatel.ch:32780",
        "authenticated": false,
        "backend_status": "Provisioning in progress",
        "enacted": "2014-09-24T05:34:15.926Z"
    },
    "model": "hpc.originserver",
    "pk": 4287
},
{
    "fields": {
        "updated": "2014-09-24T05:34:16.086Z",
        "contentProvider": 41,
        "origin_server_id": 766,
        "description": "test",
        "created": "2014-09-23T22:35:26.303Z",
        "deleted": false,
        "enabled": true,
        "redirects": true,
        "protocol": "HTTP",
        "url": "planetlab1.unl.edu:32780",
        "authenticated": false,
        "backend_status": "Provisioning in progress",
        "enacted": "2014-09-24T05:34:16.150Z"
    },
    "model": "hpc.originserver",
    "pk": 4288
},
{
    "fields": {
        "updated": "2014-09-24T05:34:16.311Z",
        "contentProvider": 41,
        "origin_server_id": 767,
        "description": "test",
        "created": "2014-09-23T22:35:26.369Z",
        "deleted": false,
        "enabled": true,
        "redirects": true,
        "protocol": "HTTP",
        "url": "planetlab1.upc.es:32780",
        "authenticated": false,
        "backend_status": "Provisioning in progress",
        "enacted": "2014-09-24T05:34:16.374Z"
    },
    "model": "hpc.originserver",
    "pk": 4289
},
{
    "fields": {
        "updated": "2014-09-24T05:34:16.536Z",
        "contentProvider": 41,
        "origin_server_id": 768,
        "description": "test",
        "created": "2014-09-23T22:35:26.427Z",
        "deleted": false,
        "enabled": true,
        "redirects": true,
        "protocol": "HTTP",
        "url": "planetlab1.upm.ro:32780",
        "authenticated": false,
        "backend_status": "Provisioning in progress",
        "enacted": "2014-09-24T05:34:16.597Z"
    },
    "model": "hpc.originserver",
    "pk": 4290
},
{
    "fields": {
        "updated": "2014-09-24T05:34:16.752Z",
        "contentProvider": 41,
        "origin_server_id": 769,
        "description": "test",
        "created": "2014-09-23T22:35:26.494Z",
        "deleted": false,
        "enabled": true,
        "redirects": true,
        "protocol": "HTTP",
        "url": "planetlab1.urv.cat:32780",
        "authenticated": false,
        "backend_status": "Provisioning in progress",
        "enacted": "2014-09-24T05:34:16.821Z"
    },
    "model": "hpc.originserver",
    "pk": 4291
},
{
    "fields": {
        "updated": "2014-09-24T05:34:17.019Z",
        "contentProvider": 41,
        "origin_server_id": 770,
        "description": "test",
        "created": "2014-09-23T22:35:26.560Z",
        "deleted": false,
        "enabled": true,
        "redirects": true,
        "protocol": "HTTP",
        "url": "planetlab1.uta.edu:32780",
        "authenticated": false,
        "backend_status": "Provisioning in progress",
        "enacted": "2014-09-24T05:34:17.077Z"
    },
    "model": "hpc.originserver",
    "pk": 4292
},
{
    "fields": {
        "updated": "2014-09-24T05:34:17.244Z",
        "contentProvider": 41,
        "origin_server_id": 771,
        "description": "test",
        "created": "2014-09-23T22:35:26.618Z",
        "deleted": false,
        "enabled": true,
        "redirects": true,
        "protocol": "HTTP",
        "url": "planetlab1.utdallas.edu:32780",
        "authenticated": false,
        "backend_status": "Provisioning in progress",
        "enacted": "2014-09-24T05:34:17.309Z"
    },
    "model": "hpc.originserver",
    "pk": 4293
},
{
    "fields": {
        "updated": "2014-09-24T05:34:17.477Z",
        "contentProvider": 41,
        "origin_server_id": 772,
        "description": "test",
        "created": "2014-09-23T22:35:26.667Z",
        "deleted": false,
        "enabled": true,
        "redirects": true,
        "protocol": "HTTP",
        "url": "planetlab1.utt.fr:32780",
        "authenticated": false,
        "backend_status": "Provisioning in progress",
        "enacted": "2014-09-24T05:34:17.533Z"
    },
    "model": "hpc.originserver",
    "pk": 4294
},
{
    "fields": {
        "updated": "2014-09-24T05:34:17.702Z",
        "contentProvider": 41,
        "origin_server_id": 773,
        "description": "test",
        "created": "2014-09-23T22:35:26.725Z",
        "deleted": false,
        "enabled": true,
        "redirects": true,
        "protocol": "HTTP",
        "url": "planetlab1.willab.fi:32780",
        "authenticated": false,
        "backend_status": "Provisioning in progress",
        "enacted": "2014-09-24T05:34:17.798Z"
    },
    "model": "hpc.originserver",
    "pk": 4295
},
{
    "fields": {
        "updated": "2014-09-24T05:34:17.969Z",
        "contentProvider": 41,
        "origin_server_id": 774,
        "description": "test",
        "created": "2014-09-23T22:35:26.792Z",
        "deleted": false,
        "enabled": true,
        "redirects": true,
        "protocol": "HTTP",
        "url": "planetlab1.wiwi.hu-berlin.de:32780",
        "authenticated": false,
        "backend_status": "Provisioning in progress",
        "enacted": "2014-09-24T05:34:18.030Z"
    },
    "model": "hpc.originserver",
    "pk": 4296
},
{
    "fields": {
        "updated": "2014-09-24T05:34:18.218Z",
        "contentProvider": 41,
        "origin_server_id": 775,
        "description": "test",
        "created": "2014-09-23T22:35:26.891Z",
        "deleted": false,
        "enabled": true,
        "redirects": true,
        "protocol": "HTTP",
        "url": "planetlab1.xeno.cl.cam.ac.uk:32780",
        "authenticated": false,
        "backend_status": "Provisioning in progress",
        "enacted": "2014-09-24T05:34:18.286Z"
    },
    "model": "hpc.originserver",
    "pk": 4297
},
{
    "fields": {
        "updated": "2014-09-24T05:34:18.451Z",
        "contentProvider": 41,
        "origin_server_id": 776,
        "description": "test",
        "created": "2014-09-23T22:35:26.957Z",
        "deleted": false,
        "enabled": true,
        "redirects": true,
        "protocol": "HTTP",
        "url": "planetlab10.millennium.berkeley.edu:32780",
        "authenticated": false,
        "backend_status": "Provisioning in progress",
        "enacted": "2014-09-24T05:34:18.510Z"
    },
    "model": "hpc.originserver",
    "pk": 4298
},
{
    "fields": {
        "updated": "2014-09-24T05:34:18.668Z",
        "contentProvider": 41,
        "origin_server_id": 777,
        "description": "test",
        "created": "2014-09-23T22:35:27.015Z",
        "deleted": false,
        "enabled": true,
        "redirects": true,
        "protocol": "HTTP",
        "url": "planetlab12.millennium.berkeley.edu:32780",
        "authenticated": false,
        "backend_status": "Provisioning in progress",
        "enacted": "2014-09-24T05:34:18.725Z"
    },
    "model": "hpc.originserver",
    "pk": 4299
},
{
    "fields": {
        "updated": "2014-09-24T05:34:18.884Z",
        "contentProvider": 41,
        "origin_server_id": 778,
        "description": "test",
        "created": "2014-09-23T22:35:27.090Z",
        "deleted": false,
        "enabled": true,
        "redirects": true,
        "protocol": "HTTP",
        "url": "planetlab13.millennium.berkeley.edu:32780",
        "authenticated": false,
        "backend_status": "Provisioning in progress",
        "enacted": "2014-09-24T05:34:18.940Z"
    },
    "model": "hpc.originserver",
    "pk": 4300
},
{
    "fields": {
        "updated": "2014-09-24T05:34:19.100Z",
        "contentProvider": 41,
        "origin_server_id": 779,
        "description": "test",
        "created": "2014-09-23T22:35:27.148Z",
        "deleted": false,
        "enabled": true,
        "redirects": true,
        "protocol": "HTTP",
        "url": "planetlab16.millennium.berkeley.edu:32780",
        "authenticated": false,
        "backend_status": "Provisioning in progress",
        "enacted": "2014-09-24T05:34:19.164Z"
    },
    "model": "hpc.originserver",
    "pk": 4301
},
{
    "fields": {
        "updated": "2014-09-24T05:34:19.325Z",
        "contentProvider": 41,
        "origin_server_id": 780,
        "description": "test",
        "created": "2014-09-23T22:35:27.206Z",
        "deleted": false,
        "enabled": true,
        "redirects": true,
        "protocol": "HTTP",
        "url": "planetlab1lannion.elibel.tm.fr:32780",
        "authenticated": false,
        "backend_status": "Provisioning in progress",
        "enacted": "2014-09-24T05:34:19.396Z"
    },
    "model": "hpc.originserver",
    "pk": 4302
},
{
    "fields": {
        "updated": "2014-09-24T05:34:19.558Z",
        "contentProvider": 41,
        "origin_server_id": 781,
        "description": "test",
        "created": "2014-09-23T22:35:27.272Z",
        "deleted": false,
        "enabled": true,
        "redirects": true,
        "protocol": "HTTP",
        "url": "planetlab2-saopaulo.lan.redclara.net:32780",
        "authenticated": false,
        "backend_status": "Provisioning in progress",
        "enacted": "2014-09-24T05:34:19.627Z"
    },
    "model": "hpc.originserver",
    "pk": 4303
},
{
    "fields": {
        "updated": "2014-09-24T05:34:19.792Z",
        "contentProvider": 41,
        "origin_server_id": 782,
        "description": "test",
        "created": "2014-09-23T22:35:27.338Z",
        "deleted": false,
        "enabled": true,
        "redirects": true,
        "protocol": "HTTP",
        "url": "planetlab2.acis.ufl.edu:32780",
        "authenticated": false,
        "backend_status": "Provisioning in progress",
        "enacted": "2014-09-24T05:34:19.859Z"
    },
    "model": "hpc.originserver",
    "pk": 4304
},
{
    "fields": {
        "updated": "2014-09-24T05:34:20.025Z",
        "contentProvider": 41,
        "origin_server_id": 783,
        "description": "test",
        "created": "2014-09-23T22:35:27.404Z",
        "deleted": false,
        "enabled": true,
        "redirects": true,
        "protocol": "HTTP",
        "url": "planetlab2.aston.ac.uk:32780",
        "authenticated": false,
        "backend_status": "Provisioning in progress",
        "enacted": "2014-09-24T05:34:20.083Z"
    },
    "model": "hpc.originserver",
    "pk": 4305
},
{
    "fields": {
        "updated": "2014-09-24T05:34:20.250Z",
        "contentProvider": 41,
        "origin_server_id": 784,
        "description": "test",
        "created": "2014-09-23T22:35:27.462Z",
        "deleted": false,
        "enabled": true,
        "redirects": true,
        "protocol": "HTTP",
        "url": "planetlab2.aut.ac.nz:32780",
        "authenticated": false,
        "backend_status": "Provisioning in progress",
        "enacted": "2014-09-24T05:34:20.314Z"
    },
    "model": "hpc.originserver",
    "pk": 4306
},
{
    "fields": {
        "updated": "2014-09-24T05:34:20.474Z",
        "contentProvider": 41,
        "origin_server_id": 785,
        "description": "test",
        "created": "2014-09-23T22:35:27.529Z",
        "deleted": false,
        "enabled": true,
        "redirects": true,
        "protocol": "HTTP",
        "url": "planetlab2.bgu.ac.il:32780",
        "authenticated": false,
        "backend_status": "Provisioning in progress",
        "enacted": "2014-09-24T05:34:20.538Z"
    },
    "model": "hpc.originserver",
    "pk": 4307
},
{
    "fields": {
        "updated": "2014-09-24T05:34:20.708Z",
        "contentProvider": 41,
        "origin_server_id": 786,
        "description": "test",
        "created": "2014-09-23T22:35:27.595Z",
        "deleted": false,
        "enabled": true,
        "redirects": true,
        "protocol": "HTTP",
        "url": "planetlab2.buaa.edu.cn:32780",
        "authenticated": false,
        "backend_status": "Provisioning in progress",
        "enacted": "2014-09-24T05:34:20.778Z"
    },
    "model": "hpc.originserver",
    "pk": 4308
},
{
    "fields": {
        "updated": "2014-09-24T05:34:20.949Z",
        "contentProvider": 41,
        "origin_server_id": 787,
        "description": "test",
        "created": "2014-09-23T22:35:27.653Z",
        "deleted": false,
        "enabled": true,
        "redirects": true,
        "protocol": "HTTP",
        "url": "planetlab2.byu.edu:32780",
        "authenticated": false,
        "backend_status": "Provisioning in progress",
        "enacted": "2014-09-24T05:34:21.002Z"
    },
    "model": "hpc.originserver",
    "pk": 4309
},
{
    "fields": {
        "updated": "2014-09-24T05:34:21.166Z",
        "contentProvider": 41,
        "origin_server_id": 788,
        "description": "test",
        "created": "2014-09-23T22:35:27.702Z",
        "deleted": false,
        "enabled": true,
        "redirects": true,
        "protocol": "HTTP",
        "url": "planetlab2.c3sl.ufpr.br:32780",
        "authenticated": false,
        "backend_status": "Provisioning in progress",
        "enacted": "2014-09-24T05:34:21.225Z"
    },
    "model": "hpc.originserver",
    "pk": 4310
},
{
    "fields": {
        "updated": "2014-09-24T05:34:21.390Z",
        "contentProvider": 41,
        "origin_server_id": 789,
        "description": "test",
        "created": "2014-09-23T22:35:27.752Z",
        "deleted": false,
        "enabled": true,
        "redirects": true,
        "protocol": "HTTP",
        "url": "planetlab2.cesnet.cz:32780",
        "authenticated": false,
        "backend_status": "Provisioning in progress",
        "enacted": "2014-09-24T05:34:21.449Z"
    },
    "model": "hpc.originserver",
    "pk": 4311
},
{
    "fields": {
        "updated": "2014-09-24T05:34:21.615Z",
        "contentProvider": 41,
        "origin_server_id": 790,
        "description": "test",
        "created": "2014-09-23T22:35:27.810Z",
        "deleted": false,
        "enabled": true,
        "redirects": true,
        "protocol": "HTTP",
        "url": "planetlab2.ci.pwr.wroc.pl:32780",
        "authenticated": false,
        "backend_status": "Provisioning in progress",
        "enacted": "2014-09-24T05:34:21.672Z"
    },
    "model": "hpc.originserver",
    "pk": 4312
},
{
    "fields": {
        "updated": "2014-09-24T05:34:21.832Z",
        "contentProvider": 41,
        "origin_server_id": 791,
        "description": "test",
        "created": "2014-09-23T22:35:27.868Z",
        "deleted": false,
        "enabled": true,
        "redirects": true,
        "protocol": "HTTP",
        "url": "planetlab2.cis.upenn.edu:32780",
        "authenticated": false,
        "backend_status": "Provisioning in progress",
        "enacted": "2014-09-24T05:34:21.888Z"
    },
    "model": "hpc.originserver",
    "pk": 4313
},
{
    "fields": {
        "updated": "2014-09-24T05:34:22.048Z",
        "contentProvider": 41,
        "origin_server_id": 792,
        "description": "test",
        "created": "2014-09-23T22:35:27.926Z",
        "deleted": false,
        "enabled": true,
        "redirects": true,
        "protocol": "HTTP",
        "url": "planetlab2.citadel.edu:32780",
        "authenticated": false,
        "backend_status": "Provisioning in progress",
        "enacted": "2014-09-24T05:34:22.111Z"
    },
    "model": "hpc.originserver",
    "pk": 4314
},
{
    "fields": {
        "updated": "2014-09-24T05:34:22.315Z",
        "contentProvider": 41,
        "origin_server_id": 793,
        "description": "test",
        "created": "2014-09-23T22:35:27.984Z",
        "deleted": false,
        "enabled": true,
        "redirects": true,
        "protocol": "HTTP",
        "url": "planetlab2.clemson.edu:32780",
        "authenticated": false,
        "backend_status": "Provisioning in progress",
        "enacted": "2014-09-24T05:34:22.376Z"
    },
    "model": "hpc.originserver",
    "pk": 4315
},
{
    "fields": {
        "updated": "2014-09-24T05:34:22.548Z",
        "contentProvider": 41,
        "origin_server_id": 794,
        "description": "test",
        "created": "2014-09-23T22:35:28.042Z",
        "deleted": false,
        "enabled": true,
        "redirects": true,
        "protocol": "HTTP",
        "url": "planetlab2.cnis.nyit.edu:32780",
        "authenticated": false,
        "backend_status": "Provisioning in progress",
        "enacted": "2014-09-24T05:34:22.608Z"
    },
    "model": "hpc.originserver",
    "pk": 4316
},
{
    "fields": {
        "updated": "2014-09-24T05:34:22.764Z",
        "contentProvider": 41,
        "origin_server_id": 795,
        "description": "test",
        "created": "2014-09-23T22:35:28.100Z",
        "deleted": false,
        "enabled": true,
        "redirects": true,
        "protocol": "HTTP",
        "url": "planetlab2.comp.nus.edu.sg:32780",
        "authenticated": false,
        "backend_status": "Provisioning in progress",
        "enacted": "2014-09-24T05:34:22.823Z"
    },
    "model": "hpc.originserver",
    "pk": 4317
},
{
    "fields": {
        "updated": "2014-09-24T05:34:22.989Z",
        "contentProvider": 41,
        "origin_server_id": 796,
        "description": "test",
        "created": "2014-09-23T22:35:28.158Z",
        "deleted": false,
        "enabled": true,
        "redirects": true,
        "protocol": "HTTP",
        "url": "planetlab2.cqupt.edu.cn:32780",
        "authenticated": false,
        "backend_status": "Provisioning in progress",
        "enacted": "2014-09-24T05:34:23.055Z"
    },
    "model": "hpc.originserver",
    "pk": 4318
},
{
    "fields": {
        "updated": "2014-09-24T05:34:23.214Z",
        "contentProvider": 41,
        "origin_server_id": 797,
        "description": "test",
        "created": "2014-09-23T22:35:28.216Z",
        "deleted": false,
        "enabled": true,
        "redirects": true,
        "protocol": "HTTP",
        "url": "planetlab2.cs.aueb.gr:32780",
        "authenticated": false,
        "backend_status": "Provisioning in progress",
        "enacted": "2014-09-24T05:34:23.278Z"
    },
    "model": "hpc.originserver",
    "pk": 4319
},
{
    "fields": {
        "updated": "2014-09-24T05:34:23.439Z",
        "contentProvider": 41,
        "origin_server_id": 798,
        "description": "test",
        "created": "2014-09-23T22:35:28.274Z",
        "deleted": false,
        "enabled": true,
        "redirects": true,
        "protocol": "HTTP",
        "url": "planetlab2.cs.colorado.edu:32780",
        "authenticated": false,
        "backend_status": "Provisioning in progress",
        "enacted": "2014-09-24T05:34:23.510Z"
    },
    "model": "hpc.originserver",
    "pk": 4320
},
{
    "fields": {
        "updated": "2014-09-24T05:34:23.680Z",
        "contentProvider": 41,
        "origin_server_id": 799,
        "description": "test",
        "created": "2014-09-23T22:35:28.332Z",
        "deleted": false,
        "enabled": true,
        "redirects": true,
        "protocol": "HTTP",
        "url": "planetlab2.cs.columbia.edu:32780",
        "authenticated": false,
        "backend_status": "Provisioning in progress",
        "enacted": "2014-09-24T05:34:23.742Z"
    },
    "model": "hpc.originserver",
    "pk": 4321
},
{
    "fields": {
        "updated": "2014-09-24T05:34:23.905Z",
        "contentProvider": 41,
        "origin_server_id": 800,
        "description": "test",
        "created": "2014-09-23T22:35:28.390Z",
        "deleted": false,
        "enabled": true,
        "redirects": true,
        "protocol": "HTTP",
        "url": "planetlab2.cs.cornell.edu:32780",
        "authenticated": false,
        "backend_status": "Provisioning in progress",
        "enacted": "2014-09-24T05:34:23.966Z"
    },
    "model": "hpc.originserver",
    "pk": 4322
},
{
    "fields": {
        "updated": "2014-09-24T05:34:24.130Z",
        "contentProvider": 41,
        "origin_server_id": 801,
        "description": "test",
        "created": "2014-09-23T22:35:28.448Z",
        "deleted": false,
        "enabled": true,
        "redirects": true,
        "protocol": "HTTP",
        "url": "planetlab2.cs.du.edu:32780",
        "authenticated": false,
        "backend_status": "Provisioning in progress",
        "enacted": "2014-09-24T05:34:24.222Z"
    },
    "model": "hpc.originserver",
    "pk": 4323
},
{
    "fields": {
        "updated": "2014-09-24T05:34:24.380Z",
        "contentProvider": 41,
        "origin_server_id": 802,
        "description": "test",
        "created": "2014-09-23T22:35:28.506Z",
        "deleted": false,
        "enabled": true,
        "redirects": true,
        "protocol": "HTTP",
        "url": "planetlab2.cs.okstate.edu:32780",
        "authenticated": false,
        "backend_status": "Provisioning in progress",
        "enacted": "2014-09-24T05:34:24.454Z"
    },
    "model": "hpc.originserver",
    "pk": 4324
},
{
    "fields": {
        "updated": "2014-09-24T05:34:24.621Z",
        "contentProvider": 41,
        "origin_server_id": 803,
        "description": "test",
        "created": "2014-09-23T22:35:28.564Z",
        "deleted": false,
        "enabled": true,
        "redirects": true,
        "protocol": "HTTP",
        "url": "planetlab2.cs.otago.ac.nz:32780",
        "authenticated": false,
        "backend_status": "Provisioning in progress",
        "enacted": "2014-09-24T05:34:24.703Z"
    },
    "model": "hpc.originserver",
    "pk": 4325
},
{
    "fields": {
        "updated": "2014-09-24T05:34:24.926Z",
        "contentProvider": 41,
        "origin_server_id": 804,
        "description": "test",
        "created": "2014-09-23T22:35:28.622Z",
        "deleted": false,
        "enabled": true,
        "redirects": true,
        "protocol": "HTTP",
        "url": "planetlab2.cs.pitt.edu:32780",
        "authenticated": false,
        "backend_status": "Provisioning in progress",
        "enacted": "2014-09-24T05:34:24.976Z"
    },
    "model": "hpc.originserver",
    "pk": 4326
},
{
    "fields": {
        "updated": "2014-09-24T05:34:25.221Z",
        "contentProvider": 41,
        "origin_server_id": 805,
        "description": "test",
        "created": "2014-09-23T22:35:28.680Z",
        "deleted": false,
        "enabled": true,
        "redirects": true,
        "protocol": "HTTP",
        "url": "planetlab2.cs.purdue.edu:32780",
        "authenticated": false,
        "backend_status": "Provisioning in progress",
        "enacted": "2014-09-24T05:34:25.290Z"
    },
    "model": "hpc.originserver",
    "pk": 4327
},
{
    "fields": {
        "updated": "2014-09-24T05:34:25.510Z",
        "contentProvider": 41,
        "origin_server_id": 806,
        "description": "test",
        "created": "2014-09-23T22:35:28.738Z",
        "deleted": false,
        "enabled": true,
        "redirects": true,
        "protocol": "HTTP",
        "url": "planetlab2.cs.stevens-tech.edu:32780",
        "authenticated": false,
        "backend_status": "Provisioning in progress",
        "enacted": "2014-09-24T05:34:25.671Z"
    },
    "model": "hpc.originserver",
    "pk": 4328
},
{
    "fields": {
        "updated": "2014-09-24T05:34:25.887Z",
        "contentProvider": 41,
        "origin_server_id": 807,
        "description": "test",
        "created": "2014-09-23T22:35:28.796Z",
        "deleted": false,
        "enabled": true,
        "redirects": true,
        "protocol": "HTTP",
        "url": "planetlab2.cs.ubc.ca:32780",
        "authenticated": false,
        "backend_status": "Provisioning in progress",
        "enacted": "2014-09-24T05:34:25.936Z"
    },
    "model": "hpc.originserver",
    "pk": 4329
},
{
    "fields": {
        "updated": "2014-09-24T05:34:26.111Z",
        "contentProvider": 41,
        "origin_server_id": 808,
        "description": "test",
        "created": "2014-09-23T22:35:28.853Z",
        "deleted": false,
        "enabled": true,
        "redirects": true,
        "protocol": "HTTP",
        "url": "planetlab2.cs.ucl.ac.uk:32780",
        "authenticated": false,
        "backend_status": "Provisioning in progress",
        "enacted": "2014-09-24T05:34:26.168Z"
    },
    "model": "hpc.originserver",
    "pk": 4330
},
{
    "fields": {
        "updated": "2014-09-24T05:34:26.395Z",
        "contentProvider": 41,
        "origin_server_id": 809,
        "description": "test",
        "created": "2014-09-23T22:35:28.920Z",
        "deleted": false,
        "enabled": true,
        "redirects": true,
        "protocol": "HTTP",
        "url": "planetlab2.cs.ucla.edu:32780",
        "authenticated": false,
        "backend_status": "Provisioning in progress",
        "enacted": "2014-09-24T05:34:26.524Z"
    },
    "model": "hpc.originserver",
    "pk": 4331
},
{
    "fields": {
        "updated": "2014-09-24T05:34:26.703Z",
        "contentProvider": 41,
        "origin_server_id": 810,
        "description": "test",
        "created": "2014-09-23T22:35:28.978Z",
        "deleted": false,
        "enabled": true,
        "redirects": true,
        "protocol": "HTTP",
        "url": "planetlab2.cs.uit.no:32780",
        "authenticated": false,
        "backend_status": "Provisioning in progress",
        "enacted": "2014-09-24T05:34:26.772Z"
    },
    "model": "hpc.originserver",
    "pk": 4332
},
{
    "fields": {
        "updated": "2014-09-24T05:34:26.944Z",
        "contentProvider": 41,
        "origin_server_id": 811,
        "description": "test",
        "created": "2014-09-23T22:35:29.036Z",
        "deleted": false,
        "enabled": true,
        "redirects": true,
        "protocol": "HTTP",
        "url": "planetlab2.cs.umass.edu:32780",
        "authenticated": false,
        "backend_status": "Provisioning in progress",
        "enacted": "2014-09-24T05:34:26.996Z"
    },
    "model": "hpc.originserver",
    "pk": 4333
},
{
    "fields": {
        "updated": "2014-09-24T05:34:27.284Z",
        "contentProvider": 41,
        "origin_server_id": 812,
        "description": "test",
        "created": "2014-09-23T22:35:29.094Z",
        "deleted": false,
        "enabled": true,
        "redirects": true,
        "protocol": "HTTP",
        "url": "planetlab2.cs.uml.edu:32780",
        "authenticated": false,
        "backend_status": "Provisioning in progress",
        "enacted": "2014-09-24T05:34:27.406Z"
    },
    "model": "hpc.originserver",
    "pk": 4334
},
{
    "fields": {
        "updated": "2014-09-24T05:34:27.785Z",
        "contentProvider": 41,
        "origin_server_id": 813,
        "description": "test",
        "created": "2014-09-23T22:35:29.152Z",
        "deleted": false,
        "enabled": true,
        "redirects": true,
        "protocol": "HTTP",
        "url": "planetlab2.cs.unc.edu:32780",
        "authenticated": false,
        "backend_status": "Provisioning in progress",
        "enacted": "2014-09-24T05:34:27.890Z"
    },
    "model": "hpc.originserver",
    "pk": 4335
},
{
    "fields": {
        "updated": "2014-09-24T05:34:28.176Z",
        "contentProvider": 41,
        "origin_server_id": 814,
        "description": "test",
        "created": "2014-09-23T22:35:29.218Z",
        "deleted": false,
        "enabled": true,
        "redirects": true,
        "protocol": "HTTP",
        "url": "planetlab2.cs.uoi.gr:32780",
        "authenticated": false,
        "backend_status": "Provisioning in progress",
        "enacted": "2014-09-24T05:34:28.230Z"
    },
    "model": "hpc.originserver",
    "pk": 4336
},
{
    "fields": {
        "updated": "2014-09-24T05:34:28.393Z",
        "contentProvider": 41,
        "origin_server_id": 815,
        "description": "test",
        "created": "2014-09-23T22:35:29.284Z",
        "deleted": false,
        "enabled": true,
        "redirects": true,
        "protocol": "HTTP",
        "url": "planetlab2.cs.uoregon.edu:32780",
        "authenticated": false,
        "backend_status": "Provisioning in progress",
        "enacted": "2014-09-24T05:34:28.453Z"
    },
    "model": "hpc.originserver",
    "pk": 4337
},
{
    "fields": {
        "updated": "2014-09-24T05:34:28.675Z",
        "contentProvider": 41,
        "origin_server_id": 816,
        "description": "test",
        "created": "2014-09-23T22:35:29.342Z",
        "deleted": false,
        "enabled": true,
        "redirects": true,
        "protocol": "HTTP",
        "url": "planetlab2.cs.vu.nl:32780",
        "authenticated": false,
        "backend_status": "Provisioning in progress",
        "enacted": "2014-09-24T05:34:28.735Z"
    },
    "model": "hpc.originserver",
    "pk": 4338
},
{
    "fields": {
        "updated": "2014-09-24T05:34:28.951Z",
        "contentProvider": 41,
        "origin_server_id": 817,
        "description": "test",
        "created": "2014-09-23T22:35:29.408Z",
        "deleted": false,
        "enabled": true,
        "redirects": true,
        "protocol": "HTTP",
        "url": "planetlab2.csee.usf.edu:32780",
        "authenticated": false,
        "backend_status": "Provisioning in progress",
        "enacted": "2014-09-24T05:34:29.008Z"
    },
    "model": "hpc.originserver",
    "pk": 4339
},
{
    "fields": {
        "updated": "2014-09-24T05:34:29.217Z",
        "contentProvider": 41,
        "origin_server_id": 818,
        "description": "test",
        "created": "2014-09-23T22:35:29.466Z",
        "deleted": false,
        "enabled": true,
        "redirects": true,
        "protocol": "HTTP",
        "url": "planetlab2.csg.uzh.ch:32780",
        "authenticated": false,
        "backend_status": "Provisioning in progress",
        "enacted": "2014-09-24T05:34:29.273Z"
    },
    "model": "hpc.originserver",
    "pk": 4340
},
{
    "fields": {
        "updated": "2014-09-24T05:34:29.434Z",
        "contentProvider": 41,
        "origin_server_id": 819,
        "description": "test",
        "created": "2014-09-23T22:35:29.532Z",
        "deleted": false,
        "enabled": true,
        "redirects": true,
        "protocol": "HTTP",
        "url": "planetlab2.cti.espol.edu.ec:32780",
        "authenticated": false,
        "backend_status": "Provisioning in progress",
        "enacted": "2014-09-24T05:34:29.496Z"
    },
    "model": "hpc.originserver",
    "pk": 4341
},
{
    "fields": {
        "updated": "2014-09-24T05:34:29.723Z",
        "contentProvider": 41,
        "origin_server_id": 820,
        "description": "test",
        "created": "2014-09-23T22:35:29.590Z",
        "deleted": false,
        "enabled": true,
        "redirects": true,
        "protocol": "HTTP",
        "url": "planetlab2.di.fct.unl.pt:32780",
        "authenticated": false,
        "backend_status": "Provisioning in progress",
        "enacted": "2014-09-24T05:34:29.786Z"
    },
    "model": "hpc.originserver",
    "pk": 4342
},
{
    "fields": {
        "updated": "2014-09-24T05:34:29.967Z",
        "contentProvider": 41,
        "origin_server_id": 821,
        "description": "test",
        "created": "2014-09-23T22:35:29.657Z",
        "deleted": false,
        "enabled": true,
        "redirects": true,
        "protocol": "HTTP",
        "url": "planetlab2.di.unito.it:32780",
        "authenticated": false,
        "backend_status": "Provisioning in progress",
        "enacted": "2014-09-24T05:34:30.026Z"
    },
    "model": "hpc.originserver",
    "pk": 4343
},
{
    "fields": {
        "updated": "2014-09-24T05:34:30.275Z",
        "contentProvider": 41,
        "origin_server_id": 822,
        "description": "test",
        "created": "2014-09-23T22:35:29.723Z",
        "deleted": false,
        "enabled": true,
        "redirects": true,
        "protocol": "HTTP",
        "url": "planetlab2.diku.dk:32780",
        "authenticated": false,
        "backend_status": "Provisioning in progress",
        "enacted": "2014-09-24T05:34:30.341Z"
    },
    "model": "hpc.originserver",
    "pk": 4344
},
{
    "fields": {
        "updated": "2014-09-24T05:34:30.516Z",
        "contentProvider": 41,
        "origin_server_id": 823,
        "description": "test",
        "created": "2014-09-23T22:35:29.789Z",
        "deleted": false,
        "enabled": true,
        "redirects": true,
        "protocol": "HTTP",
        "url": "planetlab2.dit.upm.es:32780",
        "authenticated": false,
        "backend_status": "Provisioning in progress",
        "enacted": "2014-09-24T05:34:30.614Z"
    },
    "model": "hpc.originserver",
    "pk": 4345
},
{
    "fields": {
        "updated": "2014-09-24T05:34:30.953Z",
        "contentProvider": 41,
        "origin_server_id": 824,
        "description": "test",
        "created": "2014-09-23T22:35:29.839Z",
        "deleted": false,
        "enabled": true,
        "redirects": true,
        "protocol": "HTTP",
        "url": "planetlab2.dtc.umn.edu:32780",
        "authenticated": false,
        "backend_status": "Provisioning in progress",
        "enacted": "2014-09-24T05:34:31.061Z"
    },
    "model": "hpc.originserver",
    "pk": 4346
},
{
    "fields": {
        "updated": "2014-09-24T05:34:31.358Z",
        "contentProvider": 41,
        "origin_server_id": 825,
        "description": "test",
        "created": "2014-09-23T22:35:29.888Z",
        "deleted": false,
        "enabled": true,
        "redirects": true,
        "protocol": "HTTP",
        "url": "planetlab2.ecs.vuw.ac.nz:32780",
        "authenticated": false,
        "backend_status": "Provisioning in progress",
        "enacted": "2014-09-24T05:34:31.417Z"
    },
    "model": "hpc.originserver",
    "pk": 4347
},
{
    "fields": {
        "updated": "2014-09-24T05:34:31.690Z",
        "contentProvider": 41,
        "origin_server_id": 826,
        "description": "test",
        "created": "2014-09-23T22:35:29.946Z",
        "deleted": false,
        "enabled": true,
        "redirects": true,
        "protocol": "HTTP",
        "url": "planetlab2.eecs.jacobs-university.de:32780",
        "authenticated": false,
        "backend_status": "Provisioning in progress",
        "enacted": "2014-09-24T05:34:31.748Z"
    },
    "model": "hpc.originserver",
    "pk": 4348
},
{
    "fields": {
        "updated": "2014-09-24T05:34:31.923Z",
        "contentProvider": 41,
        "origin_server_id": 827,
        "description": "test",
        "created": "2014-09-23T22:35:30.004Z",
        "deleted": false,
        "enabled": true,
        "redirects": true,
        "protocol": "HTTP",
        "url": "planetlab2.eecs.ucf.edu:32780",
        "authenticated": false,
        "backend_status": "Provisioning in progress",
        "enacted": "2014-09-24T05:34:31.980Z"
    },
    "model": "hpc.originserver",
    "pk": 4349
},
{
    "fields": {
        "updated": "2014-09-24T05:34:32.208Z",
        "contentProvider": 41,
        "origin_server_id": 828,
        "description": "test",
        "created": "2014-09-23T22:35:30.095Z",
        "deleted": false,
        "enabled": true,
        "redirects": true,
        "protocol": "HTTP",
        "url": "planetlab2.eecs.umich.edu:32780",
        "authenticated": false,
        "backend_status": "Provisioning in progress",
        "enacted": "2014-09-24T05:34:32.278Z"
    },
    "model": "hpc.originserver",
    "pk": 4350
},
{
    "fields": {
        "updated": "2014-09-24T05:34:32.506Z",
        "contentProvider": 41,
        "origin_server_id": 829,
        "description": "test",
        "created": "2014-09-23T22:35:30.145Z",
        "deleted": false,
        "enabled": true,
        "redirects": true,
        "protocol": "HTTP",
        "url": "planetlab2.eecs.wsu.edu:32780",
        "authenticated": false,
        "backend_status": "Provisioning in progress",
        "enacted": "2014-09-24T05:34:32.576Z"
    },
    "model": "hpc.originserver",
    "pk": 4351
},
{
    "fields": {
        "updated": "2014-09-24T05:34:32.782Z",
        "contentProvider": 41,
        "origin_server_id": 830,
        "description": "test",
        "created": "2014-09-23T22:35:30.203Z",
        "deleted": false,
        "enabled": true,
        "redirects": true,
        "protocol": "HTTP",
        "url": "planetlab2.engr.uconn.edu:32780",
        "authenticated": false,
        "backend_status": "Provisioning in progress",
        "enacted": "2014-09-24T05:34:32.850Z"
    },
    "model": "hpc.originserver",
    "pk": 4352
},
{
    "fields": {
        "updated": "2014-09-24T05:34:33.131Z",
        "contentProvider": 41,
        "origin_server_id": 831,
        "description": "test",
        "created": "2014-09-23T22:35:30.261Z",
        "deleted": false,
        "enabled": true,
        "redirects": true,
        "protocol": "HTTP",
        "url": "planetlab2.esprit-tn.com:32780",
        "authenticated": false,
        "backend_status": "Provisioning in progress",
        "enacted": "2014-09-24T05:34:33.197Z"
    },
    "model": "hpc.originserver",
    "pk": 4353
},
{
    "fields": {
        "updated": "2014-09-24T05:34:33.406Z",
        "contentProvider": 41,
        "origin_server_id": 832,
        "description": "test",
        "created": "2014-09-23T22:35:30.319Z",
        "deleted": false,
        "enabled": true,
        "redirects": true,
        "protocol": "HTTP",
        "url": "planetlab2.eurecom.fr:32780",
        "authenticated": false,
        "backend_status": "Provisioning in progress",
        "enacted": "2014-09-24T05:34:33.471Z"
    },
    "model": "hpc.originserver",
    "pk": 4354
},
{
    "fields": {
        "updated": "2014-09-24T05:34:33.701Z",
        "contentProvider": 41,
        "origin_server_id": 833,
        "description": "test",
        "created": "2014-09-23T22:35:30.368Z",
        "deleted": false,
        "enabled": true,
        "redirects": true,
        "protocol": "HTTP",
        "url": "planetlab2.ewi.tudelft.nl:32780",
        "authenticated": false,
        "backend_status": "Provisioning in progress",
        "enacted": "2014-09-24T05:34:33.760Z"
    },
    "model": "hpc.originserver",
    "pk": 4355
},
{
    "fields": {
        "updated": "2014-09-24T05:34:33.996Z",
        "contentProvider": 41,
        "origin_server_id": 834,
        "description": "test",
        "created": "2014-09-23T22:35:30.426Z",
        "deleted": false,
        "enabled": true,
        "redirects": true,
        "protocol": "HTTP",
        "url": "planetlab2.exp-math.uni-essen.de:32780",
        "authenticated": false,
        "backend_status": "Provisioning in progress",
        "enacted": "2014-09-24T05:34:34.058Z"
    },
    "model": "hpc.originserver",
    "pk": 4356
},
{
    "fields": {
        "updated": "2014-09-24T05:34:34.294Z",
        "contentProvider": 41,
        "origin_server_id": 835,
        "description": "test",
        "created": "2014-09-23T22:35:30.484Z",
        "deleted": false,
        "enabled": true,
        "redirects": true,
        "protocol": "HTTP",
        "url": "planetlab2.extern.kuleuven.be:32780",
        "authenticated": false,
        "backend_status": "Provisioning in progress",
        "enacted": "2014-09-24T05:34:34.348Z"
    },
    "model": "hpc.originserver",
    "pk": 4357
},
{
    "fields": {
        "updated": "2014-09-24T05:34:34.521Z",
        "contentProvider": 41,
        "origin_server_id": 836,
        "description": "test",
        "created": "2014-09-23T22:35:30.542Z",
        "deleted": false,
        "enabled": true,
        "redirects": true,
        "protocol": "HTTP",
        "url": "planetlab2.fct.ualg.pt:32780",
        "authenticated": false,
        "backend_status": "Provisioning in progress",
        "enacted": "2014-09-24T05:34:34.580Z"
    },
    "model": "hpc.originserver",
    "pk": 4358
},
{
    "fields": {
        "updated": "2014-09-24T05:34:34.762Z",
        "contentProvider": 41,
        "origin_server_id": 837,
        "description": "test",
        "created": "2014-09-23T22:35:30.600Z",
        "deleted": false,
        "enabled": true,
        "redirects": true,
        "protocol": "HTTP",
        "url": "planetlab2.fem.tu-ilmenau.de:32780",
        "authenticated": false,
        "backend_status": "Provisioning in progress",
        "enacted": "2014-09-24T05:34:34.820Z"
    },
    "model": "hpc.originserver",
    "pk": 4359
},
{
    "fields": {
        "updated": "2014-09-24T05:34:35.038Z",
        "contentProvider": 41,
        "origin_server_id": 838,
        "description": "test",
        "created": "2014-09-23T22:35:30.658Z",
        "deleted": false,
        "enabled": true,
        "redirects": true,
        "protocol": "HTTP",
        "url": "planetlab2.fri.uni-lj.si:32780",
        "authenticated": false,
        "backend_status": "Provisioning in progress",
        "enacted": "2014-09-24T05:34:35.102Z"
    },
    "model": "hpc.originserver",
    "pk": 4360
},
{
    "fields": {
        "updated": "2014-09-24T05:34:35.321Z",
        "contentProvider": 41,
        "origin_server_id": 839,
        "description": "test",
        "created": "2014-09-23T22:35:30.716Z",
        "deleted": false,
        "enabled": true,
        "redirects": true,
        "protocol": "HTTP",
        "url": "planetlab2.georgetown.edu:32780",
        "authenticated": false,
        "backend_status": "Provisioning in progress",
        "enacted": "2014-09-24T05:34:35.383Z"
    },
    "model": "hpc.originserver",
    "pk": 4361
},
{
    "fields": {
        "updated": "2014-09-24T05:34:35.662Z",
        "contentProvider": 41,
        "origin_server_id": 840,
        "description": "test",
        "created": "2014-09-23T22:35:30.782Z",
        "deleted": false,
        "enabled": true,
        "redirects": true,
        "protocol": "HTTP",
        "url": "planetlab2.hust.edu.cn:32780",
        "authenticated": false,
        "backend_status": "Provisioning in progress",
        "enacted": "2014-09-24T05:34:35.722Z"
    },
    "model": "hpc.originserver",
    "pk": 4362
},
{
    "fields": {
        "updated": "2014-09-24T05:34:35.912Z",
        "contentProvider": 41,
        "origin_server_id": 841,
        "description": "test",
        "created": "2014-09-23T22:35:30.848Z",
        "deleted": false,
        "enabled": true,
        "redirects": true,
        "protocol": "HTTP",
        "url": "planetlab2.ics.forth.gr:32780",
        "authenticated": false,
        "backend_status": "Provisioning in progress",
        "enacted": "2014-09-24T05:34:35.971Z"
    },
    "model": "hpc.originserver",
    "pk": 4363
},
{
    "fields": {
        "updated": "2014-09-24T05:34:36.136Z",
        "contentProvider": 41,
        "origin_server_id": 842,
        "description": "test",
        "created": "2014-09-23T22:35:30.915Z",
        "deleted": false,
        "enabled": true,
        "redirects": true,
        "protocol": "HTTP",
        "url": "planetlab2.ifi.uio.no:32780",
        "authenticated": false,
        "backend_status": "Provisioning in progress",
        "enacted": "2014-09-24T05:34:36.186Z"
    },
    "model": "hpc.originserver",
    "pk": 4364
},
{
    "fields": {
        "updated": "2014-09-24T05:34:36.361Z",
        "contentProvider": 41,
        "origin_server_id": 843,
        "description": "test",
        "created": "2014-09-23T22:35:30.973Z",
        "deleted": false,
        "enabled": true,
        "redirects": true,
        "protocol": "HTTP",
        "url": "planetlab2.iis.sinica.edu.tw:32780",
        "authenticated": false,
        "backend_status": "Provisioning in progress",
        "enacted": "2014-09-24T05:34:36.418Z"
    },
    "model": "hpc.originserver",
    "pk": 4365
},
{
    "fields": {
        "updated": "2014-09-24T05:34:36.586Z",
        "contentProvider": 41,
        "origin_server_id": 844,
        "description": "test",
        "created": "2014-09-23T22:35:31.031Z",
        "deleted": false,
        "enabled": true,
        "redirects": true,
        "protocol": "HTTP",
        "url": "planetlab2.iitkgp.ac.in:32780",
        "authenticated": false,
        "backend_status": "Provisioning in progress",
        "enacted": "2014-09-24T05:34:36.641Z"
    },
    "model": "hpc.originserver",
    "pk": 4366
},
{
    "fields": {
        "updated": "2014-09-24T05:34:36.802Z",
        "contentProvider": 41,
        "origin_server_id": 845,
        "description": "test",
        "created": "2014-09-23T22:35:31.097Z",
        "deleted": false,
        "enabled": true,
        "redirects": true,
        "protocol": "HTTP",
        "url": "planetlab2.inf.ethz.ch:32780",
        "authenticated": false,
        "backend_status": "Provisioning in progress",
        "enacted": "2014-09-24T05:34:36.865Z"
    },
    "model": "hpc.originserver",
    "pk": 4367
},
{
    "fields": {
        "updated": "2014-09-24T05:34:37.086Z",
        "contentProvider": 41,
        "origin_server_id": 846,
        "description": "test",
        "created": "2014-09-23T22:35:31.155Z",
        "deleted": false,
        "enabled": true,
        "redirects": true,
        "protocol": "HTTP",
        "url": "planetlab2.informatik.uni-goettingen.de:32780",
        "authenticated": false,
        "backend_status": "Provisioning in progress",
        "enacted": "2014-09-24T05:34:37.146Z"
    },
    "model": "hpc.originserver",
    "pk": 4368
},
{
    "fields": {
        "updated": "2014-09-24T05:34:37.378Z",
        "contentProvider": 41,
        "origin_server_id": 847,
        "description": "test",
        "created": "2014-09-23T22:35:31.213Z",
        "deleted": false,
        "enabled": true,
        "redirects": true,
        "protocol": "HTTP",
        "url": "planetlab2.informatik.uni-leipzig.de:32780",
        "authenticated": false,
        "backend_status": "Provisioning in progress",
        "enacted": "2014-09-24T05:34:37.436Z"
    },
    "model": "hpc.originserver",
    "pk": 4369
},
{
    "fields": {
        "updated": "2014-09-24T05:34:37.677Z",
        "contentProvider": 41,
        "origin_server_id": 848,
        "description": "test",
        "created": "2014-09-23T22:35:31.279Z",
        "deleted": false,
        "enabled": true,
        "redirects": true,
        "protocol": "HTTP",
        "url": "planetlab2.informatik.uni-wuerzburg.de:32780",
        "authenticated": false,
        "backend_status": "Provisioning in progress",
        "enacted": "2014-09-24T05:34:37.743Z"
    },
    "model": "hpc.originserver",
    "pk": 4370
},
{
    "fields": {
        "updated": "2014-09-24T05:34:37.918Z",
        "contentProvider": 41,
        "origin_server_id": 849,
        "description": "test",
        "created": "2014-09-23T22:35:31.345Z",
        "deleted": false,
        "enabled": true,
        "redirects": true,
        "protocol": "HTTP",
        "url": "planetlab2.ionio.gr:32780",
        "authenticated": false,
        "backend_status": "Provisioning in progress",
        "enacted": "2014-09-24T05:34:37.983Z"
    },
    "model": "hpc.originserver",
    "pk": 4371
},
{
    "fields": {
        "updated": "2014-09-24T05:34:38.260Z",
        "contentProvider": 41,
        "origin_server_id": 850,
        "description": "test",
        "created": "2014-09-23T22:35:31.412Z",
        "deleted": false,
        "enabled": true,
        "redirects": true,
        "protocol": "HTTP",
        "url": "planetlab2.itsec.rwth-aachen.de:32780",
        "authenticated": false,
        "backend_status": "Provisioning in progress",
        "enacted": "2014-09-24T05:34:38.322Z"
    },
    "model": "hpc.originserver",
    "pk": 4372
},
{
    "fields": {
        "updated": "2014-09-24T05:34:38.559Z",
        "contentProvider": 41,
        "origin_server_id": 851,
        "description": "test",
        "created": "2014-09-23T22:35:31.469Z",
        "deleted": false,
        "enabled": true,
        "redirects": true,
        "protocol": "HTTP",
        "url": "planetlab2.jcp-consult.net:32780",
        "authenticated": false,
        "backend_status": "Provisioning in progress",
        "enacted": "2014-09-24T05:34:38.612Z"
    },
    "model": "hpc.originserver",
    "pk": 4373
},
{
    "fields": {
        "updated": "2014-09-24T05:34:38.851Z",
        "contentProvider": 41,
        "origin_server_id": 852,
        "description": "test",
        "created": "2014-09-23T22:35:31.527Z",
        "deleted": false,
        "enabled": true,
        "redirects": true,
        "protocol": "HTTP",
        "url": "planetlab2.jhu.edu:32780",
        "authenticated": false,
        "backend_status": "Provisioning in progress",
        "enacted": "2014-09-24T05:34:38.902Z"
    },
    "model": "hpc.originserver",
    "pk": 4374
},
{
    "fields": {
        "updated": "2014-09-24T05:34:39.109Z",
        "contentProvider": 41,
        "origin_server_id": 853,
        "description": "test",
        "created": "2014-09-23T22:35:31.585Z",
        "deleted": false,
        "enabled": true,
        "redirects": true,
        "protocol": "HTTP",
        "url": "planetlab2.lkn.ei.tum.de:32780",
        "authenticated": false,
        "backend_status": "Provisioning in progress",
        "enacted": "2014-09-24T05:34:39.167Z"
    },
    "model": "hpc.originserver",
    "pk": 4375
},
{
    "fields": {
        "updated": "2014-09-24T05:34:39.425Z",
        "contentProvider": 41,
        "origin_server_id": 854,
        "description": "test",
        "created": "2014-09-23T22:35:31.643Z",
        "deleted": false,
        "enabled": true,
        "redirects": true,
        "protocol": "HTTP",
        "url": "planetlab2.mnlab.cti.depaul.edu:32780",
        "authenticated": false,
        "backend_status": "Provisioning in progress",
        "enacted": "2014-09-24T05:34:39.490Z"
    },
    "model": "hpc.originserver",
    "pk": 4376
},
{
    "fields": {
        "updated": "2014-09-24T05:34:39.694Z",
        "contentProvider": 41,
        "origin_server_id": 855,
        "description": "test",
        "created": "2014-09-23T22:35:31.701Z",
        "deleted": false,
        "enabled": true,
        "redirects": true,
        "protocol": "HTTP",
        "url": "planetlab2.montefiore.ulg.ac.be:32780",
        "authenticated": false,
        "backend_status": "Provisioning in progress",
        "enacted": "2014-09-24T05:34:39.771Z"
    },
    "model": "hpc.originserver",
    "pk": 4377
},
{
    "fields": {
        "updated": "2014-09-24T05:34:40.017Z",
        "contentProvider": 41,
        "origin_server_id": 856,
        "description": "test",
        "created": "2014-09-23T22:35:31.759Z",
        "deleted": false,
        "enabled": true,
        "redirects": true,
        "protocol": "HTTP",
        "url": "planetlab2.mta.ac.il:32780",
        "authenticated": false,
        "backend_status": "Provisioning in progress",
        "enacted": "2014-09-24T05:34:40.077Z"
    },
    "model": "hpc.originserver",
    "pk": 4378
},
{
    "fields": {
        "updated": "2014-09-24T05:34:40.233Z",
        "contentProvider": 41,
        "origin_server_id": 857,
        "description": "test",
        "created": "2014-09-23T22:35:31.817Z",
        "deleted": false,
        "enabled": true,
        "redirects": true,
        "protocol": "HTTP",
        "url": "planetlab2.nakao-lab.org:32780",
        "authenticated": false,
        "backend_status": "Provisioning in progress",
        "enacted": "2014-09-24T05:34:40.293Z"
    },
    "model": "hpc.originserver",
    "pk": 4379
},
{
    "fields": {
        "updated": "2014-09-24T05:34:40.449Z",
        "contentProvider": 41,
        "origin_server_id": 858,
        "description": "test",
        "created": "2014-09-23T22:35:31.875Z",
        "deleted": false,
        "enabled": true,
        "redirects": true,
        "protocol": "HTTP",
        "url": "planetlab2.netlab.uky.edu:32780",
        "authenticated": false,
        "backend_status": "Provisioning in progress",
        "enacted": "2014-09-24T05:34:40.707Z"
    },
    "model": "hpc.originserver",
    "pk": 4380
},
{
    "fields": {
        "updated": "2014-09-24T05:34:41.765Z",
        "contentProvider": 41,
        "origin_server_id": 859,
        "description": "test",
        "created": "2014-09-23T22:35:31.933Z",
        "deleted": false,
        "enabled": true,
        "redirects": true,
        "protocol": "HTTP",
        "url": "planetlab2.ntu.nodes.planet-lab.org:32780",
        "authenticated": false,
        "backend_status": "Provisioning in progress",
        "enacted": "2014-09-24T05:34:41.824Z"
    },
    "model": "hpc.originserver",
    "pk": 4381
},
{
    "fields": {
        "updated": "2014-09-24T05:34:41.965Z",
        "contentProvider": 41,
        "origin_server_id": 860,
        "description": "test",
        "created": "2014-09-23T22:35:31.991Z",
        "deleted": false,
        "enabled": true,
        "redirects": true,
        "protocol": "HTTP",
        "url": "planetlab2.pjwstk.edu.pl:32780",
        "authenticated": false,
        "backend_status": "Provisioning in progress",
        "enacted": "2014-09-24T05:34:42.023Z"
    },
    "model": "hpc.originserver",
    "pk": 4382
},
{
    "fields": {
        "updated": "2014-09-24T05:34:42.181Z",
        "contentProvider": 41,
        "origin_server_id": 861,
        "description": "test",
        "created": "2014-09-23T22:35:32.049Z",
        "deleted": false,
        "enabled": true,
        "redirects": true,
        "protocol": "HTTP",
        "url": "planetlab2.polito.it:32780",
        "authenticated": false,
        "backend_status": "Provisioning in progress",
        "enacted": "2014-09-24T05:34:42.247Z"
    },
    "model": "hpc.originserver",
    "pk": 4383
},
{
    "fields": {
        "updated": "2014-09-24T05:34:42.423Z",
        "contentProvider": 41,
        "origin_server_id": 862,
        "description": "test",
        "created": "2014-09-23T22:35:32.107Z",
        "deleted": false,
        "enabled": true,
        "redirects": true,
        "protocol": "HTTP",
        "url": "planetlab2.poly.edu:32780",
        "authenticated": false,
        "backend_status": "Provisioning in progress",
        "enacted": "2014-09-24T05:34:42.479Z"
    },
    "model": "hpc.originserver",
    "pk": 4384
},
{
    "fields": {
        "updated": "2014-09-24T05:34:42.639Z",
        "contentProvider": 41,
        "origin_server_id": 863,
        "description": "test",
        "created": "2014-09-23T22:35:32.165Z",
        "deleted": false,
        "enabled": true,
        "redirects": true,
        "protocol": "HTTP",
        "url": "planetlab2.pop-mg.rnp.br:32780",
        "authenticated": false,
        "backend_status": "Provisioning in progress",
        "enacted": "2014-09-24T05:34:42.694Z"
    },
    "model": "hpc.originserver",
    "pk": 4385
},
{
    "fields": {
        "updated": "2014-09-24T05:34:42.856Z",
        "contentProvider": 41,
        "origin_server_id": 864,
        "description": "test",
        "created": "2014-09-23T22:35:32.231Z",
        "deleted": false,
        "enabled": true,
        "redirects": true,
        "protocol": "HTTP",
        "url": "planetlab2.pop-pa.rnp.br:32780",
        "authenticated": false,
        "backend_status": "Provisioning in progress",
        "enacted": "2014-09-24T05:34:42.926Z"
    },
    "model": "hpc.originserver",
    "pk": 4386
},
{
    "fields": {
        "updated": "2014-09-24T05:34:43.072Z",
        "contentProvider": 41,
        "origin_server_id": 865,
        "description": "test",
        "created": "2014-09-23T22:35:32.297Z",
        "deleted": false,
        "enabled": true,
        "redirects": true,
        "protocol": "HTTP",
        "url": "planetlab2.pop-rs.rnp.br:32780",
        "authenticated": false,
        "backend_status": "Provisioning in progress",
        "enacted": "2014-09-24T05:34:43.133Z"
    },
    "model": "hpc.originserver",
    "pk": 4387
},
{
    "fields": {
        "updated": "2014-09-24T05:34:43.331Z",
        "contentProvider": 41,
        "origin_server_id": 866,
        "description": "test",
        "created": "2014-09-23T22:35:32.372Z",
        "deleted": false,
        "enabled": true,
        "redirects": true,
        "protocol": "HTTP",
        "url": "planetlab2.postel.org:32780",
        "authenticated": false,
        "backend_status": "Provisioning in progress",
        "enacted": "2014-09-24T05:34:43.398Z"
    },
    "model": "hpc.originserver",
    "pk": 4388
},
{
    "fields": {
        "updated": "2014-09-24T05:34:43.564Z",
        "contentProvider": 41,
        "origin_server_id": 867,
        "description": "test",
        "created": "2014-09-23T22:35:32.438Z",
        "deleted": false,
        "enabled": true,
        "redirects": true,
        "protocol": "HTTP",
        "url": "planetlab2.rd.tut.fi:32780",
        "authenticated": false,
        "backend_status": "Provisioning in progress",
        "enacted": "2014-09-24T05:34:43.629Z"
    },
    "model": "hpc.originserver",
    "pk": 4389
},
{
    "fields": {
        "updated": "2014-09-24T05:34:43.797Z",
        "contentProvider": 41,
        "origin_server_id": 868,
        "description": "test",
        "created": "2014-09-23T22:35:32.504Z",
        "deleted": false,
        "enabled": true,
        "redirects": true,
        "protocol": "HTTP",
        "url": "planetlab2.research.nicta.com.au:32780",
        "authenticated": false,
        "backend_status": "Provisioning in progress",
        "enacted": "2014-09-24T05:34:43.853Z"
    },
    "model": "hpc.originserver",
    "pk": 4390
},
{
    "fields": {
        "updated": "2014-09-24T05:34:44.024Z",
        "contentProvider": 41,
        "origin_server_id": 869,
        "description": "test",
        "created": "2014-09-23T22:35:32.579Z",
        "deleted": false,
        "enabled": true,
        "redirects": true,
        "protocol": "HTTP",
        "url": "planetlab2.rutgers.edu:32780",
        "authenticated": false,
        "backend_status": "Provisioning in progress",
        "enacted": "2014-09-24T05:34:44.134Z"
    },
    "model": "hpc.originserver",
    "pk": 4391
},
{
    "fields": {
        "updated": "2014-09-24T05:34:44.415Z",
        "contentProvider": 41,
        "origin_server_id": 870,
        "description": "test",
        "created": "2014-09-23T22:35:32.637Z",
        "deleted": false,
        "enabled": true,
        "redirects": true,
        "protocol": "HTTP",
        "url": "planetlab2.s3.kth.se:32780",
        "authenticated": false,
        "backend_status": "Provisioning in progress",
        "enacted": "2014-09-24T05:34:44.465Z"
    },
    "model": "hpc.originserver",
    "pk": 4392
},
{
    "fields": {
        "updated": "2014-09-24T05:34:44.648Z",
        "contentProvider": 41,
        "origin_server_id": 871,
        "description": "test",
        "created": "2014-09-23T22:35:32.695Z",
        "deleted": false,
        "enabled": true,
        "redirects": true,
        "protocol": "HTTP",
        "url": "planetlab2.science.unitn.it:32780",
        "authenticated": false,
        "backend_status": "Provisioning in progress",
        "enacted": "2014-09-24T05:34:44.706Z"
    },
    "model": "hpc.originserver",
    "pk": 4393
},
{
    "fields": {
        "updated": "2014-09-24T05:34:44.881Z",
        "contentProvider": 41,
        "origin_server_id": 872,
        "description": "test",
        "created": "2014-09-23T22:35:32.753Z",
        "deleted": false,
        "enabled": true,
        "redirects": true,
        "protocol": "HTTP",
        "url": "planetlab2.sfc.wide.ad.jp:32780",
        "authenticated": false,
        "backend_status": "Provisioning in progress",
        "enacted": "2014-09-24T05:34:44.937Z"
    },
    "model": "hpc.originserver",
    "pk": 4394
},
{
    "fields": {
        "updated": "2014-09-24T05:34:45.097Z",
        "contentProvider": 41,
        "origin_server_id": 873,
        "description": "test",
        "created": "2014-09-23T22:35:32.811Z",
        "deleted": false,
        "enabled": true,
        "redirects": true,
        "protocol": "HTTP",
        "url": "planetlab2.sics.se:32780",
        "authenticated": false,
        "backend_status": "Provisioning in progress",
        "enacted": "2014-09-24T05:34:45.161Z"
    },
    "model": "hpc.originserver",
    "pk": 4395
},
{
    "fields": {
        "updated": "2014-09-24T05:34:45.331Z",
        "contentProvider": 41,
        "origin_server_id": 874,
        "description": "test",
        "created": "2014-09-23T22:35:32.869Z",
        "deleted": false,
        "enabled": true,
        "redirects": true,
        "protocol": "HTTP",
        "url": "planetlab2.tamu.edu:32780",
        "authenticated": false,
        "backend_status": "Provisioning in progress",
        "enacted": "2014-09-24T05:34:45.385Z"
    },
    "model": "hpc.originserver",
    "pk": 4396
},
{
    "fields": {
        "updated": "2014-09-24T05:34:45.547Z",
        "contentProvider": 41,
        "origin_server_id": 875,
        "description": "test",
        "created": "2014-09-23T22:35:32.918Z",
        "deleted": false,
        "enabled": true,
        "redirects": true,
        "protocol": "HTTP",
        "url": "planetlab2.tau.ac.il:32780",
        "authenticated": false,
        "backend_status": "Provisioning in progress",
        "enacted": "2014-09-24T05:34:45.608Z"
    },
    "model": "hpc.originserver",
    "pk": 4397
},
{
    "fields": {
        "updated": "2014-09-24T05:34:45.764Z",
        "contentProvider": 41,
        "origin_server_id": 876,
        "description": "test",
        "created": "2014-09-23T22:35:32.985Z",
        "deleted": false,
        "enabled": true,
        "redirects": true,
        "protocol": "HTTP",
        "url": "planetlab2.thlab.net:32780",
        "authenticated": false,
        "backend_status": "Provisioning in progress",
        "enacted": "2014-09-24T05:34:45.815Z"
    },
    "model": "hpc.originserver",
    "pk": 4398
},
{
    "fields": {
        "updated": "2014-09-24T05:34:45.980Z",
        "contentProvider": 41,
        "origin_server_id": 877,
        "description": "test",
        "created": "2014-09-23T22:35:33.034Z",
        "deleted": false,
        "enabled": true,
        "redirects": true,
        "protocol": "HTTP",
        "url": "planetlab2.tlm.unavarra.es:32780",
        "authenticated": false,
        "backend_status": "Provisioning in progress",
        "enacted": "2014-09-24T05:34:46.030Z"
    },
    "model": "hpc.originserver",
    "pk": 4399
},
{
    "fields": {
        "updated": "2014-09-24T05:34:46.188Z",
        "contentProvider": 41,
        "origin_server_id": 878,
        "description": "test",
        "created": "2014-09-23T22:35:33.084Z",
        "deleted": false,
        "enabled": true,
        "redirects": true,
        "protocol": "HTTP",
        "url": "planetlab2.tmit.bme.hu:32780",
        "authenticated": false,
        "backend_status": "Provisioning in progress",
        "enacted": "2014-09-24T05:34:46.254Z"
    },
    "model": "hpc.originserver",
    "pk": 4400
},
{
    "fields": {
        "updated": "2014-09-24T05:34:46.413Z",
        "contentProvider": 41,
        "origin_server_id": 879,
        "description": "test",
        "created": "2014-09-23T22:35:33.134Z",
        "deleted": false,
        "enabled": true,
        "redirects": true,
        "protocol": "HTTP",
        "url": "planetlab2.tsuniv.edu:32780",
        "authenticated": false,
        "backend_status": "Provisioning in progress",
        "enacted": "2014-09-24T05:34:46.477Z"
    },
    "model": "hpc.originserver",
    "pk": 4401
},
{
    "fields": {
        "updated": "2014-09-24T05:34:46.704Z",
        "contentProvider": 41,
        "origin_server_id": 880,
        "description": "test",
        "created": "2014-09-23T22:35:33.200Z",
        "deleted": false,
        "enabled": true,
        "redirects": true,
        "protocol": "HTTP",
        "url": "planetlab2.u-strasbg.fr:32780",
        "authenticated": false,
        "backend_status": "Provisioning in progress",
        "enacted": "2014-09-24T05:34:46.767Z"
    },
    "model": "hpc.originserver",
    "pk": 4402
},
{
    "fields": {
        "updated": "2014-09-24T05:34:46.938Z",
        "contentProvider": 41,
        "origin_server_id": 881,
        "description": "test",
        "created": "2014-09-23T22:35:33.357Z",
        "deleted": false,
        "enabled": true,
        "redirects": true,
        "protocol": "HTTP",
        "url": "planetlab2.uc3m.es:32780",
        "authenticated": false,
        "backend_status": "Provisioning in progress",
        "enacted": "2014-09-24T05:34:46.999Z"
    },
    "model": "hpc.originserver",
    "pk": 4403
},
{
    "fields": {
        "updated": "2014-09-24T05:34:47.171Z",
        "contentProvider": 41,
        "origin_server_id": 882,
        "description": "test",
        "created": "2014-09-23T22:35:33.593Z",
        "deleted": false,
        "enabled": true,
        "redirects": true,
        "protocol": "HTTP",
        "url": "planetlab2.ucsd.edu:32780",
        "authenticated": false,
        "backend_status": "Provisioning in progress",
        "enacted": "2014-09-24T05:34:47.239Z"
    },
    "model": "hpc.originserver",
    "pk": 4404
},
{
    "fields": {
        "updated": "2014-09-24T05:34:47.419Z",
        "contentProvider": 41,
        "origin_server_id": 883,
        "description": "test",
        "created": "2014-09-23T22:35:33.736Z",
        "deleted": false,
        "enabled": true,
        "redirects": true,
        "protocol": "HTTP",
        "url": "planetlab2.umassd.edu:32780",
        "authenticated": false,
        "backend_status": "Provisioning in progress",
        "enacted": "2014-09-24T05:34:47.488Z"
    },
    "model": "hpc.originserver",
    "pk": 4405
},
{
    "fields": {
        "updated": "2014-09-24T05:34:47.660Z",
        "contentProvider": 41,
        "origin_server_id": 884,
        "description": "test",
        "created": "2014-09-23T22:35:33.879Z",
        "deleted": false,
        "enabled": true,
        "redirects": true,
        "protocol": "HTTP",
        "url": "planetlab2.unineuchatel.ch:32780",
        "authenticated": false,
        "backend_status": "Provisioning in progress",
        "enacted": "2014-09-24T05:34:47.719Z"
    },
    "model": "hpc.originserver",
    "pk": 4406
},
{
    "fields": {
        "updated": "2014-09-24T05:34:47.893Z",
        "contentProvider": 41,
        "origin_server_id": 885,
        "description": "test",
        "created": "2014-09-23T22:35:33.986Z",
        "deleted": false,
        "enabled": true,
        "redirects": true,
        "protocol": "HTTP",
        "url": "planetlab2.unl.edu:32780",
        "authenticated": false,
        "backend_status": "Provisioning in progress",
        "enacted": "2014-09-24T05:34:47.960Z"
    },
    "model": "hpc.originserver",
    "pk": 4407
},
{
    "fields": {
        "updated": "2014-09-24T05:34:48.143Z",
        "contentProvider": 41,
        "origin_server_id": 886,
        "description": "test",
        "created": "2014-09-23T22:35:34.053Z",
        "deleted": false,
        "enabled": true,
        "redirects": true,
        "protocol": "HTTP",
        "url": "planetlab2.upc.es:32780",
        "authenticated": false,
        "backend_status": "Provisioning in progress",
        "enacted": "2014-09-24T05:34:48.208Z"
    },
    "model": "hpc.originserver",
    "pk": 4408
},
{
    "fields": {
        "updated": "2014-09-24T05:34:48.393Z",
        "contentProvider": 41,
        "origin_server_id": 887,
        "description": "test",
        "created": "2014-09-23T22:35:34.119Z",
        "deleted": false,
        "enabled": true,
        "redirects": true,
        "protocol": "HTTP",
        "url": "planetlab2.upm.ro:32780",
        "authenticated": false,
        "backend_status": "Provisioning in progress",
        "enacted": "2014-09-24T05:34:48.456Z"
    },
    "model": "hpc.originserver",
    "pk": 4409
},
{
    "fields": {
        "updated": "2014-09-24T05:34:48.626Z",
        "contentProvider": 41,
        "origin_server_id": 888,
        "description": "test",
        "created": "2014-09-23T22:35:34.177Z",
        "deleted": false,
        "enabled": true,
        "redirects": true,
        "protocol": "HTTP",
        "url": "planetlab2.urv.cat:32780",
        "authenticated": false,
        "backend_status": "Provisioning in progress",
        "enacted": "2014-09-24T05:34:48.688Z"
    },
    "model": "hpc.originserver",
    "pk": 4410
},
{
    "fields": {
        "updated": "2014-09-24T05:34:48.859Z",
        "contentProvider": 41,
        "origin_server_id": 889,
        "description": "test",
        "created": "2014-09-23T22:35:34.243Z",
        "deleted": false,
        "enabled": true,
        "redirects": true,
        "protocol": "HTTP",
        "url": "planetlab2.ustc.edu.cn:32780",
        "authenticated": false,
        "backend_status": "Provisioning in progress",
        "enacted": "2014-09-24T05:34:48.920Z"
    },
    "model": "hpc.originserver",
    "pk": 4411
},
{
    "fields": {
        "updated": "2014-09-24T05:34:49.092Z",
        "contentProvider": 41,
        "origin_server_id": 890,
        "description": "test",
        "created": "2014-09-23T22:35:34.309Z",
        "deleted": false,
        "enabled": true,
        "redirects": true,
        "protocol": "HTTP",
        "url": "planetlab2.uta.edu:32780",
        "authenticated": false,
        "backend_status": "Provisioning in progress",
        "enacted": "2014-09-24T05:34:49.152Z"
    },
    "model": "hpc.originserver",
    "pk": 4412
},
{
    "fields": {
        "updated": "2014-09-24T05:34:49.325Z",
        "contentProvider": 41,
        "origin_server_id": 891,
        "description": "test",
        "created": "2014-09-23T22:35:34.376Z",
        "deleted": false,
        "enabled": true,
        "redirects": true,
        "protocol": "HTTP",
        "url": "planetlab2.utdallas.edu:32780",
        "authenticated": false,
        "backend_status": "Provisioning in progress",
        "enacted": "2014-09-24T05:34:49.392Z"
    },
    "model": "hpc.originserver",
    "pk": 4413
},
{
    "fields": {
        "updated": "2014-09-24T05:34:49.567Z",
        "contentProvider": 41,
        "origin_server_id": 892,
        "description": "test",
        "created": "2014-09-23T22:35:34.442Z",
        "deleted": false,
        "enabled": true,
        "redirects": true,
        "protocol": "HTTP",
        "url": "planetlab2.utep.edu:32780",
        "authenticated": false,
        "backend_status": "Provisioning in progress",
        "enacted": "2014-09-24T05:34:49.624Z"
    },
    "model": "hpc.originserver",
    "pk": 4414
},
{
    "fields": {
        "updated": "2014-09-24T05:34:49.792Z",
        "contentProvider": 41,
        "origin_server_id": 893,
        "description": "test",
        "created": "2014-09-23T22:35:34.508Z",
        "deleted": false,
        "enabled": true,
        "redirects": true,
        "protocol": "HTTP",
        "url": "planetlab2.utt.fr:32780",
        "authenticated": false,
        "backend_status": "Provisioning in progress",
        "enacted": "2014-09-24T05:34:49.847Z"
    },
    "model": "hpc.originserver",
    "pk": 4415
},
{
    "fields": {
        "updated": "2014-09-24T05:34:50.033Z",
        "contentProvider": 41,
        "origin_server_id": 894,
        "description": "test",
        "created": "2014-09-23T22:35:34.574Z",
        "deleted": false,
        "enabled": true,
        "redirects": true,
        "protocol": "HTTP",
        "url": "planetlab2.willab.fi:32780",
        "authenticated": false,
        "backend_status": "Provisioning in progress",
        "enacted": "2014-09-24T05:34:50.096Z"
    },
    "model": "hpc.originserver",
    "pk": 4416
},
{
    "fields": {
        "updated": "2014-09-24T05:34:50.400Z",
        "contentProvider": 41,
        "origin_server_id": 895,
        "description": "test",
        "created": "2014-09-23T22:35:34.632Z",
        "deleted": false,
        "enabled": true,
        "redirects": true,
        "protocol": "HTTP",
        "url": "planetlab2.wiwi.hu-berlin.de:32780",
        "authenticated": false,
        "backend_status": "Provisioning in progress",
        "enacted": "2014-09-24T05:34:50.460Z"
    },
    "model": "hpc.originserver",
    "pk": 4417
},
{
    "fields": {
        "updated": "2014-09-24T05:34:50.641Z",
        "contentProvider": 41,
        "origin_server_id": 896,
        "description": "test",
        "created": "2014-09-23T22:35:34.698Z",
        "deleted": false,
        "enabled": true,
        "redirects": true,
        "protocol": "HTTP",
        "url": "planetlab2.xeno.cl.cam.ac.uk:32780",
        "authenticated": false,
        "backend_status": "Provisioning in progress",
        "enacted": "2014-09-24T05:34:50.700Z"
    },
    "model": "hpc.originserver",
    "pk": 4418
},
{
    "fields": {
        "updated": "2014-09-24T05:34:50.866Z",
        "contentProvider": 41,
        "origin_server_id": 897,
        "description": "test",
        "created": "2014-09-23T22:35:34.756Z",
        "deleted": false,
        "enabled": true,
        "redirects": true,
        "protocol": "HTTP",
        "url": "planetlab2lannion.elibel.tm.fr:32780",
        "authenticated": false,
        "backend_status": "Provisioning in progress",
        "enacted": "2014-09-24T05:34:51.023Z"
    },
    "model": "hpc.originserver",
    "pk": 4419
},
{
    "fields": {
        "updated": "2014-09-24T05:34:51.191Z",
        "contentProvider": 41,
        "origin_server_id": 898,
        "description": "test",
        "created": "2014-09-23T22:35:34.814Z",
        "deleted": false,
        "enabled": true,
        "redirects": true,
        "protocol": "HTTP",
        "url": "planetlab3.bupt.edu.cn:32780",
        "authenticated": false,
        "backend_status": "Provisioning in progress",
        "enacted": "2014-09-24T05:34:51.255Z"
    },
    "model": "hpc.originserver",
    "pk": 4420
},
{
    "fields": {
        "updated": "2014-09-24T05:34:51.424Z",
        "contentProvider": 41,
        "origin_server_id": 899,
        "description": "test",
        "created": "2014-09-23T22:35:34.881Z",
        "deleted": false,
        "enabled": true,
        "redirects": true,
        "protocol": "HTTP",
        "url": "planetlab3.canterbury.ac.nz:32780",
        "authenticated": false,
        "backend_status": "Provisioning in progress",
        "enacted": "2014-09-24T05:34:51.487Z"
    },
    "model": "hpc.originserver",
    "pk": 4421
},
{
    "fields": {
        "updated": "2014-09-24T05:34:51.682Z",
        "contentProvider": 41,
        "origin_server_id": 900,
        "description": "test",
        "created": "2014-09-23T22:35:34.939Z",
        "deleted": false,
        "enabled": true,
        "redirects": true,
        "protocol": "HTTP",
        "url": "planetlab3.cnds.jhu.edu:32780",
        "authenticated": false,
        "backend_status": "Provisioning in progress",
        "enacted": "2014-09-24T05:34:51.743Z"
    },
    "model": "hpc.originserver",
    "pk": 4422
},
{
    "fields": {
        "updated": "2014-09-24T05:34:51.915Z",
        "contentProvider": 41,
        "origin_server_id": 901,
        "description": "test",
        "created": "2014-09-23T22:35:34.996Z",
        "deleted": false,
        "enabled": true,
        "redirects": true,
        "protocol": "HTTP",
        "url": "planetlab3.cs.columbia.edu:32780",
        "authenticated": false,
        "backend_status": "Provisioning in progress",
        "enacted": "2014-09-24T05:34:51.975Z"
    },
    "model": "hpc.originserver",
    "pk": 4423
},
{
    "fields": {
        "updated": "2014-09-24T05:34:52.148Z",
        "contentProvider": 41,
        "origin_server_id": 902,
        "description": "test",
        "created": "2014-09-23T22:35:35.054Z",
        "deleted": false,
        "enabled": true,
        "redirects": true,
        "protocol": "HTTP",
        "url": "planetlab3.cs.st-andrews.ac.uk:32780",
        "authenticated": false,
        "backend_status": "Provisioning in progress",
        "enacted": "2014-09-24T05:34:52.215Z"
    },
    "model": "hpc.originserver",
    "pk": 4424
},
{
    "fields": {
        "updated": "2014-09-24T05:34:52.389Z",
        "contentProvider": 41,
        "origin_server_id": 903,
        "description": "test",
        "created": "2014-09-23T22:35:35.112Z",
        "deleted": false,
        "enabled": true,
        "redirects": true,
        "protocol": "HTTP",
        "url": "planetlab3.cs.uoregon.edu:32780",
        "authenticated": false,
        "backend_status": "Provisioning in progress",
        "enacted": "2014-09-24T05:34:52.447Z"
    },
    "model": "hpc.originserver",
    "pk": 4425
},
{
    "fields": {
        "updated": "2014-09-24T05:34:52.623Z",
        "contentProvider": 41,
        "origin_server_id": 904,
        "description": "test",
        "created": "2014-09-23T22:35:35.179Z",
        "deleted": false,
        "enabled": true,
        "redirects": true,
        "protocol": "HTTP",
        "url": "planetlab3.cse.nd.edu:32780",
        "authenticated": false,
        "backend_status": "Provisioning in progress",
        "enacted": "2014-09-24T05:34:52.687Z"
    },
    "model": "hpc.originserver",
    "pk": 4426
},
{
    "fields": {
        "updated": "2014-09-24T05:34:52.856Z",
        "contentProvider": 41,
        "origin_server_id": 905,
        "description": "test",
        "created": "2014-09-23T22:35:35.236Z",
        "deleted": false,
        "enabled": true,
        "redirects": true,
        "protocol": "HTTP",
        "url": "planetlab3.csee.usf.edu:32780",
        "authenticated": false,
        "backend_status": "Provisioning in progress",
        "enacted": "2014-09-24T05:34:52.911Z"
    },
    "model": "hpc.originserver",
    "pk": 4427
},
{
    "fields": {
        "updated": "2014-09-24T05:34:53.081Z",
        "contentProvider": 41,
        "origin_server_id": 906,
        "description": "test",
        "created": "2014-09-23T22:35:35.294Z",
        "deleted": false,
        "enabled": true,
        "redirects": true,
        "protocol": "HTTP",
        "url": "planetlab3.cslab.ece.ntua.gr:32780",
        "authenticated": false,
        "backend_status": "Provisioning in progress",
        "enacted": "2014-09-24T05:34:53.142Z"
    },
    "model": "hpc.originserver",
    "pk": 4428
},
{
    "fields": {
        "updated": "2014-09-24T05:34:53.314Z",
        "contentProvider": 41,
        "origin_server_id": 907,
        "description": "test",
        "created": "2014-09-23T22:35:35.352Z",
        "deleted": false,
        "enabled": true,
        "redirects": true,
        "protocol": "HTTP",
        "url": "planetlab3.di.unito.it:32780",
        "authenticated": false,
        "backend_status": "Provisioning in progress",
        "enacted": "2014-09-24T05:34:53.366Z"
    },
    "model": "hpc.originserver",
    "pk": 4429
},
{
    "fields": {
        "updated": "2014-09-24T05:34:53.547Z",
        "contentProvider": 41,
        "origin_server_id": 908,
        "description": "test",
        "created": "2014-09-23T22:35:35.419Z",
        "deleted": false,
        "enabled": true,
        "redirects": true,
        "protocol": "HTTP",
        "url": "planetlab3.eecs.northwestern.edu:32780",
        "authenticated": false,
        "backend_status": "Provisioning in progress",
        "enacted": "2014-09-24T05:34:53.606Z"
    },
    "model": "hpc.originserver",
    "pk": 4430
},
{
    "fields": {
        "updated": "2014-09-24T05:34:53.772Z",
        "contentProvider": 41,
        "origin_server_id": 909,
        "description": "test",
        "created": "2014-09-23T22:35:35.477Z",
        "deleted": false,
        "enabled": true,
        "redirects": true,
        "protocol": "HTTP",
        "url": "planetlab3.eecs.umich.edu:32780",
        "authenticated": false,
        "backend_status": "Provisioning in progress",
        "enacted": "2014-09-24T05:34:53.830Z"
    },
    "model": "hpc.originserver",
    "pk": 4431
},
{
    "fields": {
        "updated": "2014-09-24T05:34:53.997Z",
        "contentProvider": 41,
        "origin_server_id": 910,
        "description": "test",
        "created": "2014-09-23T22:35:35.543Z",
        "deleted": false,
        "enabled": true,
        "redirects": true,
        "protocol": "HTTP",
        "url": "planetlab3.hiit.fi:32780",
        "authenticated": false,
        "backend_status": "Provisioning in progress",
        "enacted": "2014-09-24T05:34:54.061Z"
    },
    "model": "hpc.originserver",
    "pk": 4432
},
{
    "fields": {
        "updated": "2014-09-24T05:34:54.230Z",
        "contentProvider": 41,
        "origin_server_id": 911,
        "description": "test",
        "created": "2014-09-23T22:35:35.609Z",
        "deleted": false,
        "enabled": true,
        "redirects": true,
        "protocol": "HTTP",
        "url": "planetlab3.inf.ethz.ch:32780",
        "authenticated": false,
        "backend_status": "Provisioning in progress",
        "enacted": "2014-09-24T05:34:54.285Z"
    },
    "model": "hpc.originserver",
    "pk": 4433
},
{
    "fields": {
        "updated": "2014-09-24T05:34:54.446Z",
        "contentProvider": 41,
        "origin_server_id": 912,
        "description": "test",
        "created": "2014-09-23T22:35:35.667Z",
        "deleted": false,
        "enabled": true,
        "redirects": true,
        "protocol": "HTTP",
        "url": "planetlab3.informatik.uni-erlangen.de:32780",
        "authenticated": false,
        "backend_status": "Provisioning in progress",
        "enacted": "2014-09-24T05:34:54.509Z"
    },
    "model": "hpc.originserver",
    "pk": 4434
},
{
    "fields": {
        "updated": "2014-09-24T05:34:54.671Z",
        "contentProvider": 41,
        "origin_server_id": 913,
        "description": "test",
        "created": "2014-09-23T22:35:35.733Z",
        "deleted": false,
        "enabled": true,
        "redirects": true,
        "protocol": "HTTP",
        "url": "planetlab3.mini.pw.edu.pl:32780",
        "authenticated": false,
        "backend_status": "Provisioning in progress",
        "enacted": "2014-09-24T05:34:54.724Z"
    },
    "model": "hpc.originserver",
    "pk": 4435
},
{
    "fields": {
        "updated": "2014-09-24T05:34:54.879Z",
        "contentProvider": 41,
        "origin_server_id": 914,
        "description": "test",
        "created": "2014-09-23T22:35:35.791Z",
        "deleted": false,
        "enabled": true,
        "redirects": true,
        "protocol": "HTTP",
        "url": "planetlab3.postel.org:32780",
        "authenticated": false,
        "backend_status": "Provisioning in progress",
        "enacted": "2014-09-24T05:34:54.939Z"
    },
    "model": "hpc.originserver",
    "pk": 4436
},
{
    "fields": {
        "updated": "2014-09-24T05:34:55.104Z",
        "contentProvider": 41,
        "origin_server_id": 915,
        "description": "test",
        "created": "2014-09-23T22:35:35.850Z",
        "deleted": false,
        "enabled": true,
        "redirects": true,
        "protocol": "HTTP",
        "url": "planetlab3.rutgers.edu:32780",
        "authenticated": false,
        "backend_status": "Provisioning in progress",
        "enacted": "2014-09-24T05:34:55.171Z"
    },
    "model": "hpc.originserver",
    "pk": 4437
},
{
    "fields": {
        "updated": "2014-09-24T05:34:55.346Z",
        "contentProvider": 41,
        "origin_server_id": 916,
        "description": "test",
        "created": "2014-09-23T22:35:35.907Z",
        "deleted": false,
        "enabled": true,
        "redirects": true,
        "protocol": "HTTP",
        "url": "planetlab3.tamu.edu:32780",
        "authenticated": false,
        "backend_status": "Provisioning in progress",
        "enacted": "2014-09-24T05:34:55.411Z"
    },
    "model": "hpc.originserver",
    "pk": 4438
},
{
    "fields": {
        "updated": "2014-09-24T05:34:55.579Z",
        "contentProvider": 41,
        "origin_server_id": 917,
        "description": "test",
        "created": "2014-09-23T22:35:35.982Z",
        "deleted": false,
        "enabled": true,
        "redirects": true,
        "protocol": "HTTP",
        "url": "planetlab3.ucsd.edu:32780",
        "authenticated": false,
        "backend_status": "Provisioning in progress",
        "enacted": "2014-09-24T05:34:55.643Z"
    },
    "model": "hpc.originserver",
    "pk": 4439
},
{
    "fields": {
        "updated": "2014-09-24T05:34:56.145Z",
        "contentProvider": 41,
        "origin_server_id": 918,
        "description": "test",
        "created": "2014-09-23T22:35:36.092Z",
        "deleted": false,
        "enabled": true,
        "redirects": true,
        "protocol": "HTTP",
        "url": "planetlab3.upc.es:32780",
        "authenticated": false,
        "backend_status": "Provisioning in progress",
        "enacted": "2014-09-24T05:34:56.206Z"
    },
    "model": "hpc.originserver",
    "pk": 4440
},
{
    "fields": {
        "updated": "2014-09-24T05:34:56.378Z",
        "contentProvider": 41,
        "origin_server_id": 919,
        "description": "test",
        "created": "2014-09-23T22:35:36.239Z",
        "deleted": false,
        "enabled": true,
        "redirects": true,
        "protocol": "HTTP",
        "url": "planetlab3.wail.wisc.edu:32780",
        "authenticated": false,
        "backend_status": "Provisioning in progress",
        "enacted": "2014-09-24T05:34:56.429Z"
    },
    "model": "hpc.originserver",
    "pk": 4441
},
{
    "fields": {
        "updated": "2014-09-24T05:34:56.586Z",
        "contentProvider": 41,
        "origin_server_id": 920,
        "description": "test",
        "created": "2014-09-23T22:35:36.354Z",
        "deleted": false,
        "enabled": true,
        "redirects": true,
        "protocol": "HTTP",
        "url": "planetlab3.xeno.cl.cam.ac.uk:32780",
        "authenticated": false,
        "backend_status": "Provisioning in progress",
        "enacted": "2014-09-24T05:34:56.636Z"
    },
    "model": "hpc.originserver",
    "pk": 4442
},
{
    "fields": {
        "updated": "2014-09-24T05:34:56.803Z",
        "contentProvider": 41,
        "origin_server_id": 921,
        "description": "test",
        "created": "2014-09-23T22:35:36.404Z",
        "deleted": false,
        "enabled": true,
        "redirects": true,
        "protocol": "HTTP",
        "url": "planetlab4.canterbury.ac.nz:32780",
        "authenticated": false,
        "backend_status": "Provisioning in progress",
        "enacted": "2014-09-24T05:34:56.877Z"
    },
    "model": "hpc.originserver",
    "pk": 4443
},
{
    "fields": {
        "updated": "2014-09-24T05:34:57.078Z",
        "contentProvider": 41,
        "origin_server_id": 922,
        "description": "test",
        "created": "2014-09-23T22:35:36.454Z",
        "deleted": false,
        "enabled": true,
        "redirects": true,
        "protocol": "HTTP",
        "url": "planetlab4.cnds.jhu.edu:32780",
        "authenticated": false,
        "backend_status": "Provisioning in progress",
        "enacted": "2014-09-24T05:34:57.141Z"
    },
    "model": "hpc.originserver",
    "pk": 4444
},
{
    "fields": {
        "updated": "2014-09-24T05:34:57.302Z",
        "contentProvider": 41,
        "origin_server_id": 923,
        "description": "test",
        "created": "2014-09-23T22:35:36.511Z",
        "deleted": false,
        "enabled": true,
        "redirects": true,
        "protocol": "HTTP",
        "url": "planetlab4.cs.st-andrews.ac.uk:32780",
        "authenticated": false,
        "backend_status": "Provisioning in progress",
        "enacted": "2014-09-24T05:34:57.365Z"
    },
    "model": "hpc.originserver",
    "pk": 4445
},
{
    "fields": {
        "updated": "2014-09-24T05:34:57.544Z",
        "contentProvider": 41,
        "origin_server_id": 924,
        "description": "test",
        "created": "2014-09-23T22:35:36.569Z",
        "deleted": false,
        "enabled": true,
        "redirects": true,
        "protocol": "HTTP",
        "url": "planetlab4.cs.uiuc.edu:32780",
        "authenticated": false,
        "backend_status": "Provisioning in progress",
        "enacted": "2014-09-24T05:34:57.605Z"
    },
    "model": "hpc.originserver",
    "pk": 4446
},
{
    "fields": {
        "updated": "2014-09-24T05:34:57.769Z",
        "contentProvider": 41,
        "origin_server_id": 925,
        "description": "test",
        "created": "2014-09-23T22:35:36.627Z",
        "deleted": false,
        "enabled": true,
        "redirects": true,
        "protocol": "HTTP",
        "url": "planetlab4.cs.uoregon.edu:32780",
        "authenticated": false,
        "backend_status": "Provisioning in progress",
        "enacted": "2014-09-24T05:34:57.828Z"
    },
    "model": "hpc.originserver",
    "pk": 4447
},
{
    "fields": {
        "updated": "2014-09-24T05:34:57.994Z",
        "contentProvider": 41,
        "origin_server_id": 926,
        "description": "test",
        "created": "2014-09-23T22:35:36.702Z",
        "deleted": false,
        "enabled": true,
        "redirects": true,
        "protocol": "HTTP",
        "url": "planetlab4.cse.nd.edu:32780",
        "authenticated": false,
        "backend_status": "Provisioning in progress",
        "enacted": "2014-09-24T05:34:58.052Z"
    },
    "model": "hpc.originserver",
    "pk": 4448
},
{
    "fields": {
        "updated": "2014-09-24T05:34:58.210Z",
        "contentProvider": 41,
        "origin_server_id": 927,
        "description": "test",
        "created": "2014-09-23T22:35:36.810Z",
        "deleted": false,
        "enabled": true,
        "redirects": true,
        "protocol": "HTTP",
        "url": "planetlab4.csee.usf.edu:32780",
        "authenticated": false,
        "backend_status": "Provisioning in progress",
        "enacted": "2014-09-24T05:34:58.267Z"
    },
    "model": "hpc.originserver",
    "pk": 4449
},
{
    "fields": {
        "updated": "2014-09-24T05:34:58.443Z",
        "contentProvider": 41,
        "origin_server_id": 928,
        "description": "test",
        "created": "2014-09-23T22:35:36.868Z",
        "deleted": false,
        "enabled": true,
        "redirects": true,
        "protocol": "HTTP",
        "url": "planetlab4.cslab.ece.ntua.gr:32780",
        "authenticated": false,
        "backend_status": "Provisioning in progress",
        "enacted": "2014-09-24T05:34:58.499Z"
    },
    "model": "hpc.originserver",
    "pk": 4450
},
{
    "fields": {
        "updated": "2014-09-24T05:34:58.668Z",
        "contentProvider": 41,
        "origin_server_id": 929,
        "description": "test",
        "created": "2014-09-23T22:35:36.925Z",
        "deleted": false,
        "enabled": true,
        "redirects": true,
        "protocol": "HTTP",
        "url": "planetlab4.eecs.umich.edu:32780",
        "authenticated": false,
        "backend_status": "Provisioning in progress",
        "enacted": "2014-09-24T05:34:58.723Z"
    },
    "model": "hpc.originserver",
    "pk": 4451
},
{
    "fields": {
        "updated": "2014-09-24T05:34:58.893Z",
        "contentProvider": 41,
        "origin_server_id": 930,
        "description": "test",
        "created": "2014-09-23T22:35:36.984Z",
        "deleted": false,
        "enabled": true,
        "redirects": true,
        "protocol": "HTTP",
        "url": "planetlab4.goto.info.waseda.ac.jp:32780",
        "authenticated": false,
        "backend_status": "Provisioning in progress",
        "enacted": "2014-09-24T05:34:58.955Z"
    },
    "model": "hpc.originserver",
    "pk": 4452
},
{
    "fields": {
        "updated": "2014-09-24T05:34:59.118Z",
        "contentProvider": 41,
        "origin_server_id": 931,
        "description": "test",
        "created": "2014-09-23T22:35:37.042Z",
        "deleted": false,
        "enabled": true,
        "redirects": true,
        "protocol": "HTTP",
        "url": "planetlab4.hiit.fi:32780",
        "authenticated": false,
        "backend_status": "Provisioning in progress",
        "enacted": "2014-09-24T05:34:59.178Z"
    },
    "model": "hpc.originserver",
    "pk": 4453
},
{
    "fields": {
        "updated": "2014-09-24T05:34:59.351Z",
        "contentProvider": 41,
        "origin_server_id": 932,
        "description": "test",
        "created": "2014-09-23T22:35:37.100Z",
        "deleted": false,
        "enabled": true,
        "redirects": true,
        "protocol": "HTTP",
        "url": "planetlab4.inf.ethz.ch:32780",
        "authenticated": false,
        "backend_status": "Provisioning in progress",
        "enacted": "2014-09-24T05:34:59.410Z"
    },
    "model": "hpc.originserver",
    "pk": 4454
},
{
    "fields": {
        "updated": "2014-09-24T05:34:59.567Z",
        "contentProvider": 41,
        "origin_server_id": 933,
        "description": "test",
        "created": "2014-09-23T22:35:37.158Z",
        "deleted": false,
        "enabled": true,
        "redirects": true,
        "protocol": "HTTP",
        "url": "planetlab4.mini.pw.edu.pl:32780",
        "authenticated": false,
        "backend_status": "Provisioning in progress",
        "enacted": "2014-09-24T05:34:59.633Z"
    },
    "model": "hpc.originserver",
    "pk": 4455
},
{
    "fields": {
        "updated": "2014-09-24T05:34:59.800Z",
        "contentProvider": 41,
        "origin_server_id": 934,
        "description": "test",
        "created": "2014-09-23T22:35:37.215Z",
        "deleted": false,
        "enabled": true,
        "redirects": true,
        "protocol": "HTTP",
        "url": "planetlab4.n.info.eng.osaka-cu.ac.jp:32780",
        "authenticated": false,
        "backend_status": "Provisioning in progress",
        "enacted": "2014-09-24T05:34:59.857Z"
    },
    "model": "hpc.originserver",
    "pk": 4456
},
{
    "fields": {
        "updated": "2014-09-24T05:35:00.017Z",
        "contentProvider": 41,
        "origin_server_id": 935,
        "description": "test",
        "created": "2014-09-23T22:35:37.282Z",
        "deleted": false,
        "enabled": true,
        "redirects": true,
        "protocol": "HTTP",
        "url": "planetlab4.postel.org:32780",
        "authenticated": false,
        "backend_status": "Provisioning in progress",
        "enacted": "2014-09-24T05:35:00.081Z"
    },
    "model": "hpc.originserver",
    "pk": 4457
},
{
    "fields": {
        "updated": "2014-09-24T05:35:00.267Z",
        "contentProvider": 41,
        "origin_server_id": 936,
        "description": "test",
        "created": "2014-09-23T22:35:37.348Z",
        "deleted": false,
        "enabled": true,
        "redirects": true,
        "protocol": "HTTP",
        "url": "planetlab4.rutgers.edu:32780",
        "authenticated": false,
        "backend_status": "Provisioning in progress",
        "enacted": "2014-09-24T05:35:00.329Z"
    },
    "model": "hpc.originserver",
    "pk": 4458
},
{
    "fields": {
        "updated": "2014-09-24T05:35:00.491Z",
        "contentProvider": 41,
        "origin_server_id": 937,
        "description": "test",
        "created": "2014-09-23T22:35:37.406Z",
        "deleted": false,
        "enabled": true,
        "redirects": true,
        "protocol": "HTTP",
        "url": "planetlab4.tamu.edu:32780",
        "authenticated": false,
        "backend_status": "Provisioning in progress",
        "enacted": "2014-09-24T05:35:00.552Z"
    },
    "model": "hpc.originserver",
    "pk": 4459
},
{
    "fields": {
        "updated": "2014-09-24T05:35:00.708Z",
        "contentProvider": 41,
        "origin_server_id": 938,
        "description": "test",
        "created": "2014-09-23T22:35:37.472Z",
        "deleted": false,
        "enabled": true,
        "redirects": true,
        "protocol": "HTTP",
        "url": "planetlab4.wail.wisc.edu:32780",
        "authenticated": false,
        "backend_status": "Provisioning in progress",
        "enacted": "2014-09-24T05:35:00.768Z"
    },
    "model": "hpc.originserver",
    "pk": 4460
},
{
    "fields": {
        "updated": "2014-09-24T05:35:00.924Z",
        "contentProvider": 41,
        "origin_server_id": 939,
        "description": "test",
        "created": "2014-09-23T22:35:37.530Z",
        "deleted": false,
        "enabled": true,
        "redirects": true,
        "protocol": "HTTP",
        "url": "planetlab4.warsaw.rd.tp.pl:32780",
        "authenticated": false,
        "backend_status": "Provisioning in progress",
        "enacted": "2014-09-24T05:35:00.983Z"
    },
    "model": "hpc.originserver",
    "pk": 4461
},
{
    "fields": {
        "updated": "2014-09-24T05:35:01.133Z",
        "contentProvider": 41,
        "origin_server_id": 940,
        "description": "test",
        "created": "2014-09-23T22:35:37.596Z",
        "deleted": false,
        "enabled": true,
        "redirects": true,
        "protocol": "HTTP",
        "url": "planetlab5.cs.cornell.edu:32780",
        "authenticated": false,
        "backend_status": "Provisioning in progress",
        "enacted": "2014-09-24T05:35:01.190Z"
    },
    "model": "hpc.originserver",
    "pk": 4462
},
{
    "fields": {
        "updated": "2014-09-24T05:35:01.341Z",
        "contentProvider": 41,
        "origin_server_id": 941,
        "description": "test",
        "created": "2014-09-23T22:35:37.654Z",
        "deleted": false,
        "enabled": true,
        "redirects": true,
        "protocol": "HTTP",
        "url": "planetlab5.cs.uiuc.edu:32780",
        "authenticated": false,
        "backend_status": "Provisioning in progress",
        "enacted": "2014-09-24T05:35:01.397Z"
    },
    "model": "hpc.originserver",
    "pk": 4463
},
{
    "fields": {
        "updated": "2014-09-24T05:35:01.557Z",
        "contentProvider": 41,
        "origin_server_id": 942,
        "description": "test",
        "created": "2014-09-23T22:35:37.712Z",
        "deleted": false,
        "enabled": true,
        "redirects": true,
        "protocol": "HTTP",
        "url": "planetlab5.csee.usf.edu:32780",
        "authenticated": false,
        "backend_status": "Provisioning in progress",
        "enacted": "2014-09-24T05:35:01.621Z"
    },
    "model": "hpc.originserver",
    "pk": 4464
},
{
    "fields": {
        "updated": "2014-09-24T05:35:01.799Z",
        "contentProvider": 41,
        "origin_server_id": 943,
        "description": "test",
        "created": "2014-09-23T22:35:37.770Z",
        "deleted": false,
        "enabled": true,
        "redirects": true,
        "protocol": "HTTP",
        "url": "planetlab5.eecs.umich.edu:32780",
        "authenticated": false,
        "backend_status": "Provisioning in progress",
        "enacted": "2014-09-24T05:35:01.861Z"
    },
    "model": "hpc.originserver",
    "pk": 4465
},
{
    "fields": {
        "updated": "2014-09-24T05:35:02.032Z",
        "contentProvider": 41,
        "origin_server_id": 944,
        "description": "test",
        "created": "2014-09-23T22:35:37.820Z",
        "deleted": false,
        "enabled": true,
        "redirects": true,
        "protocol": "HTTP",
        "url": "planetlab5.goto.info.waseda.ac.jp:32780",
        "authenticated": false,
        "backend_status": "Provisioning in progress",
        "enacted": "2014-09-24T05:35:02.092Z"
    },
    "model": "hpc.originserver",
    "pk": 4466
},
{
    "fields": {
        "updated": "2014-09-24T05:35:02.248Z",
        "contentProvider": 41,
        "origin_server_id": 945,
        "description": "test",
        "created": "2014-09-23T22:35:37.878Z",
        "deleted": false,
        "enabled": true,
        "redirects": true,
        "protocol": "HTTP",
        "url": "planetlab6.cs.cornell.edu:32780",
        "authenticated": false,
        "backend_status": "Provisioning in progress",
        "enacted": "2014-09-24T05:35:02.308Z"
    },
    "model": "hpc.originserver",
    "pk": 4467
},
{
    "fields": {
        "updated": "2014-09-24T05:35:02.465Z",
        "contentProvider": 41,
        "origin_server_id": 946,
        "description": "test",
        "created": "2014-09-23T22:35:37.928Z",
        "deleted": false,
        "enabled": true,
        "redirects": true,
        "protocol": "HTTP",
        "url": "planetlab6.cs.duke.edu:32780",
        "authenticated": false,
        "backend_status": "Provisioning in progress",
        "enacted": "2014-09-24T05:35:02.523Z"
    },
    "model": "hpc.originserver",
    "pk": 4468
},
{
    "fields": {
        "updated": "2014-09-24T05:35:02.681Z",
        "contentProvider": 41,
        "origin_server_id": 947,
        "description": "test",
        "created": "2014-09-23T22:35:37.977Z",
        "deleted": false,
        "enabled": true,
        "redirects": true,
        "protocol": "HTTP",
        "url": "planetlab6.cs.uiuc.edu:32780",
        "authenticated": false,
        "backend_status": "Provisioning in progress",
        "enacted": "2014-09-24T05:35:02.730Z"
    },
    "model": "hpc.originserver",
    "pk": 4469
},
{
    "fields": {
        "updated": "2014-09-24T05:35:02.889Z",
        "contentProvider": 41,
        "origin_server_id": 948,
        "description": "test",
        "created": "2014-09-23T22:35:38.027Z",
        "deleted": false,
        "enabled": true,
        "redirects": true,
        "protocol": "HTTP",
        "url": "planetlab6.csee.usf.edu:32780",
        "authenticated": false,
        "backend_status": "Provisioning in progress",
        "enacted": "2014-09-24T05:35:02.945Z"
    },
    "model": "hpc.originserver",
    "pk": 4470
},
{
    "fields": {
        "updated": "2014-09-24T05:35:03.106Z",
        "contentProvider": 41,
        "origin_server_id": 949,
        "description": "test",
        "created": "2014-09-23T22:35:38.118Z",
        "deleted": false,
        "enabled": true,
        "redirects": true,
        "protocol": "HTTP",
        "url": "planetlab6.flux.utah.edu:32780",
        "authenticated": false,
        "backend_status": "Provisioning in progress",
        "enacted": "2014-09-24T05:35:03.177Z"
    },
    "model": "hpc.originserver",
    "pk": 4471
},
{
    "fields": {
        "updated": "2014-09-24T05:35:03.339Z",
        "contentProvider": 41,
        "origin_server_id": 950,
        "description": "test",
        "created": "2014-09-23T22:35:38.176Z",
        "deleted": false,
        "enabled": true,
        "redirects": true,
        "protocol": "HTTP",
        "url": "planetlab6.goto.info.waseda.ac.jp:32780",
        "authenticated": false,
        "backend_status": "Provisioning in progress",
        "enacted": "2014-09-24T05:35:03.409Z"
    },
    "model": "hpc.originserver",
    "pk": 4472
},
{
    "fields": {
        "updated": "2014-09-24T05:35:03.580Z",
        "contentProvider": 41,
        "origin_server_id": 951,
        "description": "test",
        "created": "2014-09-23T22:35:38.234Z",
        "deleted": false,
        "enabled": true,
        "redirects": true,
        "protocol": "HTTP",
        "url": "planetlab7.cs.duke.edu:32780",
        "authenticated": false,
        "backend_status": "Provisioning in progress",
        "enacted": "2014-09-24T05:35:03.649Z"
    },
    "model": "hpc.originserver",
    "pk": 4473
},
{
    "fields": {
        "updated": "2014-09-24T05:35:03.939Z",
        "contentProvider": 41,
        "origin_server_id": 952,
        "description": "test",
        "created": "2014-09-23T22:35:38.292Z",
        "deleted": false,
        "enabled": true,
        "redirects": true,
        "protocol": "HTTP",
        "url": "planetlab7.flux.utah.edu:32780",
        "authenticated": false,
        "backend_status": "Provisioning in progress",
        "enacted": "2014-09-24T05:35:03.997Z"
    },
    "model": "hpc.originserver",
    "pk": 4474
},
{
    "fields": {
        "updated": "2014-09-24T05:35:04.155Z",
        "contentProvider": 41,
        "origin_server_id": 953,
        "description": "test",
        "created": "2014-09-23T22:35:38.358Z",
        "deleted": false,
        "enabled": true,
        "redirects": true,
        "protocol": "HTTP",
        "url": "planetlabeu-1.tssg.org:32780",
        "authenticated": false,
        "backend_status": "Provisioning in progress",
        "enacted": "2014-09-24T05:35:04.212Z"
    },
    "model": "hpc.originserver",
    "pk": 4475
},
{
    "fields": {
        "updated": "2014-09-24T05:35:04.371Z",
        "contentProvider": 41,
        "origin_server_id": 954,
        "description": "test",
        "created": "2014-09-23T22:35:38.416Z",
        "deleted": false,
        "enabled": true,
        "redirects": true,
        "protocol": "HTTP",
        "url": "planetlabeu-2.tssg.org:32780",
        "authenticated": false,
        "backend_status": "Provisioning in progress",
        "enacted": "2014-09-24T05:35:04.436Z"
    },
    "model": "hpc.originserver",
    "pk": 4476
},
{
    "fields": {
        "updated": "2014-09-24T05:35:04.629Z",
        "contentProvider": 41,
        "origin_server_id": 955,
        "description": "test",
        "created": "2014-09-23T22:35:38.482Z",
        "deleted": false,
        "enabled": true,
        "redirects": true,
        "protocol": "HTTP",
        "url": "planetlabone.ccs.neu.edu:32780",
        "authenticated": false,
        "backend_status": "Provisioning in progress",
        "enacted": "2014-09-24T05:35:04.700Z"
    },
    "model": "hpc.originserver",
    "pk": 4477
},
{
    "fields": {
        "updated": "2014-09-24T05:35:04.904Z",
        "contentProvider": 41,
        "origin_server_id": 956,
        "description": "test",
        "created": "2014-09-23T22:35:38.557Z",
        "deleted": false,
        "enabled": true,
        "redirects": true,
        "protocol": "HTTP",
        "url": "planetlabpc1.upf.edu:32780",
        "authenticated": false,
        "backend_status": "Provisioning in progress",
        "enacted": "2014-09-24T05:35:04.974Z"
    },
    "model": "hpc.originserver",
    "pk": 4478
},
{
    "fields": {
        "updated": "2014-09-24T05:35:05.146Z",
        "contentProvider": 41,
        "origin_server_id": 957,
        "description": "test",
        "created": "2014-09-23T22:35:38.615Z",
        "deleted": false,
        "enabled": true,
        "redirects": true,
        "protocol": "HTTP",
        "url": "planetlabpc2.upf.edu:32780",
        "authenticated": false,
        "backend_status": "Provisioning in progress",
        "enacted": "2014-09-24T05:35:05.197Z"
    },
    "model": "hpc.originserver",
    "pk": 4479
},
{
    "fields": {
        "updated": "2014-09-24T05:35:05.355Z",
        "contentProvider": 41,
        "origin_server_id": 958,
        "description": "test",
        "created": "2014-09-23T22:35:38.673Z",
        "deleted": false,
        "enabled": true,
        "redirects": true,
        "protocol": "HTTP",
        "url": "planetlabtwo.ccs.neu.edu:32780",
        "authenticated": false,
        "backend_status": "Provisioning in progress",
        "enacted": "2014-09-24T05:35:05.429Z"
    },
    "model": "hpc.originserver",
    "pk": 4480
},
{
    "fields": {
        "updated": "2014-09-24T05:35:05.587Z",
        "contentProvider": 41,
        "origin_server_id": 959,
        "description": "test",
        "created": "2014-09-23T22:35:38.731Z",
        "deleted": false,
        "enabled": true,
        "redirects": true,
        "protocol": "HTTP",
        "url": "planetslug3.cse.ucsc.edu:32780",
        "authenticated": false,
        "backend_status": "Provisioning in progress",
        "enacted": "2014-09-24T05:35:05.653Z"
    },
    "model": "hpc.originserver",
    "pk": 4481
},
{
    "fields": {
        "updated": "2014-09-24T05:35:05.812Z",
        "contentProvider": 41,
        "origin_server_id": 960,
        "description": "test",
        "created": "2014-09-23T22:35:38.789Z",
        "deleted": false,
        "enabled": true,
        "redirects": true,
        "protocol": "HTTP",
        "url": "planetslug4.cse.ucsc.edu:32780",
        "authenticated": false,
        "backend_status": "Provisioning in progress",
        "enacted": "2014-09-24T05:35:05.876Z"
    },
    "model": "hpc.originserver",
    "pk": 4482
},
{
    "fields": {
        "updated": "2014-09-24T05:35:06.044Z",
        "contentProvider": 41,
        "origin_server_id": 961,
        "description": "test",
        "created": "2014-09-23T22:35:38.847Z",
        "deleted": false,
        "enabled": true,
        "redirects": true,
        "protocol": "HTTP",
        "url": "planetslug5.cse.ucsc.edu:32780",
        "authenticated": false,
        "backend_status": "Provisioning in progress",
        "enacted": "2014-09-24T05:35:06.100Z"
    },
    "model": "hpc.originserver",
    "pk": 4483
},
{
    "fields": {
        "updated": "2014-09-24T05:35:06.261Z",
        "contentProvider": 41,
        "origin_server_id": 962,
        "description": "test",
        "created": "2014-09-23T22:35:38.905Z",
        "deleted": false,
        "enabled": true,
        "redirects": true,
        "protocol": "HTTP",
        "url": "planetslug7.cse.ucsc.edu:32780",
        "authenticated": false,
        "backend_status": "Provisioning in progress",
        "enacted": "2014-09-24T05:35:06.323Z"
    },
    "model": "hpc.originserver",
    "pk": 4484
},
{
    "fields": {
        "updated": "2014-09-24T05:35:06.495Z",
        "contentProvider": 41,
        "origin_server_id": 963,
        "description": "test",
        "created": "2014-09-23T22:35:38.963Z",
        "deleted": false,
        "enabled": true,
        "redirects": true,
        "protocol": "HTTP",
        "url": "planetvs1.informatik.uni-stuttgart.de:32780",
        "authenticated": false,
        "backend_status": "Provisioning in progress",
        "enacted": "2014-09-24T05:35:06.555Z"
    },
    "model": "hpc.originserver",
    "pk": 4485
},
{
    "fields": {
        "updated": "2014-09-24T05:35:06.711Z",
        "contentProvider": 41,
        "origin_server_id": 964,
        "description": "test",
        "created": "2014-09-23T22:35:39.029Z",
        "deleted": false,
        "enabled": true,
        "redirects": true,
        "protocol": "HTTP",
        "url": "planetvs2.informatik.uni-stuttgart.de:32780",
        "authenticated": false,
        "backend_status": "Provisioning in progress",
        "enacted": "2014-09-24T05:35:06.770Z"
    },
    "model": "hpc.originserver",
    "pk": 4486
},
{
    "fields": {
        "updated": "2014-09-24T05:35:06.953Z",
        "contentProvider": 41,
        "origin_server_id": 965,
        "description": "test",
        "created": "2014-09-23T22:35:39.128Z",
        "deleted": false,
        "enabled": true,
        "redirects": true,
        "protocol": "HTTP",
        "url": "ple1.ait.ac.th:32780",
        "authenticated": false,
        "backend_status": "Provisioning in progress",
        "enacted": "2014-09-24T05:35:07.002Z"
    },
    "model": "hpc.originserver",
    "pk": 4487
},
{
    "fields": {
        "updated": "2014-09-24T05:35:07.177Z",
        "contentProvider": 41,
        "origin_server_id": 966,
        "description": "test",
        "created": "2014-09-23T22:35:39.186Z",
        "deleted": false,
        "enabled": true,
        "redirects": true,
        "protocol": "HTTP",
        "url": "ple1.cesnet.cz:32780",
        "authenticated": false,
        "backend_status": "Provisioning in progress",
        "enacted": "2014-09-24T05:35:07.234Z"
    },
    "model": "hpc.originserver",
    "pk": 4488
},
{
    "fields": {
        "updated": "2014-09-24T05:35:07.402Z",
        "contentProvider": 41,
        "origin_server_id": 967,
        "description": "test",
        "created": "2014-09-23T22:35:39.252Z",
        "deleted": false,
        "enabled": true,
        "redirects": true,
        "protocol": "HTTP",
        "url": "ple1.dmcs.p.lodz.pl:32780",
        "authenticated": false,
        "backend_status": "Provisioning in progress",
        "enacted": "2014-09-24T05:35:07.457Z"
    },
    "model": "hpc.originserver",
    "pk": 4489
},
{
    "fields": {
        "updated": "2014-09-24T05:35:07.619Z",
        "contentProvider": 41,
        "origin_server_id": 968,
        "description": "test",
        "created": "2014-09-23T22:35:39.385Z",
        "deleted": false,
        "enabled": true,
        "redirects": true,
        "protocol": "HTTP",
        "url": "ple2.cesnet.cz:32780",
        "authenticated": false,
        "backend_status": "Provisioning in progress",
        "enacted": "2014-09-24T05:35:07.689Z"
    },
    "model": "hpc.originserver",
    "pk": 4491
},
{
    "fields": {
        "updated": "2014-09-24T05:35:07.844Z",
        "contentProvider": 41,
        "origin_server_id": 969,
        "description": "test",
        "created": "2014-09-23T22:35:39.443Z",
        "deleted": false,
        "enabled": true,
        "redirects": true,
        "protocol": "HTTP",
        "url": "ple2.ipv6.lip6.fr:32780",
        "authenticated": false,
        "backend_status": "Provisioning in progress",
        "enacted": "2014-09-24T05:35:07.905Z"
    },
    "model": "hpc.originserver",
    "pk": 4492
},
{
    "fields": {
        "updated": "2014-09-24T05:35:08.077Z",
        "contentProvider": 41,
        "origin_server_id": 970,
        "description": "test",
        "created": "2014-09-23T22:35:39.509Z",
        "deleted": false,
        "enabled": true,
        "redirects": true,
        "protocol": "HTTP",
        "url": "ple2.tu.koszalin.pl:32780",
        "authenticated": false,
        "backend_status": "Provisioning in progress",
        "enacted": "2014-09-24T05:35:08.136Z"
    },
    "model": "hpc.originserver",
    "pk": 4493
},
{
    "fields": {
        "updated": "2014-09-24T05:35:08.285Z",
        "contentProvider": 41,
        "origin_server_id": 971,
        "description": "test",
        "created": "2014-09-23T22:35:39.575Z",
        "deleted": false,
        "enabled": true,
        "redirects": true,
        "protocol": "HTTP",
        "url": "ple3.ipv6.lip6.fr:32780",
        "authenticated": false,
        "backend_status": "Provisioning in progress",
        "enacted": "2014-09-24T05:35:08.343Z"
    },
    "model": "hpc.originserver",
    "pk": 4494
},
{
    "fields": {
        "updated": "2014-09-24T05:35:08.501Z",
        "contentProvider": 41,
        "origin_server_id": 972,
        "description": "test",
        "created": "2014-09-23T22:35:39.633Z",
        "deleted": false,
        "enabled": true,
        "redirects": true,
        "protocol": "HTTP",
        "url": "ple4.ipv6.lip6.fr:32780",
        "authenticated": false,
        "backend_status": "Provisioning in progress",
        "enacted": "2014-09-24T05:35:08.559Z"
    },
    "model": "hpc.originserver",
    "pk": 4495
},
{
    "fields": {
        "updated": "2014-09-24T05:35:08.726Z",
        "contentProvider": 41,
        "origin_server_id": 973,
        "description": "test",
        "created": "2014-09-23T22:35:39.699Z",
        "deleted": false,
        "enabled": true,
        "redirects": true,
        "protocol": "HTTP",
        "url": "ple6.ipv6.lip6.fr:32780",
        "authenticated": false,
        "backend_status": "Provisioning in progress",
        "enacted": "2014-09-24T05:35:08.782Z"
    },
    "model": "hpc.originserver",
    "pk": 4496
},
{
    "fields": {
        "updated": "2014-09-24T05:35:08.961Z",
        "contentProvider": 41,
        "origin_server_id": 974,
        "description": "test",
        "created": "2014-09-23T22:35:39.757Z",
        "deleted": false,
        "enabled": true,
        "redirects": true,
        "protocol": "HTTP",
        "url": "plewifi.ipv6.lip6.fr:32780",
        "authenticated": false,
        "backend_status": "Provisioning in progress",
        "enacted": "2014-09-24T05:35:09.014Z"
    },
    "model": "hpc.originserver",
    "pk": 4497
},
{
    "fields": {
        "updated": "2014-09-24T05:35:09.176Z",
        "contentProvider": 41,
        "origin_server_id": 975,
        "description": "test",
        "created": "2014-09-23T22:35:39.823Z",
        "deleted": false,
        "enabled": true,
        "redirects": true,
        "protocol": "HTTP",
        "url": "plgmu1.ite.gmu.edu:32780",
        "authenticated": false,
        "backend_status": "Provisioning in progress",
        "enacted": "2014-09-24T05:35:09.246Z"
    },
    "model": "hpc.originserver",
    "pk": 4498
},
{
    "fields": {
        "updated": "2014-09-24T05:35:09.417Z",
        "contentProvider": 41,
        "origin_server_id": 976,
        "description": "test",
        "created": "2014-09-23T22:35:39.906Z",
        "deleted": false,
        "enabled": true,
        "redirects": true,
        "protocol": "HTTP",
        "url": "plgmu3.ite.gmu.edu:32780",
        "authenticated": false,
        "backend_status": "Provisioning in progress",
        "enacted": "2014-09-24T05:35:09.486Z"
    },
    "model": "hpc.originserver",
    "pk": 4499
},
{
    "fields": {
        "updated": "2014-09-24T05:35:09.650Z",
        "contentProvider": 41,
        "origin_server_id": 977,
        "description": "test",
        "created": "2014-09-23T22:35:40.221Z",
        "deleted": false,
        "enabled": true,
        "redirects": true,
        "protocol": "HTTP",
        "url": "plgmu4.ite.gmu.edu:32780",
        "authenticated": false,
        "backend_status": "Provisioning in progress",
        "enacted": "2014-09-24T05:35:09.709Z"
    },
    "model": "hpc.originserver",
    "pk": 4500
},
{
    "fields": {
        "updated": "2014-09-24T05:35:09.867Z",
        "contentProvider": 41,
        "origin_server_id": 978,
        "description": "test",
        "created": "2014-09-23T22:35:40.385Z",
        "deleted": false,
        "enabled": true,
        "redirects": true,
        "protocol": "HTTP",
        "url": "plgmu5.ite.gmu.edu:32780",
        "authenticated": false,
        "backend_status": "Provisioning in progress",
        "enacted": "2014-09-24T05:35:09.933Z"
    },
    "model": "hpc.originserver",
    "pk": 4501
},
{
    "fields": {
        "updated": "2014-09-24T05:35:10.109Z",
        "contentProvider": 41,
        "origin_server_id": 979,
        "description": "test",
        "created": "2014-09-23T22:35:40.461Z",
        "deleted": false,
        "enabled": true,
        "redirects": true,
        "protocol": "HTTP",
        "url": "pli1-pa-4.hpl.hp.com:32780",
        "authenticated": false,
        "backend_status": "Provisioning in progress",
        "enacted": "2014-09-24T05:35:10.173Z"
    },
    "model": "hpc.originserver",
    "pk": 4502
},
{
    "fields": {
        "updated": "2014-09-24T05:35:10.341Z",
        "contentProvider": 41,
        "origin_server_id": 980,
        "description": "test",
        "created": "2014-09-23T22:35:40.519Z",
        "deleted": false,
        "enabled": true,
        "redirects": true,
        "protocol": "HTTP",
        "url": "pli1-pa-5.hpl.hp.com:32780",
        "authenticated": false,
        "backend_status": "Provisioning in progress",
        "enacted": "2014-09-24T05:35:10.405Z"
    },
    "model": "hpc.originserver",
    "pk": 4503
},
{
    "fields": {
        "updated": "2014-09-24T05:35:10.558Z",
        "contentProvider": 41,
        "origin_server_id": 981,
        "description": "test",
        "created": "2014-09-23T22:35:40.577Z",
        "deleted": false,
        "enabled": true,
        "redirects": true,
        "protocol": "HTTP",
        "url": "pli1-pa-6.hpl.hp.com:32780",
        "authenticated": false,
        "backend_status": "Provisioning in progress",
        "enacted": "2014-09-24T05:35:10.620Z"
    },
    "model": "hpc.originserver",
    "pk": 4504
},
{
    "fields": {
        "updated": "2014-09-24T05:35:10.783Z",
        "contentProvider": 41,
        "origin_server_id": 982,
        "description": "test",
        "created": "2014-09-23T22:35:40.635Z",
        "deleted": false,
        "enabled": true,
        "redirects": true,
        "protocol": "HTTP",
        "url": "pli2-pa-1.hpl.hp.com:32780",
        "authenticated": false,
        "backend_status": "Provisioning in progress",
        "enacted": "2014-09-24T05:35:10.852Z"
    },
    "model": "hpc.originserver",
    "pk": 4505
},
{
    "fields": {
        "updated": "2014-09-24T05:35:11.016Z",
        "contentProvider": 41,
        "origin_server_id": 983,
        "description": "test",
        "created": "2014-09-23T22:35:40.693Z",
        "deleted": false,
        "enabled": true,
        "redirects": true,
        "protocol": "HTTP",
        "url": "pli2-pa-2.hpl.hp.com:32780",
        "authenticated": false,
        "backend_status": "Provisioning in progress",
        "enacted": "2014-09-24T05:35:11.076Z"
    },
    "model": "hpc.originserver",
    "pk": 4506
},
{
    "fields": {
        "updated": "2014-09-24T05:35:11.233Z",
        "contentProvider": 41,
        "origin_server_id": 984,
        "description": "test",
        "created": "2014-09-23T22:35:40.751Z",
        "deleted": false,
        "enabled": true,
        "redirects": true,
        "protocol": "HTTP",
        "url": "pli2-pa-3.hpl.hp.com:32780",
        "authenticated": false,
        "backend_status": "Provisioning in progress",
        "enacted": "2014-09-24T05:35:11.291Z"
    },
    "model": "hpc.originserver",
    "pk": 4507
},
{
    "fields": {
        "updated": "2014-09-24T05:35:11.458Z",
        "contentProvider": 41,
        "origin_server_id": 985,
        "description": "test",
        "created": "2014-09-23T22:35:40.809Z",
        "deleted": false,
        "enabled": true,
        "redirects": true,
        "protocol": "HTTP",
        "url": "plink.cs.uwaterloo.ca:32780",
        "authenticated": false,
        "backend_status": "Provisioning in progress",
        "enacted": "2014-09-24T05:35:11.515Z"
    },
    "model": "hpc.originserver",
    "pk": 4508
},
{
    "fields": {
        "updated": "2014-09-24T05:35:11.674Z",
        "contentProvider": 41,
        "origin_server_id": 986,
        "description": "test",
        "created": "2014-09-23T22:35:40.858Z",
        "deleted": false,
        "enabled": true,
        "redirects": true,
        "protocol": "HTTP",
        "url": "pllx1.parc.xerox.com:32780",
        "authenticated": false,
        "backend_status": "Provisioning in progress",
        "enacted": "2014-09-24T05:35:11.730Z"
    },
    "model": "hpc.originserver",
    "pk": 4509
},
{
    "fields": {
        "updated": "2014-09-24T05:35:11.890Z",
        "contentProvider": 41,
        "origin_server_id": 987,
        "description": "test",
        "created": "2014-09-23T22:35:40.908Z",
        "deleted": false,
        "enabled": true,
        "redirects": true,
        "protocol": "HTTP",
        "url": "pllx2.parc.xerox.com:32780",
        "authenticated": false,
        "backend_status": "Provisioning in progress",
        "enacted": "2014-09-24T05:35:11.953Z"
    },
    "model": "hpc.originserver",
    "pk": 4510
},
{
    "fields": {
        "updated": "2014-09-24T05:35:12.107Z",
        "contentProvider": 41,
        "origin_server_id": 988,
        "description": "test",
        "created": "2014-09-23T22:35:40.966Z",
        "deleted": false,
        "enabled": true,
        "redirects": true,
        "protocol": "HTTP",
        "url": "pln.zju.edu.cn:32780",
        "authenticated": false,
        "backend_status": "Provisioning in progress",
        "enacted": "2014-09-24T05:35:12.169Z"
    },
    "model": "hpc.originserver",
    "pk": 4511
},
{
    "fields": {
        "updated": "2014-09-24T05:35:12.340Z",
        "contentProvider": 41,
        "origin_server_id": 989,
        "description": "test",
        "created": "2014-09-23T22:35:41.024Z",
        "deleted": false,
        "enabled": true,
        "redirects": true,
        "protocol": "HTTP",
        "url": "plnode-03.gpolab.bbn.com:32780",
        "authenticated": false,
        "backend_status": "Provisioning in progress",
        "enacted": "2014-09-24T05:35:12.392Z"
    },
    "model": "hpc.originserver",
    "pk": 4512
},
{
    "fields": {
        "updated": "2014-09-24T05:35:12.548Z",
        "contentProvider": 41,
        "origin_server_id": 990,
        "description": "test",
        "created": "2014-09-23T22:35:41.082Z",
        "deleted": false,
        "enabled": true,
        "redirects": true,
        "protocol": "HTTP",
        "url": "plnode-04.gpolab.bbn.com:32780",
        "authenticated": false,
        "backend_status": "Provisioning in progress",
        "enacted": "2014-09-24T05:35:12.607Z"
    },
    "model": "hpc.originserver",
    "pk": 4513
},
{
    "fields": {
        "updated": "2014-09-24T05:35:12.781Z",
        "contentProvider": 41,
        "origin_server_id": 991,
        "description": "test",
        "created": "2014-09-23T22:35:41.140Z",
        "deleted": false,
        "enabled": true,
        "redirects": true,
        "protocol": "HTTP",
        "url": "plnode01.cs.mu.oz.au:32780",
        "authenticated": false,
        "backend_status": "Provisioning in progress",
        "enacted": "2014-09-24T05:35:12.914Z"
    },
    "model": "hpc.originserver",
    "pk": 4514
},
{
    "fields": {
        "updated": "2014-09-24T05:35:13.156Z",
        "contentProvider": 41,
        "origin_server_id": 992,
        "description": "test",
        "created": "2014-09-23T22:35:41.198Z",
        "deleted": false,
        "enabled": true,
        "redirects": true,
        "protocol": "HTTP",
        "url": "plnode02.cs.mu.oz.au:32780",
        "authenticated": false,
        "backend_status": "Provisioning in progress",
        "enacted": "2014-09-24T05:35:13.212Z"
    },
    "model": "hpc.originserver",
    "pk": 4515
},
{
    "fields": {
        "updated": "2014-09-24T05:35:13.372Z",
        "contentProvider": 41,
        "origin_server_id": 993,
        "description": "test",
        "created": "2014-09-23T22:35:41.264Z",
        "deleted": false,
        "enabled": true,
        "redirects": true,
        "protocol": "HTTP",
        "url": "plnodea.plaust.edu.cn:32780",
        "authenticated": false,
        "backend_status": "Provisioning in progress",
        "enacted": "2014-09-24T05:35:13.435Z"
    },
    "model": "hpc.originserver",
    "pk": 4516
},
{
    "fields": {
        "updated": "2014-09-24T05:35:13.597Z",
        "contentProvider": 41,
        "origin_server_id": 994,
        "description": "test",
        "created": "2014-09-23T22:35:41.322Z",
        "deleted": false,
        "enabled": true,
        "redirects": true,
        "protocol": "HTTP",
        "url": "plonk.cs.uwaterloo.ca:32780",
        "authenticated": false,
        "backend_status": "Provisioning in progress",
        "enacted": "2014-09-24T05:35:13.650Z"
    },
    "model": "hpc.originserver",
    "pk": 4517
},
{
    "fields": {
        "updated": "2014-09-24T05:35:13.822Z",
        "contentProvider": 41,
        "origin_server_id": 995,
        "description": "test",
        "created": "2014-09-23T22:35:41.388Z",
        "deleted": false,
        "enabled": true,
        "redirects": true,
        "protocol": "HTTP",
        "url": "pluto.cs.brown.edu:32780",
        "authenticated": false,
        "backend_status": "Provisioning in progress",
        "enacted": "2014-09-24T05:35:13.891Z"
    },
    "model": "hpc.originserver",
    "pk": 4518
},
{
    "fields": {
        "updated": "2014-09-24T05:35:14.055Z",
        "contentProvider": 41,
        "origin_server_id": 996,
        "description": "test",
        "created": "2014-09-23T22:35:41.454Z",
        "deleted": false,
        "enabled": true,
        "redirects": true,
        "protocol": "HTTP",
        "url": "prata.mimuw.edu.pl:32780",
        "authenticated": false,
        "backend_status": "Provisioning in progress",
        "enacted": "2014-09-24T05:35:14.106Z"
    },
    "model": "hpc.originserver",
    "pk": 4519
},
{
    "fields": {
        "updated": "2014-09-24T05:35:14.280Z",
        "contentProvider": 41,
        "origin_server_id": 997,
        "description": "test",
        "created": "2014-09-23T22:35:41.521Z",
        "deleted": false,
        "enabled": true,
        "redirects": true,
        "protocol": "HTTP",
        "url": "pub1-s.ane.cmc.osaka-u.ac.jp:32780",
        "authenticated": false,
        "backend_status": "Provisioning in progress",
        "enacted": "2014-09-24T05:35:14.346Z"
    },
    "model": "hpc.originserver",
    "pk": 4520
},
{
    "fields": {
        "updated": "2014-09-24T05:35:14.513Z",
        "contentProvider": 41,
        "origin_server_id": 998,
        "description": "test",
        "created": "2014-09-23T22:35:41.587Z",
        "deleted": false,
        "enabled": true,
        "redirects": true,
        "protocol": "HTTP",
        "url": "pub2-s.ane.cmc.osaka-u.ac.jp:32780",
        "authenticated": false,
        "backend_status": "Provisioning in progress",
        "enacted": "2014-09-24T05:35:14.569Z"
    },
    "model": "hpc.originserver",
    "pk": 4521
},
{
    "fields": {
        "updated": "2014-09-24T05:35:14.738Z",
        "contentProvider": 41,
        "origin_server_id": 999,
        "description": "test",
        "created": "2014-09-23T22:35:41.653Z",
        "deleted": false,
        "enabled": true,
        "redirects": true,
        "protocol": "HTTP",
        "url": "ricepl-1.cs.rice.edu:32780",
        "authenticated": false,
        "backend_status": "Provisioning in progress",
        "enacted": "2014-09-24T05:35:14.801Z"
    },
    "model": "hpc.originserver",
    "pk": 4522
},
{
    "fields": {
        "updated": "2014-09-24T05:35:14.971Z",
        "contentProvider": 41,
        "origin_server_id": 1000,
        "description": "test",
        "created": "2014-09-23T22:35:41.719Z",
        "deleted": false,
        "enabled": true,
        "redirects": true,
        "protocol": "HTTP",
        "url": "ricepl-2.cs.rice.edu:32780",
        "authenticated": false,
        "backend_status": "Provisioning in progress",
        "enacted": "2014-09-24T05:35:15.033Z"
    },
    "model": "hpc.originserver",
    "pk": 4523
},
{
    "fields": {
        "updated": "2014-09-24T05:35:15.204Z",
        "contentProvider": 41,
        "origin_server_id": 1001,
        "description": "test",
        "created": "2014-09-23T22:35:41.786Z",
        "deleted": false,
        "enabled": true,
        "redirects": true,
        "protocol": "HTTP",
        "url": "ricepl-4.cs.rice.edu:32780",
        "authenticated": false,
        "backend_status": "Provisioning in progress",
        "enacted": "2014-09-24T05:35:15.265Z"
    },
    "model": "hpc.originserver",
    "pk": 4524
},
{
    "fields": {
        "updated": "2014-09-24T05:35:15.429Z",
        "contentProvider": 41,
        "origin_server_id": 1002,
        "description": "test",
        "created": "2014-09-23T22:35:41.852Z",
        "deleted": false,
        "enabled": true,
        "redirects": true,
        "protocol": "HTTP",
        "url": "ricepl-5.cs.rice.edu:32780",
        "authenticated": false,
        "backend_status": "Provisioning in progress",
        "enacted": "2014-09-24T05:35:15.488Z"
    },
    "model": "hpc.originserver",
    "pk": 4525
},
{
    "fields": {
        "updated": "2014-09-24T05:35:15.654Z",
        "contentProvider": 41,
        "origin_server_id": 1003,
        "description": "test",
        "created": "2014-09-23T22:35:41.918Z",
        "deleted": false,
        "enabled": true,
        "redirects": true,
        "protocol": "HTTP",
        "url": "righthand.eecs.harvard.edu:32780",
        "authenticated": false,
        "backend_status": "Provisioning in progress",
        "enacted": "2014-09-24T05:35:15.712Z"
    },
    "model": "hpc.originserver",
    "pk": 4526
},
{
    "fields": {
        "updated": "2014-09-24T05:35:15.870Z",
        "contentProvider": 41,
        "origin_server_id": 1004,
        "description": "test",
        "created": "2014-09-23T22:35:41.984Z",
        "deleted": false,
        "enabled": true,
        "redirects": true,
        "protocol": "HTTP",
        "url": "roam1.cs.ou.edu:32780",
        "authenticated": false,
        "backend_status": "Provisioning in progress",
        "enacted": "2014-09-24T05:35:15.936Z"
    },
    "model": "hpc.originserver",
    "pk": 4527
},
{
    "fields": {
        "updated": "2014-09-24T05:35:16.095Z",
        "contentProvider": 41,
        "origin_server_id": 1005,
        "description": "test",
        "created": "2014-09-23T22:35:42.051Z",
        "deleted": false,
        "enabled": true,
        "redirects": true,
        "protocol": "HTTP",
        "url": "roam2.cs.ou.edu:32780",
        "authenticated": false,
        "backend_status": "Provisioning in progress",
        "enacted": "2014-09-24T05:35:16.159Z"
    },
    "model": "hpc.originserver",
    "pk": 4528
},
{
    "fields": {
        "updated": "2014-09-24T05:35:16.328Z",
        "contentProvider": 41,
        "origin_server_id": 1006,
        "description": "test",
        "created": "2014-09-23T22:35:42.108Z",
        "deleted": false,
        "enabled": true,
        "redirects": true,
        "protocol": "HTTP",
        "url": "rochefort.infonet.fundp.ac.be:32780",
        "authenticated": false,
        "backend_status": "Provisioning in progress",
        "enacted": "2014-09-24T05:35:16.399Z"
    },
    "model": "hpc.originserver",
    "pk": 4529
},
{
    "fields": {
        "updated": "2014-09-24T05:35:16.645Z",
        "contentProvider": 41,
        "origin_server_id": 1007,
        "description": "test",
        "created": "2014-09-23T22:35:42.166Z",
        "deleted": false,
        "enabled": true,
        "redirects": true,
        "protocol": "HTTP",
        "url": "roti.mimuw.edu.pl:32780",
        "authenticated": false,
        "backend_status": "Provisioning in progress",
        "enacted": "2014-09-24T05:35:16.731Z"
    },
    "model": "hpc.originserver",
    "pk": 4530
},
{
    "fields": {
        "updated": "2014-09-24T05:35:16.928Z",
        "contentProvider": 41,
        "origin_server_id": 1008,
        "description": "test",
        "created": "2014-09-23T22:35:42.241Z",
        "deleted": false,
        "enabled": true,
        "redirects": true,
        "protocol": "HTTP",
        "url": "s3.amazon.com",
        "authenticated": false,
        "backend_status": "Provisioning in progress",
        "enacted": "2014-09-24T05:35:16.987Z"
    },
    "model": "hpc.originserver",
    "pk": 4531
},
{
    "fields": {
        "updated": "2014-09-24T05:35:17.144Z",
        "contentProvider": 41,
        "origin_server_id": 1009,
        "description": "test",
        "created": "2014-09-23T22:35:42.369Z",
        "deleted": false,
        "enabled": true,
        "redirects": true,
        "protocol": "HTTP",
        "url": "salt.planetlab.cs.umd.edu:32780",
        "authenticated": false,
        "backend_status": "Provisioning in progress",
        "enacted": "2014-09-24T05:35:17.202Z"
    },
    "model": "hpc.originserver",
    "pk": 4532
},
{
    "fields": {
        "updated": "2014-09-24T05:35:17.361Z",
        "contentProvider": 41,
        "origin_server_id": 1010,
        "description": "test",
        "created": "2014-09-23T22:35:42.457Z",
        "deleted": false,
        "enabled": true,
        "redirects": true,
        "protocol": "HTTP",
        "url": "saturn.planetlab.carleton.ca:32780",
        "authenticated": false,
        "backend_status": "Provisioning in progress",
        "enacted": "2014-09-24T05:35:17.418Z"
    },
    "model": "hpc.originserver",
    "pk": 4533
},
{
    "fields": {
        "updated": "2014-09-24T05:35:17.577Z",
        "contentProvider": 41,
        "origin_server_id": 1011,
        "description": "test",
        "created": "2014-09-23T22:35:42.522Z",
        "deleted": false,
        "enabled": true,
        "redirects": true,
        "protocol": "HTTP",
        "url": "scratchy.comlab.bth.se:32780",
        "authenticated": false,
        "backend_status": "Provisioning in progress",
        "enacted": "2014-09-24T05:35:17.633Z"
    },
    "model": "hpc.originserver",
    "pk": 4534
},
{
    "fields": {
        "updated": "2014-09-24T05:35:17.802Z",
        "contentProvider": 41,
        "origin_server_id": 1012,
        "description": "test",
        "created": "2014-09-23T22:35:42.580Z",
        "deleted": false,
        "enabled": true,
        "redirects": true,
        "protocol": "HTTP",
        "url": "server2.planetlab.iit-tech.net:32780",
        "authenticated": false,
        "backend_status": "Provisioning in progress",
        "enacted": "2014-09-24T05:35:17.865Z"
    },
    "model": "hpc.originserver",
    "pk": 4535
},
{
    "fields": {
        "updated": "2014-09-24T05:35:18.027Z",
        "contentProvider": 41,
        "origin_server_id": 1013,
        "description": "test",
        "created": "2014-09-23T22:35:42.638Z",
        "deleted": false,
        "enabled": true,
        "redirects": true,
        "protocol": "HTTP",
        "url": "server4.planetlab.iit-tech.net:32780",
        "authenticated": false,
        "backend_status": "Provisioning in progress",
        "enacted": "2014-09-24T05:35:18.088Z"
    },
    "model": "hpc.originserver",
    "pk": 4536
},
{
    "fields": {
        "updated": "2014-09-24T05:35:18.252Z",
        "contentProvider": 41,
        "origin_server_id": 1014,
        "description": "test",
        "created": "2014-09-23T22:35:42.696Z",
        "deleted": false,
        "enabled": true,
        "redirects": true,
        "protocol": "HTTP",
        "url": "stella.planetlab.ntua.gr:32780",
        "authenticated": false,
        "backend_status": "Provisioning in progress",
        "enacted": "2014-09-24T05:35:18.303Z"
    },
    "model": "hpc.originserver",
    "pk": 4537
},
{
    "fields": {
        "updated": "2014-09-24T05:35:18.452Z",
        "contentProvider": 41,
        "origin_server_id": 1015,
        "description": "test",
        "created": "2014-09-23T22:35:42.763Z",
        "deleted": false,
        "enabled": true,
        "redirects": true,
        "protocol": "HTTP",
        "url": "thalescom-48-41.cnt.nerim.net:32780",
        "authenticated": false,
        "backend_status": "Provisioning in progress",
        "enacted": "2014-09-24T05:35:18.510Z"
    },
    "model": "hpc.originserver",
    "pk": 4538
},
{
    "fields": {
        "updated": "2014-09-24T05:35:18.676Z",
        "contentProvider": 41,
        "origin_server_id": 1016,
        "description": "test",
        "created": "2014-09-23T22:35:42.820Z",
        "deleted": false,
        "enabled": true,
        "redirects": true,
        "protocol": "HTTP",
        "url": "thalescom-48-42.cnt.nerim.net:32780",
        "authenticated": false,
        "backend_status": "Provisioning in progress",
        "enacted": "2014-09-24T05:35:18.742Z"
    },
    "model": "hpc.originserver",
    "pk": 4539
},
{
    "fields": {
        "updated": "2014-09-24T05:35:18.901Z",
        "contentProvider": 41,
        "origin_server_id": 1017,
        "description": "test",
        "created": "2014-09-23T22:35:42.878Z",
        "deleted": false,
        "enabled": true,
        "redirects": true,
        "protocol": "HTTP",
        "url": "ttu1-1.nodes.planet-lab.org:32780",
        "authenticated": false,
        "backend_status": "Provisioning in progress",
        "enacted": "2014-09-24T05:35:18.966Z"
    },
    "model": "hpc.originserver",
    "pk": 4540
},
{
    "fields": {
        "updated": "2014-09-24T05:35:19.127Z",
        "contentProvider": 41,
        "origin_server_id": 1018,
        "description": "test",
        "created": "2014-09-23T22:35:42.945Z",
        "deleted": false,
        "enabled": true,
        "redirects": true,
        "protocol": "HTTP",
        "url": "ttu2-1.nodes.planet-lab.org:32780",
        "authenticated": false,
        "backend_status": "Provisioning in progress",
        "enacted": "2014-09-24T05:35:19.189Z"
    },
    "model": "hpc.originserver",
    "pk": 4541
},
{
    "fields": {
        "updated": "2014-09-24T05:35:19.476Z",
        "contentProvider": 41,
        "origin_server_id": 1019,
        "description": "test",
        "created": "2014-09-23T22:35:43.003Z",
        "deleted": false,
        "enabled": true,
        "redirects": true,
        "protocol": "HTTP",
        "url": "uoepl2.essex.ac.uk:32780",
        "authenticated": false,
        "backend_status": "Provisioning in progress",
        "enacted": "2014-09-24T05:35:19.628Z"
    },
    "model": "hpc.originserver",
    "pk": 4542
},
{
    "fields": {
        "updated": "2014-09-24T05:35:19.792Z",
        "contentProvider": 41,
        "origin_server_id": 1020,
        "description": "test",
        "created": "2014-09-23T22:35:43.069Z",
        "deleted": false,
        "enabled": true,
        "redirects": true,
        "protocol": "HTTP",
        "url": "utet.ii.uam.es:32780",
        "authenticated": false,
        "backend_status": "Provisioning in progress",
        "enacted": "2014-09-24T05:35:19.852Z"
    },
    "model": "hpc.originserver",
    "pk": 4543
},
{
    "fields": {
        "updated": "2014-09-24T05:35:20.009Z",
        "contentProvider": 41,
        "origin_server_id": 1021,
        "description": "test",
        "created": "2014-09-23T22:35:43.187Z",
        "deleted": false,
        "enabled": true,
        "redirects": true,
        "protocol": "HTTP",
        "url": "vcoblitz-cmi.cs.princeton.edu",
        "authenticated": false,
        "backend_status": "Provisioning in progress",
        "enacted": "2014-09-24T05:35:20.067Z"
    },
    "model": "hpc.originserver",
    "pk": 4544
},
{
    "fields": {
        "updated": "2014-09-24T05:35:20.242Z",
        "contentProvider": 41,
        "origin_server_id": 1022,
        "description": "test",
        "created": "2014-09-23T22:35:43.276Z",
        "deleted": false,
        "enabled": true,
        "redirects": true,
        "protocol": "HTTP",
        "url": "venus.silicon-valley.ru:32780",
        "authenticated": false,
        "backend_status": "Provisioning in progress",
        "enacted": "2014-09-24T05:35:20.307Z"
    },
    "model": "hpc.originserver",
    "pk": 4545
},
{
    "fields": {
        "updated": "2014-09-24T05:35:20.466Z",
        "contentProvider": 41,
        "origin_server_id": 1023,
        "description": "test",
        "created": "2014-09-23T22:35:43.334Z",
        "deleted": false,
        "enabled": true,
        "redirects": true,
        "protocol": "HTTP",
        "url": "vicky.planetlab.ntua.gr:32780",
        "authenticated": false,
        "backend_status": "Provisioning in progress",
        "enacted": "2014-09-24T05:35:20.522Z"
    },
    "model": "hpc.originserver",
    "pk": 4546
},
{
    "fields": {
        "updated": "2014-09-24T05:35:20.683Z",
        "contentProvider": 41,
        "origin_server_id": 1024,
        "description": "test",
        "created": "2014-09-23T22:35:43.400Z",
        "deleted": false,
        "enabled": true,
        "redirects": true,
        "protocol": "HTTP",
        "url": "vn4.cse.wustl.edu:32780",
        "authenticated": false,
        "backend_status": "Provisioning in progress",
        "enacted": "2014-09-24T05:35:20.746Z"
    },
    "model": "hpc.originserver",
    "pk": 4547
},
{
    "fields": {
        "updated": "2014-09-24T05:35:20.916Z",
        "contentProvider": 41,
        "origin_server_id": 1025,
        "description": "test",
        "created": "2014-09-23T22:35:43.466Z",
        "deleted": false,
        "enabled": true,
        "redirects": true,
        "protocol": "HTTP",
        "url": "vn5.cse.wustl.edu:32780",
        "authenticated": false,
        "backend_status": "Provisioning in progress",
        "enacted": "2014-09-24T05:35:20.978Z"
    },
    "model": "hpc.originserver",
    "pk": 4548
},
{
    "fields": {
        "updated": "2014-09-24T05:35:21.149Z",
        "contentProvider": 41,
        "origin_server_id": 1026,
        "description": "test",
        "created": "2014-09-23T22:35:43.532Z",
        "deleted": false,
        "enabled": true,
        "redirects": true,
        "protocol": "HTTP",
        "url": "whitefall.planetlab.cs.umd.edu:32780",
        "authenticated": false,
        "backend_status": "Provisioning in progress",
        "enacted": "2014-09-24T05:35:21.210Z"
    },
    "model": "hpc.originserver",
    "pk": 4549
},
{
    "fields": {
        "updated": "2014-09-24T05:35:21.382Z",
        "contentProvider": 41,
        "origin_server_id": 1027,
        "description": "test",
        "created": "2014-09-23T22:35:43.600Z",
        "deleted": false,
        "enabled": true,
        "redirects": true,
        "protocol": "HTTP",
        "url": "www.planet-lab.org",
        "authenticated": false,
        "backend_status": "Provisioning in progress",
        "enacted": "2014-09-24T05:35:21.433Z"
    },
    "model": "hpc.originserver",
    "pk": 4550
},
{
    "fields": {
        "updated": "2014-09-24T05:35:21.599Z",
        "contentProvider": 41,
        "origin_server_id": 1028,
        "description": "test",
        "created": "2014-09-23T22:35:43.665Z",
        "deleted": false,
        "enabled": true,
        "redirects": true,
        "protocol": "HTTP",
        "url": "www.reddit.com",
        "authenticated": false,
        "backend_status": "Provisioning in progress",
        "enacted": "2014-09-24T05:35:21.657Z"
    },
    "model": "hpc.originserver",
    "pk": 4551
},
{
    "fields": {
        "updated": "2014-09-24T05:35:21.815Z",
        "contentProvider": 41,
        "origin_server_id": 1029,
        "description": "test",
        "created": "2014-09-23T22:35:43.731Z",
        "deleted": false,
        "enabled": true,
        "redirects": true,
        "protocol": "HTTP",
        "url": "www.vicci.org",
        "authenticated": false,
        "backend_status": "Provisioning in progress",
        "enacted": "2014-09-24T05:35:21.872Z"
    },
    "model": "hpc.originserver",
    "pk": 4552
},
{
    "fields": {
        "updated": "2014-09-24T05:35:22.032Z",
        "contentProvider": 41,
        "origin_server_id": 1030,
        "description": "test",
        "created": "2014-09-23T22:35:43.797Z",
        "deleted": false,
        "enabled": true,
        "redirects": true,
        "protocol": "HTTP",
        "url": "www.xkcd.org",
        "authenticated": false,
        "backend_status": "Provisioning in progress",
        "enacted": "2014-09-24T05:35:22.095Z"
    },
    "model": "hpc.originserver",
    "pk": 4553
},
{
    "fields": {
        "updated": "2014-09-24T05:35:22.316Z",
        "contentProvider": 41,
        "origin_server_id": 1031,
        "description": "test",
        "created": "2014-09-23T22:35:43.864Z",
        "deleted": false,
        "enabled": true,
        "redirects": true,
        "protocol": "HTTP",
        "url": "zoi.di.uoa.gr:32780",
        "authenticated": false,
        "backend_status": "Provisioning in progress",
        "enacted": "2014-09-24T05:35:22.385Z"
    },
    "model": "hpc.originserver",
    "pk": 4554
},
{
    "fields": {
        "updated": "2014-09-24T05:35:22.540Z",
        "contentProvider": 42,
        "origin_server_id": 1032,
        "description": "test",
        "created": "2014-09-23T22:35:43.931Z",
        "deleted": false,
        "enabled": true,
        "redirects": true,
        "protocol": "HTTP",
        "url": "s3.amazonaws.com",
        "authenticated": false,
        "backend_status": "Provisioning in progress",
        "enacted": "2014-09-24T05:35:22.600Z"
    },
    "model": "hpc.originserver",
    "pk": 4555
},
{
    "fields": {
        "updated": "2014-09-24T05:35:22.756Z",
        "contentProvider": 40,
        "origin_server_id": 1033,
        "description": "duke origin server test",
        "created": "2014-09-23T22:35:43.997Z",
        "deleted": false,
        "enabled": true,
        "redirects": true,
        "protocol": "HTTP",
        "url": "origin-cdn-test.dku.duke.edu",
        "authenticated": false,
        "backend_status": "Provisioning in progress",
        "enacted": "2014-09-24T05:35:22.841Z"
    },
    "model": "hpc.originserver",
    "pk": 4556
},
{
    "fields": {
        "updated": "2014-09-24T05:35:23.006Z",
        "contentProvider": 43,
        "origin_server_id": 1034,
        "description": "fiu hospitality origin server",
        "created": "2014-09-23T22:35:44.055Z",
        "deleted": false,
        "enabled": true,
        "redirects": true,
        "protocol": "HTTP",
        "url": "131.94.232.43",
        "authenticated": false,
        "backend_status": "Provisioning in progress",
        "enacted": "2014-09-24T05:35:23.056Z"
    },
    "model": "hpc.originserver",
    "pk": 4557
},
{
    "fields": {
        "updated": "2014-09-24T05:35:23.222Z",
        "contentProvider": 43,
        "origin_server_id": 1035,
        "description": "fiu stream origin server",
        "created": "2014-09-23T22:35:44.112Z",
        "deleted": false,
        "enabled": true,
        "redirects": true,
        "protocol": "HTTP",
        "url": "stream.htm.fiu.edu",
        "authenticated": false,
        "backend_status": "Provisioning in progress",
        "enacted": "2014-09-24T05:35:23.288Z"
    },
    "model": "hpc.originserver",
    "pk": 4558
},
{
    "fields": {
        "updated": "2014-09-24T05:35:23.464Z",
        "contentProvider": 44,
        "origin_server_id": 1036,
        "description": "arizona origin server",
        "created": "2014-09-23T22:35:44.172Z",
        "deleted": false,
        "enabled": true,
        "redirects": true,
        "protocol": "HTTP",
        "url": "www.cs.arizona.edu",
        "authenticated": false,
        "backend_status": "Provisioning in progress",
        "enacted": "2014-09-24T05:35:23.520Z"
    },
    "model": "hpc.originserver",
    "pk": 4559
},
{
    "fields": {
        "updated": "2014-09-24T05:35:23.672Z",
        "contentProvider": 42,
        "origin_server_id": 1037,
        "description": "onos videos",
        "created": "2014-09-23T22:35:44.236Z",
        "deleted": false,
        "enabled": true,
        "redirects": true,
        "protocol": "HTTP",
        "url": "onos-videos.s3.amazonaws.com",
        "authenticated": false,
        "backend_status": "Provisioning in progress",
        "enacted": "2014-09-24T05:35:23.735Z"
    },
    "model": "hpc.originserver",
    "pk": 4560
},
{
    "fields": {
        "updated": "2014-09-24T05:35:23.905Z",
        "contentProvider": 41,
        "origin_server_id": 1038,
        "description": "test",
        "created": "2014-09-23T23:03:01.600Z",
        "deleted": false,
        "enabled": true,
        "redirects": true,
        "protocol": "HTTP",
        "url": "ple2.ait.ac.th:32780",
        "authenticated": false,
        "backend_status": "Provisioning in progress",
        "enacted": "2014-09-24T05:35:23.958Z"
    },
    "model": "hpc.originserver",
    "pk": 4561
},
{
    "fields": {
        "updated": "2014-09-24T00:21:48.177Z",
        "contentProvider": 42,
        "description": "CDN Prefix for ON.LAB",
        "created": "2013-12-11T23:57:20.727Z",
        "deleted": false,
        "enabled": true,
        "cdn_prefix_id": 23,
        "prefix": "onlab.vicci.org",
        "defaultOriginServer": null,
        "backend_status": "<Fault ONEVFault: 100: 'user_id 3: Update: Object does not exist, it must be created first.'>",
        "enacted": "2014-09-24T00:22:06.600Z"
    },
    "model": "hpc.cdnprefix",
    "pk": 42
},
{
    "fields": {
        "updated": "2014-09-23T23:48:26.366Z",
        "contentProvider": 36,
        "description": "",
        "created": "2014-09-23T22:40:37.541Z",
        "deleted": false,
        "enabled": true,
        "cdn_prefix_id": 10,
        "prefix": "test.vicci.org",
        "defaultOriginServer": null,
        "backend_status": "Provisioning in progress",
        "enacted": "2014-09-23T23:48:44.403Z"
    },
    "model": "hpc.cdnprefix",
    "pk": 43
},
{
    "fields": {
        "updated": "2014-09-23T23:49:03.093Z",
        "contentProvider": 37,
        "description": "",
        "created": "2014-09-23T22:40:37.635Z",
        "deleted": false,
        "enabled": true,
        "cdn_prefix_id": 11,
        "prefix": "internet2.vicci.org",
        "defaultOriginServer": null,
        "backend_status": "Provisioning in progress",
        "enacted": "2014-09-23T23:49:20.671Z"
    },
    "model": "hpc.cdnprefix",
    "pk": 44
},
{
    "fields": {
        "updated": "2014-09-26T07:32:39.961Z",
        "contentProvider": 38,
        "description": "",
        "created": "2014-09-23T22:40:37.702Z",
        "deleted": false,
        "enabled": true,
        "cdn_prefix_id": 12,
        "prefix": "nyu.cn.internet2.edu",
        "defaultOriginServer": 3887,
        "backend_status": "Provisioning in progress",
        "enacted": "2014-09-26T07:32:56.649Z"
    },
    "model": "hpc.cdnprefix",
    "pk": 45
},
{
    "fields": {
        "updated": "2014-09-23T23:50:18.912Z",
        "contentProvider": 38,
        "description": "",
        "created": "2014-09-23T22:40:37.791Z",
        "deleted": false,
        "enabled": true,
        "cdn_prefix_id": 13,
        "prefix": "nyu3.cn.internet2.edu",
        "defaultOriginServer": null,
        "backend_status": "Provisioning in progress",
        "enacted": "2014-09-23T23:50:37.354Z"
    },
    "model": "hpc.cdnprefix",
    "pk": 46
},
{
    "fields": {
        "updated": "2014-09-26T07:33:13Z",
        "contentProvider": 37,
        "description": "",
        "created": "2014-09-23T22:40:37.859Z",
        "deleted": false,
        "enabled": true,
        "cdn_prefix_id": 14,
        "prefix": "cn.internet2.edu",
        "defaultOriginServer": 3885,
        "backend_status": "Provisioning in progress",
        "enacted": "2014-09-26T07:33:29.309Z"
    },
    "model": "hpc.cdnprefix",
    "pk": 47
},
{
    "fields": {
        "updated": "2014-09-26T07:29:12.819Z",
        "contentProvider": 40,
        "description": "",
        "created": "2014-09-23T22:40:38.049Z",
        "deleted": false,
        "enabled": true,
        "cdn_prefix_id": 15,
        "prefix": "dku3.cn.internet2.edu",
        "defaultOriginServer": 3892,
        "backend_status": "Provisioning in progress",
        "enacted": "2014-09-26T07:29:29.325Z"
    },
    "model": "hpc.cdnprefix",
    "pk": 49
},
{
    "fields": {
        "updated": "2014-09-26T07:29:46.174Z",
        "contentProvider": 40,
        "description": "",
        "created": "2014-09-23T22:40:38.107Z",
        "deleted": false,
        "enabled": true,
        "cdn_prefix_id": 16,
        "prefix": "dku3b.cn.internet2.edu",
        "defaultOriginServer": 3893,
        "backend_status": "Provisioning in progress",
        "enacted": "2014-09-26T07:30:05.115Z"
    },
    "model": "hpc.cdnprefix",
    "pk": 50
},
{
    "fields": {
        "updated": "2014-09-23T23:52:45.364Z",
        "contentProvider": 41,
        "description": "",
        "created": "2014-09-23T22:40:38.165Z",
        "deleted": false,
        "enabled": true,
        "cdn_prefix_id": 17,
        "prefix": "vcoblitz.vicci.org",
        "defaultOriginServer": null,
        "backend_status": "Provisioning in progress",
        "enacted": "2014-09-23T23:53:03.144Z"
    },
    "model": "hpc.cdnprefix",
    "pk": 51
},
{
    "fields": {
        "updated": "2014-09-26T07:30:21.686Z",
        "contentProvider": 40,
        "description": "",
        "created": "2014-09-23T22:40:38.233Z",
        "deleted": false,
        "enabled": true,
        "cdn_prefix_id": 18,
        "prefix": "cdn-test.dku.duke.edu",
        "defaultOriginServer": 4556,
        "backend_status": "Provisioning in progress",
        "enacted": "2014-09-26T07:30:39.179Z"
    },
    "model": "hpc.cdnprefix",
    "pk": 52
},
{
    "fields": {
        "updated": "2014-09-26T07:31:00.920Z",
        "contentProvider": 43,
        "description": "",
        "created": "2014-09-23T22:40:38.299Z",
        "deleted": false,
        "enabled": true,
        "cdn_prefix_id": 19,
        "prefix": "hospitality.fiu.edu",
        "defaultOriginServer": 4557,
        "backend_status": "Provisioning in progress",
        "enacted": "2014-09-26T07:31:17.451Z"
    },
    "model": "hpc.cdnprefix",
    "pk": 53
},
{
    "fields": {
        "updated": "2014-09-26T07:18:37.383Z",
        "contentProvider": 43,
        "description": "a",
        "created": "2014-09-23T22:40:38.364Z",
        "deleted": false,
        "enabled": true,
        "cdn_prefix_id": 20,
        "prefix": "cdn-stream.htm.fiu.edu",
        "defaultOriginServer": 4558,
        "backend_status": "<Fault ONEVFault: 100: 'user_id 3: Update: Can not set read only attribute cdn_prefix'>",
        "enacted": "2014-09-26T07:18:53.631Z"
    },
    "model": "hpc.cdnprefix",
    "pk": 54
},
{
    "fields": {
        "updated": "2014-09-26T07:31:34.092Z",
        "contentProvider": 44,
        "description": "",
        "created": "2014-09-23T22:40:38.439Z",
        "deleted": false,
        "enabled": true,
        "cdn_prefix_id": 21,
        "prefix": "test-cdn.opencloud.us",
        "defaultOriginServer": 4559,
        "backend_status": "Provisioning in progress",
        "enacted": "2014-09-26T07:31:50.307Z"
    },
    "model": "hpc.cdnprefix",
    "pk": 55
},
{
    "fields": {
        "updated": "2014-09-26T07:32:06.822Z",
        "contentProvider": 40,
        "description": "",
        "created": "2014-09-23T23:03:03.737Z",
        "deleted": false,
        "enabled": true,
        "cdn_prefix_id": 22,
        "prefix": "dku.cn.internet2.edu",
        "defaultOriginServer": 3891,
        "backend_status": "Provisioning in progress",
        "enacted": "2014-09-26T07:32:23.449Z"
    },
    "model": "hpc.cdnprefix",
    "pk": 56
},
{
    "fields": {
        "behindNat": false,
        "defaultAction": "best",
        "defaultTTL": 30,
        "lastResortAction": "random",
        "maxAnswers": 3
    },
    "model": "requestrouter.requestrouterservice",
    "pk": 10
},
{
    "fields": {
        "updated": "2013-12-17T18:08:58.293Z",
        "created": "2013-12-17T18:08:58.293Z",
        "deleted": false,
        "site": 24,
        "role": 1,
        "user": 15,
        "backend_status": "Provisioning in progress",
        "enacted": "2014-04-03T20:20:23.910Z"
    },
    "model": "core.siteprivilege",
    "pk": 1
},
{
    "fields": {
        "updated": "2014-04-10T15:22:14.069Z",
        "created": "2014-04-10T15:22:14.069Z",
        "deleted": false,
        "site": 10,
        "role": 1,
        "user": 22,
        "backend_status": "Provisioning in progress",
        "enacted": "2014-04-10T15:59:44.694Z"
    },
    "model": "core.siteprivilege",
    "pk": 3
},
{
    "fields": {
        "updated": "2014-06-27T14:24:59.739Z",
        "created": "2014-06-27T14:24:59.739Z",
        "deleted": false,
        "site": 22,
        "role": 1,
        "user": 40,
        "backend_status": "Provisioning in progress",
        "enacted": "2014-08-02T18:37:29.085Z"
    },
    "model": "core.siteprivilege",
    "pk": 4
},
{
    "fields": {
        "updated": "2014-06-30T11:10:08.792Z",
        "created": "2014-06-30T11:10:08.792Z",
        "deleted": false,
        "site": 25,
        "role": 1,
        "user": 40,
        "backend_status": "AuthorizationFailure(\"Authorization Failed: unsupported operand type(s) for +: 'NoneType' and 'str'\",)",
        "enacted": null
    },
    "model": "core.siteprivilege",
    "pk": 5
}
]
